{"type":"FeatureCollection","features":[{"type":"Feature","id":1133,"geometry":{"type":"Point","coordinates":[-74.140975880999974,4.6032000210000206]},"properties":{"OBJECTID":1133,"LOCCODIGO":"08","LOCNOMBRE":"Kennedy","PVODIRECCI":"CLL 40 B Sur # 57 - 26 / CRA 68I # 39D - 04 Sur","PVONSITIO":"Villanueva","PVONOMBRE":"Colegio Distrital Alfonso López Pumarejo - Sede B","PVONPUESTO":"36","PVOCODIGO":"160010836"}},{"type":"Feature","id":1134,"geometry":{"type":"Point","coordinates":[-74.166836285999977,4.6369408639999961]},"properties":{"OBJECTID":1134,"LOCCODIGO":"08","LOCNOMBRE":"Kennedy","PVODIRECCI":"CRA 87 H Bis # 39 A-23 Sur / CRA 87 H Bis # 39 - 23 Sur","PVONSITIO":"Col. Distrital Jairo Aníbal Niño","PVONOMBRE":"Colegio Distrital Patio Bonito","PVONPUESTO":"37","PVOCODIGO":"160010837"}},{"type":"Feature","id":1135,"geometry":{"type":"Point","coordinates":[-74.170399481000004,4.6197303179999949]},"properties":{"OBJECTID":1135,"LOCCODIGO":"08","LOCNOMBRE":"Kennedy","PVODIRECCI":"CRA 80 D # 48 A - 17 Sur","PVONSITIO":"Salón Comunal Almenar","PVONOMBRE":"Salón Comunal","PVONPUESTO":"39","PVOCODIGO":"160010839"}},{"type":"Feature","id":1136,"geometry":{"type":"Point","coordinates":[-74.136172789999989,4.6049352790000171]},"properties":{"OBJECTID":1136,"LOCCODIGO":"08","LOCNOMBRE":"Kennedy","PVODIRECCI":"CLL 37 B Sur # 68 D - 93","PVONSITIO":"Colegio Alquería","PVONOMBRE":"Colegio Distrital Alquería","PVONPUESTO":"40","PVOCODIGO":"160010840"}},{"type":"Feature","id":1137,"geometry":{"type":"Point","coordinates":[-74.152582127000016,4.6023629100000107]},"properties":{"OBJECTID":1137,"LOCCODIGO":"08","LOCNOMBRE":"Kennedy","PVODIRECCI":"CLL 48 B # 72 K - 13 Sur","PVONSITIO":"Boita","PVONOMBRE":"Salón Comunal Boita 1 Sector","PVONPUESTO":"41","PVOCODIGO":"160010841"}},{"type":"Feature","id":1138,"geometry":{"type":"Point","coordinates":[-74.158550860999981,4.6098393419999866]},"properties":{"OBJECTID":1138,"LOCCODIGO":"08","LOCNOMBRE":"Kennedy","PVODIRECCI":"CRA 74 # 42 G - 52 Sur","PVONSITIO":"Col de Timiza","PVONOMBRE":"Col de Timiza","PVONPUESTO":"42","PVOCODIGO":"160010842"}},{"type":"Feature","id":1139,"geometry":{"type":"Point","coordinates":[-74.172208657999988,4.6345964619999904]},"properties":{"OBJECTID":1139,"LOCCODIGO":"08","LOCNOMBRE":"Kennedy","PVODIRECCI":"CLL 42 F Sur # 88 A - 25","PVONSITIO":"Col. Dis. Hernando Durán Dussan","PVONOMBRE":"Colegio Distrital Hernando Durán Dussan","PVONPUESTO":"43","PVOCODIGO":"160010843"}},{"type":"Feature","id":1140,"geometry":{"type":"Point","coordinates":[-74.169408013999998,4.6406452300000183]},"properties":{"OBJECTID":1140,"LOCCODIGO":"08","LOCNOMBRE":"Kennedy","PVODIRECCI":"CRA 90 A # 39 - 12 Sur","PVONSITIO":"Col. Dis. Rodrigo de Triana - Sede B","PVONOMBRE":"Colegio Distrital Rodrigo de Triana - Sede B","PVONPUESTO":"44","PVOCODIGO":"160010844"}},{"type":"Feature","id":1141,"geometry":{"type":"Point","coordinates":[-74.174675974000024,4.6417427779999798]},"properties":{"OBJECTID":1141,"LOCCODIGO":"08","LOCNOMBRE":"Kennedy","PVODIRECCI":"CRA 93 A # 42 A - 37 Sur","PVONSITIO":"Col. Dis. Eduardo Umaña Luna","PVONOMBRE":"Colegio Distrital Eduardo Umaña Luna","PVONPUESTO":"45","PVOCODIGO":"160010845"}},{"type":"Feature","id":1142,"geometry":{"type":"Point","coordinates":[-74.168784780999999,4.6303490860000238]},"properties":{"OBJECTID":1142,"LOCCODIGO":"08","LOCNOMBRE":"Kennedy","PVODIRECCI":"AV Ciudad de Cali # 42 B - 51 Sur / AV CRA 86 # 42 B - 51 Sur","PVONSITIO":"Milenio Plaza","PVONOMBRE":"Centro Comercial Milenio Plaza","PVONPUESTO":"47","PVOCODIGO":"160010847"}},{"type":"Feature","id":1143,"geometry":{"type":"Point","coordinates":[-74.149926826000012,4.6438946229999942]},"properties":{"OBJECTID":1143,"LOCCODIGO":"08","LOCNOMBRE":"Kennedy","PVODIRECCI":"CRA 82 Bis # 7 D - 12","PVONSITIO":"Liceo El Castillo","PVONOMBRE":"Colegio Privado El Castillo","PVONPUESTO":"46","PVOCODIGO":"160010846"}},{"type":"Feature","id":1144,"geometry":{"type":"Point","coordinates":[-74.156530337999982,4.6445414359999972]},"properties":{"OBJECTID":1144,"LOCCODIGO":"08","LOCNOMBRE":"Kennedy","PVODIRECCI":"CRA 87 A # 6 A - 23 / CRA 88 # 6 A - 28","PVONSITIO":"Col. Gabriel Betancourt Mejia","PVONOMBRE":"Colegio Distrital Gabriel Betancourt Mejía","PVONPUESTO":"48","PVOCODIGO":"160010848"}},{"type":"Feature","id":1145,"geometry":{"type":"Point","coordinates":[-74.157967435999979,4.6368686819999994]},"properties":{"OBJECTID":1145,"LOCCODIGO":"08","LOCNOMBRE":"Kennedy","PVODIRECCI":"CLL 5 A Sur # 82 - 63 / CLL 5 A Sur # 82 - 01","PVONSITIO":"María Paz","PVONOMBRE":"Salón Comunal María Paz","PVONPUESTO":"49","PVOCODIGO":"160010849"}},{"type":"Feature","id":1146,"geometry":{"type":"Point","coordinates":[-74.177909682000006,4.6358537130000173]},"properties":{"OBJECTID":1146,"LOCCODIGO":"08","LOCNOMBRE":"Kennedy","PVODIRECCI":"CRA 91 # 43 - 98 Sur / CRA 90 A # 46 - 50 Sur","PVONSITIO":"Colegio Nelson Mandela","PVONOMBRE":"Colegio Disitrital Nelson Mandela","PVONPUESTO":"50","PVOCODIGO":"160010850"}},{"type":"Feature","id":1147,"geometry":{"type":"Point","coordinates":[-74.171202006999977,4.6088932559999876]},"properties":{"OBJECTID":1147,"LOCCODIGO":"08","LOCNOMBRE":"Kennedy","PVODIRECCI":"CLL 56 A Sur # 78 A - 20","PVONSITIO":"Colegio Class I.E.D. Sede B","PVONOMBRE":"Colegio Distrital Class - Sede B","PVONPUESTO":"52","PVOCODIGO":"160010852"}},{"type":"Feature","id":1148,"geometry":{"type":"Point","coordinates":[-74.166413583000008,4.6114376419999985]},"properties":{"OBJECTID":1148,"LOCCODIGO":"08","LOCNOMBRE":"Kennedy","PVODIRECCI":"CLL 49 Sur # 78 - 35","PVONSITIO":"Col. Dis. Villa Rica - sede B","PVONOMBRE":"Colegio Distrital Villa Rica - Sede B","PVONPUESTO":"54","PVOCODIGO":"160010854"}},{"type":"Feature","id":1149,"geometry":{"type":"Point","coordinates":[-74.175584647999983,4.625827935000018]},"properties":{"OBJECTID":1149,"LOCCODIGO":"08","LOCNOMBRE":"Kennedy","PVODIRECCI":"TRV 85 A # 49 - 45 Sur","PVONSITIO":"Colegio Jaime Garzón","PVONOMBRE":"Colegio Distrital Jaime Garzón","PVONPUESTO":"55","PVOCODIGO":"160010855"}},{"type":"Feature","id":1150,"geometry":{"type":"Point","coordinates":[-74.183135063000009,4.617969587999994]},"properties":{"OBJECTID":1150,"LOCCODIGO":"08","LOCNOMBRE":"Kennedy","PVODIRECCI":"CRA 84 A # 57 B - 04 Sur / CRA 84 A # 57 B - 22 Sur","PVONSITIO":"Colegio Debora Arango","PVONOMBRE":"Colegio Distrital Debora Arango Pérez","PVONPUESTO":"56","PVOCODIGO":"160010856"}},{"type":"Feature","id":1151,"geometry":{"type":"Point","coordinates":[-74.144505378000019,4.6726351730000033]},"properties":{"OBJECTID":1151,"LOCCODIGO":"09","LOCNOMBRE":"Fontibon","PVODIRECCI":"CRA 99 CLL 17 A Esquina / CRA 99 # 17A - 62","PVONSITIO":"Fontibón","PVONOMBRE":"Colegio Parroquial San Pedro Claver","PVONPUESTO":"1","PVOCODIGO":"160010901"}},{"type":"Feature","id":1152,"geometry":{"type":"Point","coordinates":[-74.139184651999983,4.6725942279999799]},"properties":{"OBJECTID":1152,"LOCCODIGO":"09","LOCNOMBRE":"Fontibon","PVODIRECCI":"CLL 20 D # 96 G - 51","PVONSITIO":"Villemar","PVONOMBRE":"Colegio Distrital Villemar El Carmen","PVONPUESTO":"2","PVOCODIGO":"160010902"}},{"type":"Feature","id":1153,"geometry":{"type":"Point","coordinates":[-74.130546836000008,4.6642036050000115]},"properties":{"OBJECTID":1153,"LOCCODIGO":"09","LOCNOMBRE":"Fontibon","PVODIRECCI":"CLL 20 # 82 - 52","PVONSITIO":"Hayuelos Centro Comercial","PVONOMBRE":"Centro Comercial Hayuelos","PVONPUESTO":"3","PVOCODIGO":"160010903"}},{"type":"Feature","id":1154,"geometry":{"type":"Point","coordinates":[-74.147310254999979,4.6784339459999842]},"properties":{"OBJECTID":1154,"LOCCODIGO":"09","LOCNOMBRE":"Fontibon","PVODIRECCI":"CRA 106 # 18 - 77","PVONSITIO":"Belén","PVONOMBRE":"Colegio Integrado de Fontibón","PVONPUESTO":"4","PVOCODIGO":"160010904"}},{"type":"Feature","id":1155,"geometry":{"type":"Point","coordinates":[-74.15887107399999,4.6889932330000192]},"properties":{"OBJECTID":1155,"LOCCODIGO":"09","LOCNOMBRE":"Fontibon","PVODIRECCI":"CLL 17 D # 123 B - 37","PVONSITIO":"San Pablo La Perla","PVONOMBRE":"Colegio Distrital Antonio Van Üden","PVONPUESTO":"5","PVOCODIGO":"160010905"}},{"type":"Feature","id":1156,"geometry":{"type":"Point","coordinates":[-74.137709417999986,4.6794463990000281]},"properties":{"OBJECTID":1156,"LOCCODIGO":"09","LOCNOMBRE":"Fontibon","PVODIRECCI":"CRA 101 # 23 - 42","PVONSITIO":"Veracruz","PVONOMBRE":"Colegio Distrital República de Costa Rica - Sede C","PVONPUESTO":"7","PVOCODIGO":"160010907"}},{"type":"Feature","id":1352,"geometry":{"type":"Point","coordinates":[-74.143583008999997,4.5922324250000202]},"properties":{"OBJECTID":1352,"LOCCODIGO":"06","LOCNOMBRE":"Tunjuelito","PVODIRECCI":"CRA 55 # 49 - 25 Sur /\nCRA 55 # 49 - 55 Sur\n","PVONSITIO":"Venecia \"A\"","PVONOMBRE":"Colegio Distrital Venecia - Sede A","PVONPUESTO":"9","PVOCODIGO":"160010609"}},{"type":"Feature","id":1353,"geometry":{"type":"Point","coordinates":[-74.147599576999994,4.5861231549999957]},"properties":{"OBJECTID":1353,"LOCCODIGO":"06","LOCNOMBRE":"Tunjuelito","PVODIRECCI":"CRA 59 # 52 A - 30 Sur /\nCRA 61 B # 52 A - 20 Sur","PVONSITIO":"Nuevo Muzu \"A\"","PVONOMBRE":"Colegio Distrital Venecia - Sede B","PVONPUESTO":"10","PVOCODIGO":"160010610"}},{"type":"Feature","id":1354,"geometry":{"type":"Point","coordinates":[-74.152506801000015,4.5892113849999987]},"properties":{"OBJECTID":1354,"LOCCODIGO":"06","LOCNOMBRE":"Tunjuelito","PVODIRECCI":"CLL 67 B Sur # 63 - 19","PVONSITIO":"Isla del Sol","PVONOMBRE":"Colegio Distrital Isla del Sol","PVONPUESTO":"11","PVOCODIGO":"160010611"}},{"type":"Feature","id":1355,"geometry":{"type":"Point","coordinates":[-74.134800573000007,4.5913099350000266]},"properties":{"OBJECTID":1355,"LOCCODIGO":"06","LOCNOMBRE":"Tunjuelito","PVODIRECCI":"DIAG 49 Sur # 48 - 71 / \nDIAG 49 Sur # 51 D - 05","PVONSITIO":"Venecia \"B\"","PVONOMBRE":"Colegio Nuestra Señora de Fátima Policía Nacional\n","PVONPUESTO":"12","PVOCODIGO":"160010612"}},{"type":"Feature","id":1356,"geometry":{"type":"Point","coordinates":[-74.185780131000001,4.6115850410000121]},"properties":{"OBJECTID":1356,"LOCCODIGO":"07","LOCNOMBRE":"Bosa","PVODIRECCI":"CLL 63 Sur # 81 A - 30","PVONSITIO":"Bosa","PVONOMBRE":"Colegio Distrital Argelia","PVONPUESTO":"1","PVOCODIGO":"160010701"}},{"type":"Feature","id":1357,"geometry":{"type":"Point","coordinates":[-74.157387368000002,4.6022254160000102]},"properties":{"OBJECTID":1357,"LOCCODIGO":"07","LOCNOMBRE":"Bosa","PVODIRECCI":"CLL 55 A # 66 - 50 Sur","PVONSITIO":"Villa del Río","PVONOMBRE":"Salón Comunal Villa del Río","PVONPUESTO":"2","PVOCODIGO":"160010702"}},{"type":"Feature","id":1358,"geometry":{"type":"Point","coordinates":[-74.197565333999989,4.6057147280000095]},"properties":{"OBJECTID":1358,"LOCCODIGO":"07","LOCNOMBRE":"Bosa","PVODIRECCI":"CLL 72 Sur # 79 D - 33 / \nCLL 72 B Sur # 79 D - 06","PVONSITIO":"Carlos Albán","PVONOMBRE":"Colegio Distrital Carlos Albán Holguín - Sede A","PVONPUESTO":"5","PVOCODIGO":"160010705"}},{"type":"Feature","id":1359,"geometry":{"type":"Point","coordinates":[-74.19449057700001,4.6251253799999859]},"properties":{"OBJECTID":1359,"LOCCODIGO":"07","LOCNOMBRE":"Bosa","PVODIRECCI":"CRA 88 C # 66 A - 03 Sur","PVONSITIO":"La Libertad","PVONOMBRE":"Colegio Distrital José Francisco Socarrás","PVONPUESTO":"6","PVOCODIGO":"160010706"}},{"type":"Feature","id":1360,"geometry":{"type":"Point","coordinates":[-74.190748598000027,4.6068683180000107]},"properties":{"OBJECTID":1360,"LOCCODIGO":"07","LOCNOMBRE":"Bosa","PVODIRECCI":"CLL 68 A Sur # 80 H - 05","PVONSITIO":"Piamonte","PVONOMBRE":"Colegio Distrital Fernando Mazuera Villegas","PVONPUESTO":"7","PVOCODIGO":"160010707"}},{"type":"Feature","id":1361,"geometry":{"type":"Point","coordinates":[-74.180697172999999,4.6013172930000223]},"properties":{"OBJECTID":1361,"LOCCODIGO":"07","LOCNOMBRE":"Bosa","PVODIRECCI":"CRA 78 ENTRE CLL 60A Sur Y CLL 63 Sur","PVONSITIO":"La Estación","PVONOMBRE":"La Estación","PVONPUESTO":"8","PVOCODIGO":"160010708"}},{"type":"Feature","id":1362,"geometry":{"type":"Point","coordinates":[-74.200155058999997,4.6090590129999782]},"properties":{"OBJECTID":1362,"LOCCODIGO":"07","LOCNOMBRE":"Bosa","PVODIRECCI":"CRA 80 K # 73 F - 29 Sur","PVONSITIO":"Laureles","PVONOMBRE":"Colegio Distrital Gran Colombiano - Sede B","PVONPUESTO":"9","PVOCODIGO":"160010709"}},{"type":"Feature","id":1363,"geometry":{"type":"Point","coordinates":[-74.193645801999992,4.6118718349999881]},"properties":{"OBJECTID":1363,"LOCCODIGO":"07","LOCNOMBRE":"Bosa","PVODIRECCI":"CLL 70 A Sur # 81 G - 13","PVONSITIO":"Palestina","PVONOMBRE":"Colegio Distrital Porfilio Barba Jacob","PVONPUESTO":"10","PVOCODIGO":"160010710"}},{"type":"Feature","id":1364,"geometry":{"type":"Point","coordinates":[-74.186968117999982,4.6254450989999896]},"properties":{"OBJECTID":1364,"LOCCODIGO":"07","LOCNOMBRE":"Bosa","PVODIRECCI":"CLL 57 Sur # 87 H - 03 / \nCLL 57 Sur # 87 G - 35","PVONSITIO":"Orlando Higuita","PVONOMBRE":"Colegio Distrital Orlando Higuita Rojas","PVONPUESTO":"11","PVOCODIGO":"160010711"}},{"type":"Feature","id":1365,"geometry":{"type":"Point","coordinates":[-74.194433387000004,4.5993502910000075]},"properties":{"OBJECTID":1365,"LOCCODIGO":"07","LOCNOMBRE":"Bosa","PVODIRECCI":"CLL 71 Bis Sur # 77 I - 21","PVONSITIO":"Bosa Paulo VI","PVONOMBRE":"Colegio Distrital Paulo de Tarso - Sede B","PVONPUESTO":"12","PVOCODIGO":"160010712"}},{"type":"Feature","id":1366,"geometry":{"type":"Point","coordinates":[-74.18158176899999,4.6279581269999994]},"properties":{"OBJECTID":1366,"LOCCODIGO":"07","LOCNOMBRE":"Bosa","PVODIRECCI":"CLL 52 A Sur # 87 D - 45","PVONSITIO":"Bosa Brasilia","PVONOMBRE":"Colegio Distrital Brasilia","PVONPUESTO":"13","PVOCODIGO":"160010713"}},{"type":"Feature","id":1367,"geometry":{"type":"Point","coordinates":[-74.200357730999997,4.6161627710000062]},"properties":{"OBJECTID":1367,"LOCCODIGO":"07","LOCNOMBRE":"Bosa","PVODIRECCI":"CRA 86 # 74 - 00 Sur","PVONSITIO":"Islandia","PVONOMBRE":"Colegio Distrital Alfonso Reyes Echandía\nAlfonso Reyes Echandía","PVONPUESTO":"14","PVOCODIGO":"160010714"}},{"type":"Feature","id":1368,"geometry":{"type":"Point","coordinates":[-74.105263315999991,4.6995681089999835]},"properties":{"OBJECTID":1368,"LOCCODIGO":"10","LOCNOMBRE":"Engativá","PVODIRECCI":"DIAG 74 B # 87 - 40","PVONSITIO":"Florencia","PVONOMBRE":"Colegio Distrital Nidia Quintero de Turbay - Sede B","PVONPUESTO":"24","PVOCODIGO":"160011024"}},{"type":"Feature","id":1369,"geometry":{"type":"Point","coordinates":[-74.119088196999996,4.5798850190000167]},"properties":{"OBJECTID":1369,"LOCCODIGO":"18","LOCNOMBRE":"Rafael Uribe Uribe","PVODIRECCI":"CLL 37 Sur # 23 - 51","PVONSITIO":"Central Quiroga","PVONOMBRE":"Colegio Distrital Bravo Páez","PVONPUESTO":"11","PVOCODIGO":"160011811"}},{"type":"Feature","id":1370,"geometry":{"type":"Point","coordinates":[-74.112867735000009,4.5743693090000193]},"properties":{"OBJECTID":1370,"LOCCODIGO":"18","LOCNOMBRE":"Rafael Uribe Uribe","PVODIRECCI":"DIAG 32 B Sur # 15 C - 25 / \nDIAG 32 B Sur # 13 B - 17","PVONSITIO":"Las Colinas","PVONOMBRE":"Colegio Distrital José Marti - Sede B","PVONPUESTO":"13","PVOCODIGO":"160011813"}},{"type":"Feature","id":1371,"geometry":{"type":"Point","coordinates":[-74.102455410000005,4.5681729899999937]},"properties":{"OBJECTID":1371,"LOCCODIGO":"18","LOCNOMBRE":"Rafael Uribe Uribe","PVODIRECCI":"CRA 10 # 31 - 29 Sur","PVONSITIO":"Country Sur","PVONOMBRE":"Colegio Distrital Enrique Olaya Herrera","PVONPUESTO":"14","PVOCODIGO":"160011814"}},{"type":"Feature","id":1372,"geometry":{"type":"Point","coordinates":[-74.107891062000022,4.7017276380000226]},"properties":{"OBJECTID":1372,"LOCCODIGO":"10","LOCNOMBRE":"Engativá","PVODIRECCI":"CLL 75 # 90 - 75","PVONSITIO":"Santa Rosita","PVONOMBRE":"Colegio Distrital Nidia Quintero de Turbay - Sede A","PVONPUESTO":"25","PVOCODIGO":"160011025"}},{"type":"Feature","id":1373,"geometry":{"type":"Point","coordinates":[-74.10385844000001,4.7076120699999819]},"properties":{"OBJECTID":1373,"LOCCODIGO":"10","LOCNOMBRE":"Engativá","PVODIRECCI":"CRA 92 # 82 - 20","PVONSITIO":"Quirigua","PVONOMBRE":"Colegio Distrital República de China","PVONPUESTO":"26","PVOCODIGO":"160011026"}},{"type":"Feature","id":1374,"geometry":{"type":"Point","coordinates":[-74.096538549000002,4.7033758630000193]},"properties":{"OBJECTID":1374,"LOCCODIGO":"10","LOCNOMBRE":"Engativá","PVODIRECCI":"CRA 82 A # 82 D - 34 / \nCRA 82 A # 82 D - 40","PVONSITIO":"La Española","PVONOMBRE":"Colegio Distrital Jorge Gaitán Cortés - Sede A","PVONPUESTO":"27","PVOCODIGO":"160011027"}},{"type":"Feature","id":1375,"geometry":{"type":"Point","coordinates":[-74.09033767699998,4.6981292520000011]},"properties":{"OBJECTID":1375,"LOCCODIGO":"10","LOCNOMBRE":"Engativá","PVODIRECCI":"TRV 74 # 81 C - 05","PVONSITIO":"Minuto de Dios","PVONOMBRE":"Colegio Minuto de Dios","PVONPUESTO":"28","PVOCODIGO":"160011028"}},{"type":"Feature","id":1376,"geometry":{"type":"Point","coordinates":[-74.094999033000022,4.7086318760000268]},"properties":{"OBJECTID":1376,"LOCCODIGO":"10","LOCNOMBRE":"Engativá","PVODIRECCI":"CRA 85 # 88 - 99 / \nCRA 85 # 88 - 91","PVONSITIO":"La Serena","PVONOMBRE":"Colegio Distrital Simón Bolívar - Sede B","PVONPUESTO":"29","PVOCODIGO":"160011029"}},{"type":"Feature","id":1377,"geometry":{"type":"Point","coordinates":[-74.10182822500002,4.7186356340000088]},"properties":{"OBJECTID":1377,"LOCCODIGO":"10","LOCNOMBRE":"Engativá","PVODIRECCI":"CLL 90 A # 95 D - 56","PVONSITIO":"Bachue","PVONOMBRE":"Colegio Técnico Distrital Laureano Gómez - Sede B","PVONPUESTO":"30","PVOCODIGO":"160011030"}},{"type":"Feature","id":1378,"geometry":{"type":"Point","coordinates":[-74.105896126999994,4.7123957759999939]},"properties":{"OBJECTID":1378,"LOCCODIGO":"10","LOCNOMBRE":"Engativá","PVODIRECCI":"CLL 83 # 95 D - 04","PVONSITIO":"Bachue II - Bochica I","PVONOMBRE":"Sede Social Edificio Comunal Bochica 1","PVONPUESTO":"32","PVOCODIGO":"160011032"}},{"type":"Feature","id":1379,"geometry":{"type":"Point","coordinates":[-74.134306982999988,4.7050674490000119]},"properties":{"OBJECTID":1379,"LOCCODIGO":"10","LOCNOMBRE":"Engativá","PVODIRECCI":"CLL 65 # 112 A - 39","PVONSITIO":"Villa Gladys","PVONOMBRE":"Colegio Distrital Antonio Villavicencio - Sede A","PVONPUESTO":"33","PVOCODIGO":"160011033"}},{"type":"Feature","id":1380,"geometry":{"type":"Point","coordinates":[-74.122380738999993,4.7256716019999772]},"properties":{"OBJECTID":1380,"LOCCODIGO":"10","LOCNOMBRE":"Engativá","PVODIRECCI":"CRA 116 # 80 A - 69 /\nCLL 80 A # 116 B - 10","PVONSITIO":"Cortijo","PVONOMBRE":"Parqueadero Supermanzana D - Portería 1","PVONPUESTO":"34","PVOCODIGO":"160011034"}},{"type":"Feature","id":1381,"geometry":{"type":"Point","coordinates":[-74.103972134000003,4.6859615139999846]},"properties":{"OBJECTID":1381,"LOCCODIGO":"10","LOCNOMBRE":"Engativá","PVODIRECCI":"CRA 77 A # 67 - 17","PVONSITIO":"San Marcos","PVONOMBRE":"Colegio Distrital Antonio Nariño - Sede A","PVONPUESTO":"35","PVOCODIGO":"160011035"}},{"type":"Feature","id":1382,"geometry":{"type":"Point","coordinates":[-74.111707814999988,4.6739380380000171]},"properties":{"OBJECTID":1382,"LOCCODIGO":"10","LOCNOMBRE":"Engativá","PVODIRECCI":"TRV 76 B # 51 A - 57 /\nCRA 75 # 51 A - 69","PVONSITIO":"San Ignacio","PVONOMBRE":"Colegio Distrital Marco Tulio Fernández - Sede D","PVONPUESTO":"36","PVOCODIGO":"160011036"}},{"type":"Feature","id":1383,"geometry":{"type":"Point","coordinates":[-74.098087733999989,4.6937894359999746]},"properties":{"OBJECTID":1383,"LOCCODIGO":"10","LOCNOMBRE":"Engativá","PVODIRECCI":"CRA 77 B # 74 A - 02 / \nCRA 77 B # 74 - 02","PVONSITIO":"Tabora","PVONOMBRE":"Colegio Distrital Tabora - Sede A","PVONPUESTO":"37","PVOCODIGO":"160011037"}},{"type":"Feature","id":1384,"geometry":{"type":"Point","coordinates":[-74.100150438000014,4.7063903609999898]},"properties":{"OBJECTID":1384,"LOCCODIGO":"10","LOCNOMBRE":"Engativá","PVODIRECCI":"TRV 87 A # 83 A - 48","PVONSITIO":"Los Cerezos","PVONOMBRE":"Polideportivo","PVONPUESTO":"39","PVOCODIGO":"160011039"}},{"type":"Feature","id":1385,"geometry":{"type":"Point","coordinates":[-74.113915571000007,4.7208114090000208]},"properties":{"OBJECTID":1385,"LOCCODIGO":"10","LOCNOMBRE":"Engativá","PVODIRECCI":"CLL 83 # 110 - 58","PVONSITIO":"Ciudadela Colsubsidio","PVONOMBRE":"Colegio Centro Educativo Integral Colsubsidio","PVONPUESTO":"40","PVOCODIGO":"160011040"}},{"type":"Feature","id":1386,"geometry":{"type":"Point","coordinates":[-74.081900813000004,4.6869614880000086]},"properties":{"OBJECTID":1386,"LOCCODIGO":"10","LOCNOMBRE":"Engativá","PVODIRECCI":"CRA 69 B # 79 A - 42","PVONSITIO":"Ferias II","PVONOMBRE":"Colegio Distrital Juán del Corral - Sede A","PVONPUESTO":"41","PVOCODIGO":"160011041"}},{"type":"Feature","id":1387,"geometry":{"type":"Point","coordinates":[-74.125213837999979,4.7002891419999742]},"properties":{"OBJECTID":1387,"LOCCODIGO":"10","LOCNOMBRE":"Engativá","PVODIRECCI":"CRA 105 D # 66 A - 15 /\nCRA 105 F # 66 - 33","PVONSITIO":"El Muelle","PVONOMBRE":"Colegio Colsubsidio Las Mercedes","PVONPUESTO":"42","PVOCODIGO":"160011042"}},{"type":"Feature","id":1388,"geometry":{"type":"Point","coordinates":[-74.10219662999998,4.6742961560000253]},"properties":{"OBJECTID":1388,"LOCCODIGO":"10","LOCNOMBRE":"Engativá","PVODIRECCI":"CLL 63 B # 71 A - 16","PVONSITIO":"La Cabaña","PVONOMBRE":"Colegio Distrital Marco Tulio Fernández - Sede A","PVONPUESTO":"43","PVOCODIGO":"160011043"}},{"type":"Feature","id":1389,"geometry":{"type":"Point","coordinates":[-74.11305605299998,4.6772486200000003]},"properties":{"OBJECTID":1389,"LOCCODIGO":"10","LOCNOMBRE":"Engativá","PVODIRECCI":"CLL 52 A Bis # 78 - 35 /\nTRV 85 # 52 A - 70","PVONSITIO":"Santa Cecilia","PVONOMBRE":"Salón Comunal","PVONPUESTO":"45","PVOCODIGO":"160011045"}},{"type":"Feature","id":1390,"geometry":{"type":"Point","coordinates":[-74.126301351999984,4.7105984899999953]},"properties":{"OBJECTID":1390,"LOCCODIGO":"10","LOCNOMBRE":"Engativá","PVODIRECCI":"CRA 110 B # 71 C - 45 /\nCLL 71 C # 110 B - 21","PVONSITIO":"Villa Amalia","PVONOMBRE":"Colegio Distrital Villa Amalia","PVONPUESTO":"9","PVOCODIGO":"160011009"}},{"type":"Feature","id":1391,"geometry":{"type":"Point","coordinates":[-74.098348824000027,4.7127081859999862]},"properties":{"OBJECTID":1391,"LOCCODIGO":"10","LOCNOMBRE":"Engativá","PVODIRECCI":"CRA 92 # 89 - 79 /\nCLL 89 Bis # 91 - 20","PVONSITIO":"Quirigua Plaza de mercado","PVONOMBRE":"Colegio Distrital José Asunción Silva - Sede A","PVONPUESTO":"31","PVOCODIGO":"160011031"}},{"type":"Feature","id":1392,"geometry":{"type":"Point","coordinates":[-74.090384971999981,4.7051555909999934]},"properties":{"OBJECTID":1392,"LOCCODIGO":"10","LOCNOMBRE":"Engativá","PVODIRECCI":"DIAG 83 # 73 - 12 / \nDIAG 83 # 73 A - 12 ","PVONSITIO":"El Morisco","PVONOMBRE":"Colegio Distrital Morisco","PVONPUESTO":"38","PVOCODIGO":"160011038"}},{"type":"Feature","id":1393,"geometry":{"type":"Point","coordinates":[-74.094689494000022,4.7023074620000216]},"properties":{"OBJECTID":1393,"LOCCODIGO":"10","LOCNOMBRE":"Engativá","PVODIRECCI":"DIAG 82 B # 79 - 10","PVONSITIO":"Tisquesusa","PVONOMBRE":"Salón Comunal","PVONPUESTO":"44","PVOCODIGO":"160011044"}},{"type":"Feature","id":1394,"geometry":{"type":"Point","coordinates":[-74.107978023999976,4.6962819350000018]},"properties":{"OBJECTID":1394,"LOCCODIGO":"10","LOCNOMBRE":"Engativá","PVODIRECCI":"CLL 71 B # 88 - 35","PVONSITIO":"Zarzamora","PVONOMBRE":"Sede Social Conjunto Zarzamora CAFAM","PVONPUESTO":"48","PVOCODIGO":"160011048"}},{"type":"Feature","id":1395,"geometry":{"type":"Point","coordinates":[-74.088244959000008,4.7230302649999771]},"properties":{"OBJECTID":1395,"LOCCODIGO":"11","LOCNOMBRE":"Suba","PVODIRECCI":"CLL 129 # 88B - 35","PVONSITIO":"Colegio San José de Calasanz","PVONOMBRE":"Colegio San José de Calasanz","PVONPUESTO":"2","PVOCODIGO":"160011102"}},{"type":"Feature","id":1396,"geometry":{"type":"Point","coordinates":[-74.17647344400001,4.6225018310000223]},"properties":{"OBJECTID":1396,"LOCCODIGO":"08","LOCNOMBRE":"Kennedy","PVODIRECCI":"CLL 51 C Sur # 82 A - 09","PVONSITIO":"Santa Maria de Kennedy","PVONOMBRE":"Salón Comunal Urbanización Villa Andrea","PVONPUESTO":"61","PVOCODIGO":"160010861"}},{"type":"Feature","id":1397,"geometry":{"type":"Point","coordinates":[-74.094479621999994,4.6101124009999808]},"properties":{"OBJECTID":1397,"LOCCODIGO":"14","LOCNOMBRE":"Mártires","PVODIRECCI":"CLL 10 # 29 - 64","PVONSITIO":"Ricaurte","PVONOMBRE":"Colegio Distrital Antonio Ricaurte - Sede B","PVONPUESTO":"5","PVOCODIGO":"160011405"}},{"type":"Feature","id":1398,"geometry":{"type":"Point","coordinates":[-74.087994663000018,4.6083031079999728]},"properties":{"OBJECTID":1398,"LOCCODIGO":"14","LOCNOMBRE":"Mártires","PVODIRECCI":"CRA 22 # 12 - 49","PVONSITIO":"La Estanzuela - IED Antonia Santos ","PVONOMBRE":"La Estanzuela - IED Antonia Santos ","PVONPUESTO":"6","PVOCODIGO":"160011406"}},{"type":"Feature","id":1399,"geometry":{"type":"Point","coordinates":[-74.096281109000017,4.6028772860000231]},"properties":{"OBJECTID":1399,"LOCCODIGO":"14","LOCNOMBRE":"Mártires","PVODIRECCI":"CLL 5 A # 26 A - 39","PVONSITIO":"Veraguas","PVONOMBRE":"Salón Comunal Barrio El Progreso","PVONPUESTO":"7","PVOCODIGO":"160011407"}},{"type":"Feature","id":1400,"geometry":{"type":"Point","coordinates":[-74.097696473999974,4.5947082920000071]},"properties":{"OBJECTID":1400,"LOCCODIGO":"14","LOCNOMBRE":"Mártires","PVODIRECCI":"AV CLL 1 # 24 B - 26","PVONSITIO":"Centro Crecer","PVONOMBRE":"Centro Crecer","PVONPUESTO":"8","PVOCODIGO":"160011408"}},{"type":"Feature","id":1157,"geometry":{"type":"Point","coordinates":[-74.11924086099998,4.6700497549999795]},"properties":{"OBJECTID":1157,"LOCCODIGO":"09","LOCNOMBRE":"Fontibon","PVODIRECCI":"CLL 25 B # 81 - 41 / \nCRA 81C # 24D 60","PVONSITIO":"Modelia Sur","PVONOMBRE":"Salón Múltiple Comunitario","PVONPUESTO":"8","PVOCODIGO":"160010908"}},{"type":"Feature","id":1158,"geometry":{"type":"Point","coordinates":[-74.120634585000005,4.6719576649999794]},"properties":{"OBJECTID":1158,"LOCCODIGO":"09","LOCNOMBRE":"Fontibon","PVODIRECCI":"CLL 25 B # 83 - 14","PVONSITIO":"Santa Cecilia - Modelia","PVONOMBRE":"Colegio Distrital Santa Cecilia","PVONPUESTO":"9","PVOCODIGO":"160010909"}},{"type":"Feature","id":1159,"geometry":{"type":"Point","coordinates":[-74.144643477999978,4.6706276190000153]},"properties":{"OBJECTID":1159,"LOCCODIGO":"09","LOCNOMBRE":"Fontibon","PVODIRECCI":"CRA 97 # 16 J - 15","PVONSITIO":"Centro A","PVONOMBRE":"Colegio Distrital Rodrigo Arenas Betancourt","PVONPUESTO":"10","PVOCODIGO":"160010910"}},{"type":"Feature","id":1160,"geometry":{"type":"Point","coordinates":[-74.149392451999972,4.6722456059999899]},"properties":{"OBJECTID":1160,"LOCCODIGO":"09","LOCNOMBRE":"Fontibon","PVODIRECCI":"CLL 16 F Bis # 102 - 70","PVONSITIO":"La Laguna","PVONOMBRE":"Colegio Distrital Pablo Neruda","PVONPUESTO":"11","PVOCODIGO":"160010911"}},{"type":"Feature","id":1161,"geometry":{"type":"Point","coordinates":[-74.153003241000022,4.6826835780000238]},"properties":{"OBJECTID":1161,"LOCCODIGO":"09","LOCNOMBRE":"Fontibon","PVODIRECCI":"CRA 114 # 17 C - 07","PVONSITIO":"Batavia","PVONOMBRE":"Concentración Escolar Batavia","PVONPUESTO":"12","PVOCODIGO":"160010912"}},{"type":"Feature","id":1162,"geometry":{"type":"Point","coordinates":[-74.141734789999987,4.6817253439999718]},"properties":{"OBJECTID":1162,"LOCCODIGO":"09","LOCNOMBRE":"Fontibon","PVODIRECCI":"CRA 104 B # 22 J - 15 /\nCLL 23 # 104 B - 15","PVONSITIO":"La Giralda","PVONOMBRE":"Subdirección de Integración Social","PVONPUESTO":"13","PVOCODIGO":"160010913"}},{"type":"Feature","id":1163,"geometry":{"type":"Point","coordinates":[-74.12699895999998,4.6821795600000087]},"properties":{"OBJECTID":1163,"LOCCODIGO":"09","LOCNOMBRE":"Fontibon","PVODIRECCI":"CLL 25 C Bis B # 96 - 56","PVONSITIO":"Puerta de Teja","PVONOMBRE":"Colegio Distrital Costa Rica - Sede C","PVONPUESTO":"14","PVOCODIGO":"160010914"}},{"type":"Feature","id":1164,"geometry":{"type":"Point","coordinates":[-74.118345972999975,4.6600550989999761]},"properties":{"OBJECTID":1164,"LOCCODIGO":"09","LOCNOMBRE":"Fontibon","PVODIRECCI":"CLL 23 C # 69 B - 02","PVONSITIO":"Agustiniano - Salitre","PVONOMBRE":"Colegio Agustiniano Salitre","PVONPUESTO":"16","PVOCODIGO":"160010916"}},{"type":"Feature","id":1165,"geometry":{"type":"Point","coordinates":[-74.168116397999995,4.6976638890000117]},"properties":{"OBJECTID":1165,"LOCCODIGO":"09","LOCNOMBRE":"Fontibon","PVODIRECCI":"CRA 137 A # 17 D - 31","PVONSITIO":"Puente Grande","PVONOMBRE":"Liceo Juvenil Moravia","PVONPUESTO":"17","PVOCODIGO":"160010917"}},{"type":"Feature","id":1166,"geometry":{"type":"Point","coordinates":[-74.159657631000016,4.6717395690000103]},"properties":{"OBJECTID":1166,"LOCCODIGO":"09","LOCNOMBRE":"Fontibon","PVODIRECCI":"CLL 14 A # 108 - 78","PVONSITIO":"Zona Franca","PVONOMBRE":"Colegio Distrital Carlo Federici","PVONPUESTO":"18","PVOCODIGO":"160010918"}},{"type":"Feature","id":1167,"geometry":{"type":"Point","coordinates":[-74.16613787,4.6804774479999764]},"properties":{"OBJECTID":1167,"LOCCODIGO":"09","LOCNOMBRE":"Fontibon","PVODIRECCI":"CLL 14 B # 119 A - 17","PVONSITIO":"Recodo","PVONOMBRE":"Salón Social Conjunto Residencial Fontibón Reservado","PVONPUESTO":"19","PVOCODIGO":"160010919"}},{"type":"Feature","id":1168,"geometry":{"type":"Point","coordinates":[-74.099528892000023,4.6881390720000127]},"properties":{"OBJECTID":1168,"LOCCODIGO":"10","LOCNOMBRE":"Engativá","PVODIRECCI":"CLL 71 # 75 - 11","PVONSITIO":"Boyacá","PVONOMBRE":"Colegio Distrital Manuela Ayala de Gaitán - Sede A","PVONPUESTO":"1","PVOCODIGO":"160011001"}},{"type":"Feature","id":1169,"geometry":{"type":"Point","coordinates":[-74.140958241000021,4.7162882310000214]},"properties":{"OBJECTID":1169,"LOCCODIGO":"10","LOCNOMBRE":"Engativá","PVODIRECCI":"CRA 123 # 65 A - 03 / \nCLL 65A # 123 - 38","PVONSITIO":"Engativá","PVONOMBRE":"Colegio Distrital General Santander","PVONPUESTO":"2","PVOCODIGO":"160011002"}},{"type":"Feature","id":1170,"geometry":{"type":"Point","coordinates":[-74.107902651000018,4.6619573950000017]},"properties":{"OBJECTID":1170,"LOCCODIGO":"10","LOCNOMBRE":"Engativá","PVODIRECCI":"DIAG 44 # 69 - 96","PVONSITIO":"Normandía","PVONOMBRE":"Colegio Privado Instituto Técnico Industrial Centro Don Bosco","PVONPUESTO":"3","PVOCODIGO":"160011003"}},{"type":"Feature","id":1171,"geometry":{"type":"Point","coordinates":[-74.095382604000008,4.6688059200000112]},"properties":{"OBJECTID":1171,"LOCCODIGO":"10","LOCNOMBRE":"Engativá","PVODIRECCI":"CRA 68 F # 63 B - 02","PVONSITIO":"Bosque Popular","PVONOMBRE":"Colegio Distrital Instituto Técnico Industrial Francisco Jose de Caldas - Sede A","PVONPUESTO":"4","PVOCODIGO":"160011004"}},{"type":"Feature","id":1172,"geometry":{"type":"Point","coordinates":[-74.094354056999975,4.6712155769999981]},"properties":{"OBJECTID":1172,"LOCCODIGO":"10","LOCNOMBRE":"Engativá","PVODIRECCI":"AV CLL 64 C # 68 F - 29","PVONSITIO":"El Gualí","PVONOMBRE":"Colegio Cafam Básica Primaria","PVONPUESTO":"5","PVOCODIGO":"160011005"}},{"type":"Feature","id":1173,"geometry":{"type":"Point","coordinates":[-74.101488696999979,4.678894774000014]},"properties":{"OBJECTID":1173,"LOCCODIGO":"10","LOCNOMBRE":"Engativá","PVODIRECCI":"AV Boyacá # 64 H - 39 /\nAV CRA 72 # 64 H - 39","PVONSITIO":"El Luján","PVONOMBRE":"Colegio Distrital Robert Kennedy - Sede A","PVONPUESTO":"6","PVOCODIGO":"160011006"}},{"type":"Feature","id":1174,"geometry":{"type":"Point","coordinates":[-74.106432127000005,4.6807818450000127]},"properties":{"OBJECTID":1174,"LOCCODIGO":"10","LOCNOMBRE":"Engativá","PVODIRECCI":"CLL 64 C # 76 - 23 /\nCLL 64 C # 76 - 43","PVONSITIO":"Villaluz","PVONOMBRE":"Gimnasio Los Alerces","PVONPUESTO":"7","PVOCODIGO":"160011007"}},{"type":"Feature","id":1175,"geometry":{"type":"Point","coordinates":[-74.119787948999999,4.6957056300000204]},"properties":{"OBJECTID":1175,"LOCCODIGO":"10","LOCNOMBRE":"Engativá","PVODIRECCI":"CLL 66 A # 97 A - 15","PVONSITIO":"Los Alamos","PVONOMBRE":"Colegio Cooperativo Los Álamos - \"COALAMOS\"","PVONPUESTO":"8","PVOCODIGO":"160011008"}},{"type":"Feature","id":1176,"geometry":{"type":"Point","coordinates":[-74.129719200000011,4.7160573610000256]},"properties":{"OBJECTID":1176,"LOCCODIGO":"10","LOCNOMBRE":"Engativá","PVODIRECCI":"CLL 72 F # 114 - 51","PVONSITIO":"Villas de Granada","PVONOMBRE":"Colegio Distrital Los Cerezos","PVONPUESTO":"10","PVOCODIGO":"160011010"}},{"type":"Feature","id":1177,"geometry":{"type":"Point","coordinates":[-74.122072043999992,4.7111365100000171]},"properties":{"OBJECTID":1177,"LOCCODIGO":"10","LOCNOMBRE":"Engativá","PVODIRECCI":"CRA 107 B # 74 B - 31","PVONSITIO":"Garces Navas","PVONOMBRE":"Colegio Distrital Nueva Constitución","PVONPUESTO":"11","PVOCODIGO":"160011011"}},{"type":"Feature","id":1178,"geometry":{"type":"Point","coordinates":[-74.112162291000004,4.7105707399999801]},"properties":{"OBJECTID":1178,"LOCCODIGO":"10","LOCNOMBRE":"Engativá","PVODIRECCI":"TRV 100A # 80A - 20 / \nAV CLL 80 # 100 - 50","PVONSITIO":"Bochica","PVONOMBRE":"Centro Comercial Portal 80","PVONPUESTO":"12","PVOCODIGO":"160011012"}},{"type":"Feature","id":1179,"geometry":{"type":"Point","coordinates":[-74.117370522999977,4.7103171489999909]},"properties":{"OBJECTID":1179,"LOCCODIGO":"10","LOCNOMBRE":"Engativá","PVODIRECCI":"CRA 104 A # 76 B - 09","PVONSITIO":"Los Alamos Norte","PVONOMBRE":"Colegio Distrital Garces Navas Sede A","PVONPUESTO":"13","PVOCODIGO":"160011013"}},{"type":"Feature","id":1180,"geometry":{"type":"Point","coordinates":[-74.114021234000006,4.6979562619999911]},"properties":{"OBJECTID":1180,"LOCCODIGO":"10","LOCNOMBRE":"Engativá","PVODIRECCI":"CLL 70 A # 94 - 38","PVONSITIO":"La Salina","PVONOMBRE":"Colegio Distrital Florida Blanca - Sede A","PVONPUESTO":"14","PVOCODIGO":"160011014"}},{"type":"Feature","id":1181,"geometry":{"type":"Point","coordinates":[-74.071679532000019,4.7115945880000254]},"properties":{"OBJECTID":1181,"LOCCODIGO":"11","LOCNOMBRE":"Suba","PVODIRECCI":"AV CLL 127 # 58 - 58","PVONSITIO":"Centro Comercial Bulevar Niza","PVONOMBRE":"Parqueadero Centro Comercial Bulevar Niza","PVONPUESTO":"11","PVOCODIGO":"160011111"}},{"type":"Feature","id":1182,"geometry":{"type":"Point","coordinates":[-74.108522316999995,4.7421768880000172]},"properties":{"OBJECTID":1182,"LOCCODIGO":"11","LOCNOMBRE":"Suba","PVODIRECCI":"TRV 126 # 134 - 88","PVONSITIO":"La Gaitana Sede A - IED","PVONOMBRE":"Colegio Distrital La Gaitana","PVONPUESTO":"25","PVOCODIGO":"160011125"}},{"type":"Feature","id":1183,"geometry":{"type":"Point","coordinates":[-74.070350578999978,4.6637480389999837]},"properties":{"OBJECTID":1183,"LOCCODIGO":"12","LOCNOMBRE":"Barrios Unidos","PVODIRECCI":"CRA 27 C # 71 - 80","PVONSITIO":"Los Alcázares","PVONOMBRE":"Colegio San Felipe Neri","PVONPUESTO":"15","PVOCODIGO":"160011215"}},{"type":"Feature","id":1184,"geometry":{"type":"Point","coordinates":[-74.093330497000011,4.5943392410000001]},"properties":{"OBJECTID":1184,"LOCCODIGO":"14","LOCNOMBRE":"Mártires","PVODIRECCI":"CRA 19 A Bis # 1 A - 55 / \nCRA 19 B Bis # 1 C - 55","PVONSITIO":"Eduardo Santos","PVONOMBRE":"Centro Educativo Distrital Eduardo Santos","PVONPUESTO":"10","PVOCODIGO":"160011410"}},{"type":"Feature","id":1185,"geometry":{"type":"Point","coordinates":[-74.088220976000002,4.5866030010000145]},"properties":{"OBJECTID":1185,"LOCCODIGO":"15","LOCNOMBRE":"Antonio Nariño","PVODIRECCI":"CRA 10 A Sur # 3 - 63/\nCRA 10 A # 3 - 21 Sur","PVONSITIO":"Policarpa","PVONOMBRE":"Colegio Distrital Jaime Pardo Leal","PVONPUESTO":"1","PVOCODIGO":"160011501"}},{"type":"Feature","id":1186,"geometry":{"type":"Point","coordinates":[-74.11194131100001,4.5951897869999812]},"properties":{"OBJECTID":1186,"LOCCODIGO":"15","LOCNOMBRE":"Antonio Nariño","PVODIRECCI":"AV CRA 30 # 17 B - 25 Sur/\nAV CRA 30 # 17 - 91 Sur","PVONSITIO":"SENA","PVONOMBRE":"SENA Centro Distrital (San Jorge Central)","PVONPUESTO":"13","PVOCODIGO":"160011513"}},{"type":"Feature","id":1187,"geometry":{"type":"Point","coordinates":[-74.10943884400001,4.6030504340000107]},"properties":{"OBJECTID":1187,"LOCCODIGO":"16","LOCNOMBRE":"Puente Aranda","PVODIRECCI":"CLL 1 # 34 B 20 / \nCLL 1 B # 35 - 20","PVONSITIO":"Santa Matilde","PVONOMBRE":"Colegio Distrital Marco Antonio Carreño - Sede B","PVONPUESTO":"3","PVOCODIGO":"160011603"}},{"type":"Feature","id":1188,"geometry":{"type":"Point","coordinates":[-74.106819261999988,4.6026944440000079]},"properties":{"OBJECTID":1188,"LOCCODIGO":"16","LOCNOMBRE":"Puente Aranda","PVODIRECCI":"CRA 32 B #1 D - 21","PVONSITIO":"La Asunción","PVONOMBRE":"Colegio Distrital Marco Antonio Carreño - Sede C","PVONPUESTO":"4","PVOCODIGO":"160011604"}},{"type":"Feature","id":1189,"geometry":{"type":"Point","coordinates":[-74.127520145000005,4.6085848129999931]},"properties":{"OBJECTID":1189,"LOCCODIGO":"16","LOCNOMBRE":"Puente Aranda","PVODIRECCI":"CRA 52 D # 24 - 50 Sur / \nCRA 52 D # 24 - 48 Sur","PVONSITIO":"El Tejar","PVONOMBRE":"Colegio Distrital Luis Vargas Tejada - Sede B","PVONPUESTO":"19","PVOCODIGO":"160011619"}},{"type":"Feature","id":1190,"geometry":{"type":"Point","coordinates":[-74.069176631999994,4.5987730040000088]},"properties":{"OBJECTID":1190,"LOCCODIGO":"17","LOCNOMBRE":"Candelaria","PVODIRECCI":"CLL 12D # 1A - 09 / CLL 12C # 1A - 24","PVONSITIO":"La Concordia","PVONOMBRE":"Colegio Distrital La Concordia","PVONPUESTO":"1","PVOCODIGO":"160011701"}},{"type":"Feature","id":1191,"geometry":{"type":"Point","coordinates":[-74.070019439000021,4.5929433950000202]},"properties":{"OBJECTID":1191,"LOCCODIGO":"17","LOCNOMBRE":"Candelaria","PVODIRECCI":"CRA 3 Este # 9 - 77","PVONSITIO":"Egipto","PVONOMBRE":"Escuela Nacional de Comercio -  Sede B","PVONPUESTO":"3","PVOCODIGO":"160011703"}},{"type":"Feature","id":1192,"geometry":{"type":"Point","coordinates":[-74.077135345999977,4.5916819889999942]},"properties":{"OBJECTID":1192,"LOCCODIGO":"17","LOCNOMBRE":"Candelaria","PVODIRECCI":"CLL 6 B # 5 - 75","PVONSITIO":"Archivo Distrital","PVONOMBRE":"Archivo Distrital","PVONPUESTO":"4","PVOCODIGO":"160011704"}},{"type":"Feature","id":1193,"geometry":{"type":"Point","coordinates":[-74.128418070000009,4.5830013990000111]},"properties":{"OBJECTID":1193,"LOCCODIGO":"18","LOCNOMBRE":"Rafael Uribe Uribe","PVODIRECCI":"CLL 46 Sur # 27 - 12","PVONSITIO":"Claret","PVONOMBRE":"Colegio Distrital Manuel del Socorro Rodríguez - Sede B","PVONPUESTO":"1","PVOCODIGO":"160011801"}},{"type":"Feature","id":1194,"geometry":{"type":"Point","coordinates":[-74.123415389999991,4.5833228519999807]},"properties":{"OBJECTID":1194,"LOCCODIGO":"18","LOCNOMBRE":"Rafael Uribe Uribe","PVODIRECCI":"CLL 40 Sur # 26 - 90 / \nCLL 41 Sur # 26 - 44","PVONSITIO":"Inglés","PVONOMBRE":"Colegio Distrital Restrepo Millán - Sede B","PVONPUESTO":"2","PVOCODIGO":"160011802"}},{"type":"Feature","id":1195,"geometry":{"type":"Point","coordinates":[-74.102698224999983,4.5770563720000155]},"properties":{"OBJECTID":1195,"LOCCODIGO":"18","LOCNOMBRE":"Rafael Uribe Uribe","PVODIRECCI":"CRA 13 A # 26 - 17 Sur /\nCRA 12 F # 26 - 17 Sur","PVONSITIO":"San José Rafael Uribe","PVONOMBRE":"Colegio Distrital Gustavo Restrepo - Sedes B y C","PVONPUESTO":"7","PVOCODIGO":"160011807"}},{"type":"Feature","id":1196,"geometry":{"type":"Point","coordinates":[-74.125993638000011,4.5776158219999843]},"properties":{"OBJECTID":1196,"LOCCODIGO":"18","LOCNOMBRE":"Rafael Uribe Uribe","PVODIRECCI":"TRV 23 Bis # 44 - 90 Sur","PVONSITIO":"Santa Lucía","PVONOMBRE":"Colegio Distrital Manuel del Socorro Rodríguez - Sede A","PVONPUESTO":"12","PVOCODIGO":"160011812"}},{"type":"Feature","id":1197,"geometry":{"type":"Point","coordinates":[-74.109717938000017,4.5430997209999759]},"properties":{"OBJECTID":1197,"LOCCODIGO":"18","LOCNOMBRE":"Rafael Uribe Uribe","PVODIRECCI":"TRV 2 B Bis # 49 D - 41 Sur","PVONSITIO":"Palermo Sur","PVONOMBRE":"Colegio Distrital Palermo Sur","PVONPUESTO":"23","PVOCODIGO":"160011823"}},{"type":"Feature","id":1198,"geometry":{"type":"Point","coordinates":[-74.117282525000007,4.543710448000013]},"properties":{"OBJECTID":1198,"LOCCODIGO":"18","LOCNOMBRE":"Rafael Uribe Uribe","PVODIRECCI":"DIAG 52 A Sur # 4 P - 10","PVONSITIO":"Rafael Uribe La Paz","PVONOMBRE":"Colegio Distrital La Paz","PVONPUESTO":"27","PVOCODIGO":"160011827"}},{"type":"Feature","id":1199,"geometry":{"type":"Point","coordinates":[-74.110136511000007,4.5475398759999734]},"properties":{"OBJECTID":1199,"LOCCODIGO":"18","LOCNOMBRE":"Rafael Uribe Uribe","PVODIRECCI":"DIAG 48 Z Sur # 4 B - 10","PVONSITIO":"Covivienda del Sur Oriente","PVONOMBRE":"Colegio Distrital Diana Turbay - Sede A","PVONPUESTO":"29","PVOCODIGO":"160011829"}},{"type":"Feature","id":1200,"geometry":{"type":"Point","coordinates":[-74.106881496000028,4.5423065640000004]},"properties":{"OBJECTID":1200,"LOCCODIGO":"18","LOCNOMBRE":"Rafael Uribe Uribe","PVODIRECCI":"DIAG 49 B Bis A Sur # 1 B - 35 Este","PVONSITIO":"Salón Comunal La Marqueza","PVONOMBRE":"Salón Comunal La Marqueza","PVONPUESTO":"31","PVOCODIGO":"160011831"}},{"type":"Feature","id":1201,"geometry":{"type":"Point","coordinates":[-74.120834057000025,4.5617199199999732]},"properties":{"OBJECTID":1201,"LOCCODIGO":"18","LOCNOMBRE":"Rafael Uribe Uribe","PVODIRECCI":"TRV 11 A # 49 D - 12 Sur /\n TRV 11 D # 49 D - 57 Sur","PVONSITIO":"Providencia","PVONOMBRE":"Colegio Distrital Alfredo Iriarte - Sede C","PVONPUESTO":"34","PVOCODIGO":"160011834"}},{"type":"Feature","id":1202,"geometry":{"type":"Point","coordinates":[-74.123300647999997,4.7045572729999776]},"properties":{"OBJECTID":1202,"LOCCODIGO":"10","LOCNOMBRE":"Engativá","PVODIRECCI":"CLL 70 A # 105 G - 23 / \nCLL 70 # 105 F - 28","PVONSITIO":"Plazuelas del Virrey","PVONOMBRE":"Salón Comunal Urbanización Plazuelas del Virrey","PVONPUESTO":"46","PVOCODIGO":"160011046"}},{"type":"Feature","id":1203,"geometry":{"type":"Point","coordinates":[-74.093499280000003,4.672932559000003]},"properties":{"OBJECTID":1203,"LOCCODIGO":"10","LOCNOMBRE":"Engativá","PVODIRECCI":"CLL 64 F Bis # 68 G - 16","PVONSITIO":"Ciudad de Honda","PVONOMBRE":"Colegio Distrital Instituto Técnico industrial Francisco José de Caldas - Sede B","PVONPUESTO":"47","PVOCODIGO":"160011047"}},{"type":"Feature","id":1204,"geometry":{"type":"Point","coordinates":[-74.12846496100002,4.7082914040000219]},"properties":{"OBJECTID":1204,"LOCCODIGO":"10","LOCNOMBRE":"Engativá","PVODIRECCI":"CLL 70 C # 111 - 15","PVONSITIO":"Villa Constanza","PVONOMBRE":"Salón Comunal","PVONPUESTO":"49","PVOCODIGO":"160011049"}},{"type":"Feature","id":1205,"geometry":{"type":"Point","coordinates":[-74.123700810999992,4.7130817419999858]},"properties":{"OBJECTID":1205,"LOCCODIGO":"10","LOCNOMBRE":"Engativá","PVODIRECCI":"CLL 75 # 110 A - 23","PVONSITIO":"Mortiño","PVONOMBRE":"Salón Comunal","PVONPUESTO":"50","PVOCODIGO":"160011050"}},{"type":"Feature","id":1206,"geometry":{"type":"Point","coordinates":[-74.083335847000001,4.7409315450000236]},"properties":{"OBJECTID":1206,"LOCCODIGO":"11","LOCNOMBRE":"Suba","PVODIRECCI":"CRA 90 # 146 C - 40","PVONSITIO":"Parque Fundacional de Suba","PVONOMBRE":"Parque Fundacional de Suba","PVONPUESTO":"1","PVOCODIGO":"160011101"}},{"type":"Feature","id":1207,"geometry":{"type":"Point","coordinates":[-74.093316325999979,4.7227425479999852]},"properties":{"OBJECTID":1207,"LOCCODIGO":"11","LOCNOMBRE":"Suba","PVODIRECCI":"CLL 128 Bis # 93 - 80","PVONSITIO":"Villa Elisa Sede C - IED","PVONOMBRE":"Colegio Villa Elisa Sedes C y D","PVONPUESTO":"3","PVOCODIGO":"160011103"}},{"type":"Feature","id":1208,"geometry":{"type":"Point","coordinates":[-74.093628091000028,4.7258705709999731]},"properties":{"OBJECTID":1208,"LOCCODIGO":"11","LOCNOMBRE":"Suba","PVODIRECCI":"CRA 94 C # 129 A - 04","PVONSITIO":"Gerardo Paredes - IED","PVONOMBRE":"Colegio Distrital Gerardo Paredes - Sede A","PVONPUESTO":"4","PVOCODIGO":"160011104"}},{"type":"Feature","id":1209,"geometry":{"type":"Point","coordinates":[-74.102119146999996,4.744081446999985]},"properties":{"OBJECTID":1209,"LOCCODIGO":"11","LOCNOMBRE":"Suba","PVODIRECCI":"CRA 111 A # 139 - 88","PVONSITIO":"Alberto Lleras Camargo - IED","PVONOMBRE":"Colegio Distrital Alberto Lleras Camargo","PVONPUESTO":"5","PVOCODIGO":"160011105"}},{"type":"Feature","id":1210,"geometry":{"type":"Point","coordinates":[-74.110575867000023,4.7462316169999781]},"properties":{"OBJECTID":1210,"LOCCODIGO":"11","LOCNOMBRE":"Suba","PVODIRECCI":"CRA 128 A # 139 - 13","PVONSITIO":"Tibabuyes Universal Sede A - IED","PVONOMBRE":"Colegio Distrital Tibabuyes Universal","PVONPUESTO":"6","PVOCODIGO":"160011106"}},{"type":"Feature","id":1211,"geometry":{"type":"Point","coordinates":[-74.075855994999984,4.7380403689999753]},"properties":{"OBJECTID":1211,"LOCCODIGO":"11","LOCNOMBRE":"Suba","PVODIRECCI":"CLL 146 B # 78 - 51","PVONSITIO":"Casablanca Suba","PVONOMBRE":"Parque Casablanca","PVONPUESTO":"7","PVOCODIGO":"160011107"}},{"type":"Feature","id":1212,"geometry":{"type":"Point","coordinates":[-74.053504039000018,4.7534593280000195]},"properties":{"OBJECTID":1212,"LOCCODIGO":"11","LOCNOMBRE":"Suba","PVODIRECCI":"CLL 170 # 54 A - 10","PVONSITIO":"Villa Del Prado-Uni. Agraria","PVONOMBRE":"UNIAGRARIA","PVONPUESTO":"8","PVOCODIGO":"160011108"}},{"type":"Feature","id":1213,"geometry":{"type":"Point","coordinates":[-74.057387542000015,4.7229906960000108]},"properties":{"OBJECTID":1213,"LOCCODIGO":"11","LOCNOMBRE":"Suba","PVODIRECCI":"CRA 53 # 135 - 13","PVONSITIO":"Prado Pinzón","PVONOMBRE":"Colegio Distrital Anibal Fernández de Soto","PVONPUESTO":"9","PVOCODIGO":"160011109"}},{"type":"Feature","id":1214,"geometry":{"type":"Point","coordinates":[-74.069808684000009,4.7192890069999862]},"properties":{"OBJECTID":1214,"LOCCODIGO":"11","LOCNOMBRE":"Suba","PVODIRECCI":"CLL 129 B # 58 B - 45","PVONSITIO":"Prado Ciudad Jardín","PVONOMBRE":"Colegio Distrital Gustavo Morales Morales - Sede B","PVONPUESTO":"10","PVOCODIGO":"160011110"}},{"type":"Feature","id":1215,"geometry":{"type":"Point","coordinates":[-74.074017921999996,4.6959672489999775]},"properties":{"OBJECTID":1215,"LOCCODIGO":"11","LOCNOMBRE":"Suba","PVODIRECCI":"CLL 102 A # 70 - 40","PVONSITIO":"Pontevedra","PVONOMBRE":"Colegio Distrital Santa Rosa - Sede A","PVONPUESTO":"12","PVOCODIGO":"160011112"}},{"type":"Feature","id":1216,"geometry":{"type":"Point","coordinates":[-74.07214129099998,4.7002913379999995]},"properties":{"OBJECTID":1216,"LOCCODIGO":"11","LOCNOMBRE":"Suba","PVODIRECCI":"CRA 70 C # 116 A - 12","PVONSITIO":"San Nicolás - Agustiniano Norte","PVONOMBRE":"San Nicolás - Agustiniano Norte","PVONPUESTO":"13","PVOCODIGO":"160011113"}},{"type":"Feature","id":1217,"geometry":{"type":"Point","coordinates":[-74.054173741999989,4.7171596320000049]},"properties":{"OBJECTID":1217,"LOCCODIGO":"11","LOCNOMBRE":"Suba","PVODIRECCI":"CRA 46 # 130 - 65","PVONSITIO":"Prado Veraniego","PVONOMBRE":"Colegio Distrital Prado Veraniego I - Sede A","PVONPUESTO":"15","PVOCODIGO":"160011115"}},{"type":"Feature","id":1218,"geometry":{"type":"Point","coordinates":[-74.060673034999979,4.7134958689999849]},"properties":{"OBJECTID":1218,"LOCCODIGO":"11","LOCNOMBRE":"Suba","PVODIRECCI":"CRA 53 A # 128 - 51","PVONSITIO":"Niza IX","PVONOMBRE":"Colegio Distrital Prado Veraniego II - Sede B","PVONPUESTO":"16","PVOCODIGO":"160011116"}},{"type":"Feature","id":1219,"geometry":{"type":"Point","coordinates":[-74.057485067000016,4.6988792480000257]},"properties":{"OBJECTID":1219,"LOCCODIGO":"11","LOCNOMBRE":"Suba","PVODIRECCI":"CLL 114 A # 45 - 98","PVONSITIO":"La Alhambra - Carulla","PVONOMBRE":"Parqueadero Carulla CLL 116","PVONPUESTO":"17","PVOCODIGO":"160011117"}},{"type":"Feature","id":1220,"geometry":{"type":"Point","coordinates":[-74.067240040000001,4.6979705699999954]},"properties":{"OBJECTID":1220,"LOCCODIGO":"11","LOCNOMBRE":"Suba","PVODIRECCI":"TRV 56 # 114 - 50","PVONSITIO":"Puente Largo - Emmanuel D'alzon","PVONOMBRE":"Colegio Emmanuel D'alzon","PVONPUESTO":"18","PVOCODIGO":"160011118"}},{"type":"Feature","id":1221,"geometry":{"type":"Point","coordinates":[-74.077503069999977,4.6871689860000174]},"properties":{"OBJECTID":1221,"LOCCODIGO":"11","LOCNOMBRE":"Suba","PVODIRECCI":"CRA 68 B # 94 - 12","PVONSITIO":"Floresta Norte - Julio Flórez","PVONOMBRE":"Colegio Instituto Técnico Distrital Julio Flórez - Sede B","PVONPUESTO":"19","PVOCODIGO":"160011119"}},{"type":"Feature","id":1222,"geometry":{"type":"Point","coordinates":[-74.062931483,4.6910860809999804]},"properties":{"OBJECTID":1222,"LOCCODIGO":"11","LOCNOMBRE":"Suba","PVODIRECCI":"CRA 53 #102 A - 77","PVONSITIO":"Pasadena - Los Tres Elefantes","PVONOMBRE":"Parqueadero los Tres Elefantes","PVONPUESTO":"20","PVOCODIGO":"160011120"}},{"type":"Feature","id":1223,"geometry":{"type":"Point","coordinates":[-74.049539126000013,4.7590856219999864]},"properties":{"OBJECTID":1223,"LOCCODIGO":"11","LOCNOMBRE":"Suba","PVODIRECCI":"CLL 181 # 51 A - 31","PVONSITIO":"Nueva Zelandia","PVONOMBRE":"Colegio Distrital Nueva Zelandia","PVONPUESTO":"21","PVOCODIGO":"160011121"}},{"type":"Feature","id":1224,"geometry":{"type":"Point","coordinates":[-74.083054005000008,4.7491924909999739]},"properties":{"OBJECTID":1224,"LOCCODIGO":"11","LOCNOMBRE":"Suba","PVODIRECCI":"CRA 92 # 152 A - 52","PVONSITIO":"El Salitre Sede C - IED","PVONOMBRE":"Colegio Distrital El Salitre Suba - Sede C","PVONPUESTO":"22","PVOCODIGO":"160011122"}},{"type":"Feature","id":1225,"geometry":{"type":"Point","coordinates":[-74.055031186000008,4.7486290410000151]},"properties":{"OBJECTID":1225,"LOCCODIGO":"11","LOCNOMBRE":"Suba","PVODIRECCI":"CLL 166 Bis\u00A0 # 54 C - 08 / \nCLL 166 # 54 C - 08","PVONSITIO":"San Cipriano","PVONOMBRE":"Colegio Distrital Vista Bella - Sede B","PVONPUESTO":"23","PVOCODIGO":"160011123"}},{"type":"Feature","id":1226,"geometry":{"type":"Point","coordinates":[-74.074020140000016,4.7165602530000115]},"properties":{"OBJECTID":1226,"LOCCODIGO":"11","LOCNOMBRE":"Suba","PVODIRECCI":"TRV 60 # 128 A - 51","PVONSITIO":"Fundación Universi. Luis Amigó","PVONOMBRE":"Fundación Universitaria Luis Amigó","PVONPUESTO":"24","PVOCODIGO":"160011124"}},{"type":"Feature","id":1227,"geometry":{"type":"Point","coordinates":[-74.107482146999985,4.7504135980000228]},"properties":{"OBJECTID":1227,"LOCCODIGO":"11","LOCNOMBRE":"Suba","PVODIRECCI":"CLL 143 A # 118 - 50","PVONSITIO":"Don Bosco - IED","PVONOMBRE":"Centro Educativo Distrital Don Bosco V","PVONPUESTO":"26","PVOCODIGO":"160011126"}},{"type":"Feature","id":1228,"geometry":{"type":"Point","coordinates":[-74.067278993999992,4.7294433819999995]},"properties":{"OBJECTID":1228,"LOCCODIGO":"11","LOCNOMBRE":"Suba","PVODIRECCI":"AV CLL 138 # 58 D - 50","PVONSITIO":"Colegio - Hijas de Cristo Rey","PVONOMBRE":"Colegio Hijas de Cristo Rey","PVONPUESTO":"27","PVOCODIGO":"160011127"}},{"type":"Feature","id":1229,"geometry":{"type":"Point","coordinates":[-74.050052020999999,4.7364903370000206]},"properties":{"OBJECTID":1229,"LOCCODIGO":"11","LOCNOMBRE":"Suba","PVODIRECCI":"CRA 46 # 152 - 46","PVONSITIO":"Centro Comercial Mazurén","PVONOMBRE":"Parqueadero Centro Comercial Mazurén","PVONPUESTO":"28","PVOCODIGO":"160011128"}},{"type":"Feature","id":1230,"geometry":{"type":"Point","coordinates":[-74.050269946000014,4.7627828689999774]},"properties":{"OBJECTID":1230,"LOCCODIGO":"11","LOCNOMBRE":"Suba","PVODIRECCI":"CLL 183 # 54 D - 25","PVONSITIO":"Tejares Norte","PVONOMBRE":"Universidad Pedagógica Nacional","PVONPUESTO":"29","PVOCODIGO":"160011129"}},{"type":"Feature","id":1231,"geometry":{"type":"Point","coordinates":[-74.114335326000003,4.7454337890000033]},"properties":{"OBJECTID":1231,"LOCCODIGO":"11","LOCNOMBRE":"Suba","PVODIRECCI":"CLL 136 # 136A - 12","PVONSITIO":"Colegio Celestin Freinet","PVONOMBRE":"Colegio Celestin Freinet","PVONPUESTO":"30","PVOCODIGO":"160011130"}},{"type":"Feature","id":1232,"geometry":{"type":"Point","coordinates":[-74.096850500000016,4.7304444979999971]},"properties":{"OBJECTID":1232,"LOCCODIGO":"11","LOCNOMBRE":"Suba","PVODIRECCI":"CRA 100 A # 130 - 18","PVONSITIO":"Alvaro Gomez Hurtado Sede A - IED","PVONOMBRE":"Colegio Distrital Álvaro Gómez Hurtado","PVONPUESTO":"31","PVOCODIGO":"160011131"}},{"type":"Feature","id":1233,"geometry":{"type":"Point","coordinates":[-74.113309652999988,4.7531373379999877]},"properties":{"OBJECTID":1233,"LOCCODIGO":"11","LOCNOMBRE":"Suba","PVODIRECCI":"CLL 144 C # 141 A - 51","PVONSITIO":"Delia Zapata Olivella - IED","PVONOMBRE":"Colegio Distrital Delia Zapata Olivella","PVONPUESTO":"32","PVOCODIGO":"160011132"}},{"type":"Feature","id":1234,"geometry":{"type":"Point","coordinates":[-74.087255615999993,4.7206861579999781]},"properties":{"OBJECTID":1234,"LOCCODIGO":"11","LOCNOMBRE":"Suba","PVODIRECCI":"CLL 128 B # 87 D - 05","PVONSITIO":"Hunza Sede B - IED","PVONOMBRE":"Colegio Distrital Hunza - Sede B","PVONPUESTO":"33","PVOCODIGO":"160011133"}},{"type":"Feature","id":1235,"geometry":{"type":"Point","coordinates":[-74.087854691000018,4.7323439279999775]},"properties":{"OBJECTID":1235,"LOCCODIGO":"11","LOCNOMBRE":"Suba","PVODIRECCI":"CLL 132 C # 92 A - 71","PVONSITIO":"Villa Elisa Sede A - IED","PVONOMBRE":"Colegio Distrital Villa Elisa - Sede A","PVONPUESTO":"34","PVOCODIGO":"160011134"}},{"type":"Feature","id":1236,"geometry":{"type":"Point","coordinates":[-74.108999391999987,4.738964392000014]},"properties":{"OBJECTID":1236,"LOCCODIGO":"11","LOCNOMBRE":"Suba","PVODIRECCI":"CLL 131 A # 125 - 39","PVONSITIO":"República Dominicana Sede A - IED","PVONOMBRE":"Colegio Distrital República Dominicana","PVONPUESTO":"35","PVOCODIGO":"160011135"}},{"type":"Feature","id":1237,"geometry":{"type":"Point","coordinates":[-74.121655191999992,4.7433137410000086]},"properties":{"OBJECTID":1237,"LOCCODIGO":"11","LOCNOMBRE":"Suba","PVODIRECCI":"CRA 151 A # 132 A - 16","PVONSITIO":"La Toscana Lisboa Sede B - IED","PVONOMBRE":"Colegio Distrital Lisboa - Sede B","PVONPUESTO":"36","PVOCODIGO":"160011136"}},{"type":"Feature","id":1238,"geometry":{"type":"Point","coordinates":[-74.048865653000007,4.8002238049999733]},"properties":{"OBJECTID":1238,"LOCCODIGO":"11","LOCNOMBRE":"Suba","PVODIRECCI":"CLL 222 # 55 - 09","PVONSITIO":"Universidad UDCA","PVONOMBRE":"Universidad UDCA","PVONPUESTO":"37","PVOCODIGO":"160011137"}},{"type":"Feature","id":1239,"geometry":{"type":"Point","coordinates":[-74.064355537999973,4.7165106690000016]},"properties":{"OBJECTID":1239,"LOCCODIGO":"11","LOCNOMBRE":"Suba","PVODIRECCI":"CLL 129 # 55 - 55","PVONSITIO":"Prado Sur","PVONOMBRE":"Colegio Distrital Gustavo Morales Morales","PVONPUESTO":"39","PVOCODIGO":"160011139"}},{"type":"Feature","id":1240,"geometry":{"type":"Point","coordinates":[-74.095701750999979,4.7465021439999759]},"properties":{"OBJECTID":1240,"LOCCODIGO":"11","LOCNOMBRE":"Suba","PVODIRECCI":"AV CLL 145 # 103B - 90","PVONSITIO":"Supercade CAD Suba","PVONOMBRE":"Vía Pública","PVONPUESTO":"40","PVOCODIGO":"160011140"}},{"type":"Feature","id":1241,"geometry":{"type":"Point","coordinates":[-74.090601923999998,4.7555374820000225]},"properties":{"OBJECTID":1241,"LOCCODIGO":"11","LOCNOMBRE":"Suba","PVODIRECCI":"CRA 103 B # 153 - 01","PVONSITIO":"Nicolás Buenaventura - IED","PVONOMBRE":"Colegio Distrital Nicolás Buenaventura","PVONPUESTO":"41","PVOCODIGO":"160011141"}},{"type":"Feature","id":1242,"geometry":{"type":"Point","coordinates":[-74.060488519999979,4.6825898260000258]},"properties":{"OBJECTID":1242,"LOCCODIGO":"12","LOCNOMBRE":"Barrios Unidos","PVODIRECCI":"CRA 47 A con CLL 94 Cancha Parque / \nCRA 48 # 94 - 02","PVONSITIO":"La Castellana","PVONOMBRE":"Cancha detrás de Olimpica","PVONPUESTO":"1","PVOCODIGO":"160011201"}},{"type":"Feature","id":1243,"geometry":{"type":"Point","coordinates":[-74.066497249000008,4.684978808999972]},"properties":{"OBJECTID":1243,"LOCCODIGO":"12","LOCNOMBRE":"Barrios Unidos","PVODIRECCI":"TRV 60 # 95 - 51","PVONSITIO":"Rionegro","PVONOMBRE":"Colegio Distrital Faustino Sarmiento - Sede A","PVONPUESTO":"2","PVOCODIGO":"160011202"}},{"type":"Feature","id":1244,"geometry":{"type":"Point","coordinates":[-74.065172554000014,4.6790756519999945]},"properties":{"OBJECTID":1244,"LOCCODIGO":"12","LOCNOMBRE":"Barrios Unidos","PVODIRECCI":"CRA 50 # 90 - 50","PVONSITIO":"Patria","PVONOMBRE":"Fundación Educativa Santa María","PVONPUESTO":"3","PVOCODIGO":"160011203"}},{"type":"Feature","id":1245,"geometry":{"type":"Point","coordinates":[-74.072451978999993,4.6742294169999923]},"properties":{"OBJECTID":1245,"LOCCODIGO":"12","LOCNOMBRE":"Barrios Unidos","PVODIRECCI":"CRA 54 # 78 - 85","PVONSITIO":"Gaitán","PVONOMBRE":"Colegio Distrital Rafaél Bernal Jiménez - Sede B","PVONPUESTO":"4","PVOCODIGO":"160011204"}},{"type":"Feature","id":1246,"geometry":{"type":"Point","coordinates":[-74.075414620000004,4.6803001519999725]},"properties":{"OBJECTID":1246,"LOCCODIGO":"12","LOCNOMBRE":"Barrios Unidos","PVODIRECCI":"CRA 62 # 83 - 02 / \nAV CLL 80 # 58 - 84 ","PVONSITIO":"Entre Ríos","PVONOMBRE":"Parqueadero Conjunto Residencial Entre Ríos","PVONPUESTO":"5","PVOCODIGO":"160011205"}},{"type":"Feature","id":1247,"geometry":{"type":"Point","coordinates":[-74.082298314000013,4.6805447269999831]},"properties":{"OBJECTID":1247,"LOCCODIGO":"12","LOCNOMBRE":"Barrios Unidos","PVODIRECCI":"AV CRA 68 # 75 A - 50","PVONSITIO":"Metrópolis","PVONOMBRE":"Centro Comercial Metrópolis","PVONPUESTO":"6","PVOCODIGO":"160011206"}},{"type":"Feature","id":1248,"geometry":{"type":"Point","coordinates":[-74.083148103999974,4.672682597000005]},"properties":{"OBJECTID":1248,"LOCCODIGO":"12","LOCNOMBRE":"Barrios Unidos","PVODIRECCI":"AV CLL 68 # 62 - 11","PVONSITIO":"José Joaquín Vargas","PVONOMBRE":"Fundación Universitaria Monserrate - UNIMONSERRATE","PVONPUESTO":"8","PVOCODIGO":"160011208"}},{"type":"Feature","id":1249,"geometry":{"type":"Point","coordinates":[-74.076704812000003,4.672777721999978]},"properties":{"OBJECTID":1249,"LOCCODIGO":"12","LOCNOMBRE":"Barrios Unidos","PVODIRECCI":"CRA 57 A # 74 A - 32","PVONSITIO":"San Fernando","PVONOMBRE":"Colegio Distrital República de Panamá Sede A","PVONPUESTO":"9","PVOCODIGO":"160011209"}},{"type":"Feature","id":1250,"geometry":{"type":"Point","coordinates":[-74.081659292999973,4.6654506460000107]},"properties":{"OBJECTID":1250,"LOCCODIGO":"12","LOCNOMBRE":"Barrios Unidos","PVODIRECCI":"CLL 66 A # 56 B – 35 / \nCLL 66 A # 56 - 25","PVONSITIO":"Popular Modelo","PVONOMBRE":"Colegio Distrital Jorge Eliecer Gaitán - Sede A","PVONPUESTO":"10","PVOCODIGO":"160011210"}},{"type":"Feature","id":1251,"geometry":{"type":"Point","coordinates":[-74.073350951000009,4.6669419379999795]},"properties":{"OBJECTID":1251,"LOCCODIGO":"12","LOCNOMBRE":"Barrios Unidos","PVODIRECCI":"CRA 29 C # 71 C - 11","PVONSITIO":"12 de Octubre","PVONOMBRE":"Colegio Distrital  Francisco Primero Sede C","PVONPUESTO":"11","PVOCODIGO":"160011211"}},{"type":"Feature","id":1252,"geometry":{"type":"Point","coordinates":[-74.067076179000026,4.6706773220000173]},"properties":{"OBJECTID":1252,"LOCCODIGO":"12","LOCNOMBRE":"Barrios Unidos","PVODIRECCI":"CRA 28 B # 78 - 40 / \nCRA 28 B # 78 - 30 ","PVONSITIO":"Santa Sofía","PVONOMBRE":"Colegio Distrital Juan Francisco Berbeo - Sede A","PVONPUESTO":"12","PVOCODIGO":"160011212"}},{"type":"Feature","id":1253,"geometry":{"type":"Point","coordinates":[-74.060700166000004,4.6691613039999993]},"properties":{"OBJECTID":1253,"LOCCODIGO":"12","LOCNOMBRE":"Barrios Unidos","PVODIRECCI":"AV CRA 20 (Autopista norte) # 81 - 55","PVONSITIO":"Polo Club","PVONOMBRE":"Alianza Cristiana y Misionera Colombiana","PVONPUESTO":"13","PVOCODIGO":"160011213"}},{"type":"Feature","id":1254,"geometry":{"type":"Point","coordinates":[-74.063409342999989,4.6668459690000077]},"properties":{"OBJECTID":1254,"LOCCODIGO":"12","LOCNOMBRE":"Barrios Unidos","PVODIRECCI":"CLL 77 # 22 - 66 / \nCLL 77 # 22 - 68","PVONSITIO":"San Felipe","PVONOMBRE":"Colegio Distrital Juan Francisco Berbeo - Sede B","PVONPUESTO":"14","PVOCODIGO":"160011214"}},{"type":"Feature","id":1255,"geometry":{"type":"Point","coordinates":[-74.075209137999991,4.6602201659999878]},"properties":{"OBJECTID":1255,"LOCCODIGO":"12","LOCNOMBRE":"Barrios Unidos","PVODIRECCI":"CRA 28 B # 65 - 80","PVONSITIO":"La Paz","PVONOMBRE":"Colegio Distrital Francisco primero Sede Manuela Ayala","PVONPUESTO":"16","PVOCODIGO":"160011216"}},{"type":"Feature","id":1256,"geometry":{"type":"Point","coordinates":[-74.065519063000011,4.6573758719999887]},"properties":{"OBJECTID":1256,"LOCCODIGO":"12","LOCNOMBRE":"Barrios Unidos","PVODIRECCI":"CLL 69 # 17 - 39","PVONSITIO":"Colombia","PVONOMBRE":"Colegio Mercedario San Pedro","PVONPUESTO":"17","PVOCODIGO":"160011217"}},{"type":"Feature","id":1257,"geometry":{"type":"Point","coordinates":[-74.069361249999986,4.654475366999975]},"properties":{"OBJECTID":1257,"LOCCODIGO":"12","LOCNOMBRE":"Barrios Unidos","PVODIRECCI":"CLL 64 # 20 - 21","PVONSITIO":"La Muequeta","PVONOMBRE":"Colegio Distrital Heladia Mejía - Sede B","PVONPUESTO":"18","PVOCODIGO":"160011218"}},{"type":"Feature","id":1258,"geometry":{"type":"Point","coordinates":[-74.072081265000008,4.6546235550000006]},"properties":{"OBJECTID":1258,"LOCCODIGO":"12","LOCNOMBRE":"Barrios Unidos","PVODIRECCI":"CRA 24 # 63 C - 69","PVONSITIO":"Siete de Agosto","PVONOMBRE":"Universidad del Rosario","PVONPUESTO":"19","PVOCODIGO":"160011219"}},{"type":"Feature","id":1259,"geometry":{"type":"Point","coordinates":[-74.075679302000026,4.6522737639999718]},"properties":{"OBJECTID":1259,"LOCCODIGO":"12","LOCNOMBRE":"Barrios Unidos","PVODIRECCI":"CRA 28 # 63 - 64","PVONSITIO":"Benjamín Herrera","PVONOMBRE":"Colegio Distrital Francisco Primero Sede Alemania","PVONPUESTO":"20","PVOCODIGO":"160011220"}},{"type":"Feature","id":1260,"geometry":{"type":"Point","coordinates":[-74.06639656599998,4.6444270459999757]},"properties":{"OBJECTID":1260,"LOCCODIGO":"13","LOCNOMBRE":"Teusaquillo","PVODIRECCI":"CRA 14 A # 57 - 28","PVONSITIO":"Divino Salvador","PVONOMBRE":"Colegio Distrital Manuela Beltrán","PVONPUESTO":"1","PVOCODIGO":"160011301"}},{"type":"Feature","id":1261,"geometry":{"type":"Point","coordinates":[-74.067261948999999,4.6483009140000036]},"properties":{"OBJECTID":1261,"LOCCODIGO":"13","LOCNOMBRE":"Teusaquillo","PVODIRECCI":"CL 61 16 15","PVONSITIO":"San Luis","PVONOMBRE":"Colegio Antonio Nariño","PVONPUESTO":"2","PVOCODIGO":"160011302"}},{"type":"Feature","id":1262,"geometry":{"type":"Point","coordinates":[-74.081988878999994,4.6482387589999803]},"properties":{"OBJECTID":1262,"LOCCODIGO":"13","LOCNOMBRE":"Teusaquillo","PVODIRECCI":"CLL 57 B # 37 - 34","PVONSITIO":"Nicolás de Federmán","PVONOMBRE":"Colegio de la Contraloría","PVONPUESTO":"4","PVOCODIGO":"160011304"}},{"type":"Feature","id":1263,"geometry":{"type":"Point","coordinates":[-74.086856550999983,4.6497928829999751]},"properties":{"OBJECTID":1263,"LOCCODIGO":"13","LOCNOMBRE":"Teusaquillo","PVODIRECCI":"CRA 53 con CLL 57 B (Plazoleta) / \nCLL 57A # 53 - 21","PVONSITIO":"Pablo VI","PVONOMBRE":"Plazoleta Pablo VI","PVONPUESTO":"5","PVOCODIGO":"160011305"}},{"type":"Feature","id":1264,"geometry":{"type":"Point","coordinates":[-74.100110018999999,4.6559306199999924]},"properties":{"OBJECTID":1264,"LOCCODIGO":"13","LOCNOMBRE":"Teusaquillo","PVODIRECCI":"CLL 46 # 67 A - 35","PVONSITIO":"El Salitre","PVONOMBRE":"Salón Comunal Salitre Greco","PVONPUESTO":"6","PVOCODIGO":"160011306"}},{"type":"Feature","id":1265,"geometry":{"type":"Point","coordinates":[-74.091034709999974,4.6472539979999965]},"properties":{"OBJECTID":1265,"LOCCODIGO":"13","LOCNOMBRE":"Teusaquillo","PVODIRECCI":"CLL 44 C # 55 - 50 /\nCLL 45 # 54 - 51","PVONSITIO":"La Esmeralda","PVONOMBRE":"Colegio Calazanz Femenino","PVONPUESTO":"7","PVOCODIGO":"160011307"}},{"type":"Feature","id":1266,"geometry":{"type":"Point","coordinates":[-74.068384786000024,4.639022792999981]},"properties":{"OBJECTID":1266,"LOCCODIGO":"13","LOCNOMBRE":"Teusaquillo","PVODIRECCI":"CRA 16 # 51 - 20 / \nCRA 16 # 51 - 26 (Parqueadero)","PVONSITIO":"Cafam CLL 51","PVONOMBRE":"Parqueadero Centro Médico Cafam","PVONPUESTO":"8","PVOCODIGO":"160011308"}},{"type":"Feature","id":1267,"geometry":{"type":"Point","coordinates":[-74.074087806000023,4.6380432010000163]},"properties":{"OBJECTID":1267,"LOCCODIGO":"13","LOCNOMBRE":"Teusaquillo","PVODIRECCI":"CRA 23 # 49 - 37","PVONSITIO":"Palermo","PVONOMBRE":"Colegio Distrital Palermo","PVONPUESTO":"9","PVOCODIGO":"160011309"}},{"type":"Feature","id":1268,"geometry":{"type":"Point","coordinates":[-74.074090257000023,4.6343105550000132]},"properties":{"OBJECTID":1268,"LOCCODIGO":"13","LOCNOMBRE":"Teusaquillo","PVODIRECCI":"CRA 22 # 45 A - 51","PVONSITIO":"Colegio Americano","PVONOMBRE":"Colegio Americano","PVONPUESTO":"10","PVOCODIGO":"160011310"}},{"type":"Feature","id":1269,"geometry":{"type":"Point","coordinates":[-74.077626387000009,4.6354126909999991]},"properties":{"OBJECTID":1269,"LOCCODIGO":"13","LOCNOMBRE":"Teusaquillo","PVODIRECCI":"CRA 27 # 45 A - 63","PVONSITIO":"Belalcazar","PVONOMBRE":"Gimnasio Boyacá","PVONPUESTO":"11","PVOCODIGO":"160011311"}},{"type":"Feature","id":1270,"geometry":{"type":"Point","coordinates":[-74.091533008999988,4.6361709029999929]},"properties":{"OBJECTID":1270,"LOCCODIGO":"13","LOCNOMBRE":"Teusaquillo","PVODIRECCI":"AV Dorado CLL 26 # 44 A - 40","PVONSITIO":"Quinta Paredes A","PVONOMBRE":"Hemeroteca Nacional","PVONPUESTO":"12","PVOCODIGO":"160011312"}},{"type":"Feature","id":1271,"geometry":{"type":"Point","coordinates":[-74.097608636000018,4.6370180889999801]},"properties":{"OBJECTID":1271,"LOCCODIGO":"13","LOCNOMBRE":"Teusaquillo","PVODIRECCI":"AV CLL 24 # 48 - 53","PVONSITIO":"Quinta Paredes B","PVONOMBRE":"Gimnasio Mackinley","PVONPUESTO":"13","PVOCODIGO":"160011313"}},{"type":"Feature","id":1272,"geometry":{"type":"Point","coordinates":[-74.091491452000014,4.6284736860000066]},"properties":{"OBJECTID":1272,"LOCCODIGO":"13","LOCNOMBRE":"Teusaquillo","PVODIRECCI":"AV CLL 24 # 37 - 27","PVONSITIO":"Centro Nariño","PVONOMBRE":"Acueducto","PVONPUESTO":"14","PVOCODIGO":"160011314"}},{"type":"Feature","id":1273,"geometry":{"type":"Point","coordinates":[-74.081624542999975,4.629672907999975]},"properties":{"OBJECTID":1273,"LOCCODIGO":"13","LOCNOMBRE":"Teusaquillo","PVODIRECCI":"CRA 32 A # 27 - 18","PVONSITIO":"Residencias B.C.H.","PVONOMBRE":"Instituto Distrital Manuela Beltrán","PVONPUESTO":"15","PVOCODIGO":"160011315"}},{"type":"Feature","id":1274,"geometry":{"type":"Point","coordinates":[-74.068794459000003,4.6342959290000181]},"properties":{"OBJECTID":1274,"LOCCODIGO":"13","LOCNOMBRE":"Teusaquillo","PVODIRECCI":"DIAG 46 A # 15 - 21 /\nCRA 15 # 46 - 69","PVONSITIO":"Santa Teresita","PVONOMBRE":"Liceo Universidad Católica","PVONPUESTO":"16","PVOCODIGO":"160011316"}},{"type":"Feature","id":1275,"geometry":{"type":"Point","coordinates":[-74.071052505000011,4.629350957999975]},"properties":{"OBJECTID":1275,"LOCCODIGO":"13","LOCNOMBRE":"Teusaquillo","PVODIRECCI":"CRA 17 # 39 B - 51","PVONSITIO":"La Magdalena","PVONOMBRE":"Colegio Champagnat","PVONPUESTO":"17","PVOCODIGO":"160011317"}},{"type":"Feature","id":1276,"geometry":{"type":"Point","coordinates":[-74.072734355000023,4.6212803320000262]},"properties":{"OBJECTID":1276,"LOCCODIGO":"13","LOCNOMBRE":"Teusaquillo","PVODIRECCI":"CLL 32 A # 17 - 14","PVONSITIO":"Teusaquillo","PVONOMBRE":"Fundación Universitaria Compensar (Sede K)","PVONPUESTO":"18","PVOCODIGO":"160011318"}},{"type":"Feature","id":1277,"geometry":{"type":"Point","coordinates":[-74.088811355000018,4.6507716039999991]},"properties":{"OBJECTID":1277,"LOCCODIGO":"13","LOCNOMBRE":"Teusaquillo","PVODIRECCI":"CRA 57 # 56 – 36","PVONSITIO":"Pablo VI - II Etapa","PVONOMBRE":"Casa de la Cultura","PVONPUESTO":"19","PVOCODIGO":"160011319"}},{"type":"Feature","id":1278,"geometry":{"type":"Point","coordinates":[-74.092629373000022,4.6446239379999952]},"properties":{"OBJECTID":1278,"LOCCODIGO":"13","LOCNOMBRE":"Teusaquillo","PVODIRECCI":"CLL 44 # 53 - 37","PVONSITIO":"Rafael Nuñez","PVONOMBRE":"Escuela Superior de Administración Pública - ESAP","PVONPUESTO":"20","PVOCODIGO":"160011320"}},{"type":"Feature","id":1279,"geometry":{"type":"Point","coordinates":[-74.101172808999991,4.6485587779999946]},"properties":{"OBJECTID":1279,"LOCCODIGO":"13","LOCNOMBRE":"Teusaquillo","PVODIRECCI":"AV CLL 26 # 62 - 47 /\nAV CLL 26 # 60 - 61","PVONSITIO":"Ciudad Salitre","PVONOMBRE":"Plazoleta Centro Comercial Gran Estación","PVONPUESTO":"21","PVOCODIGO":"160011321"}},{"type":"Feature","id":1280,"geometry":{"type":"Point","coordinates":[-74.079404382000007,4.6151627950000034]},"properties":{"OBJECTID":1280,"LOCCODIGO":"14","LOCNOMBRE":"Mártires","PVODIRECCI":"CLL 22 A # 18 B - 42","PVONSITIO":"Santa Fé","PVONOMBRE":"Colegio Distrital República Bolivariana de Venezuela - Sede A","PVONPUESTO":"1","PVOCODIGO":"160011401"}},{"type":"Feature","id":1281,"geometry":{"type":"Point","coordinates":[-74.083053138000025,4.618372662000013]},"properties":{"OBJECTID":1281,"LOCCODIGO":"14","LOCNOMBRE":"Mártires","PVODIRECCI":"CLL 22 A # 25 - 52","PVONSITIO":"IED República Bolivariana Sede B (Samper Mendoza)","PVONOMBRE":"Colegio Distrital República Bolivariana de Venezuela - Sede B","PVONPUESTO":"2","PVOCODIGO":"160011402"}},{"type":"Feature","id":1282,"geometry":{"type":"Point","coordinates":[-74.084284570000023,4.6216986530000099]},"properties":{"OBJECTID":1282,"LOCCODIGO":"14","LOCNOMBRE":"Mártires","PVODIRECCI":"AV CLL 22 C # 29 A - 47","PVONSITIO":"Colseguros","PVONOMBRE":"Salón Comunal","PVONPUESTO":"3","PVOCODIGO":"160011403"}},{"type":"Feature","id":1283,"geometry":{"type":"Point","coordinates":[-74.083351371999981,4.6070289379999849]},"properties":{"OBJECTID":1283,"LOCCODIGO":"14","LOCNOMBRE":"Mártires","PVODIRECCI":"CLL 13 # 18 - 24","PVONSITIO":"Estación de la Sabana","PVONOMBRE":"Salones de la Estación","PVONPUESTO":"4","PVOCODIGO":"160011404"}},{"type":"Feature","id":1284,"geometry":{"type":"Point","coordinates":[-74.030743278999978,4.6962802180000267]},"properties":{"OBJECTID":1284,"LOCCODIGO":"01","LOCNOMBRE":"Usaquén","PVODIRECCI":"CRA 6A ENTRE CLL 119 Y 120A VIA PUBLICA","PVONSITIO":"Usaquén","PVONOMBRE":"Vía Pública","PVONPUESTO":"1","PVOCODIGO":"160010101"}},{"type":"Feature","id":1285,"geometry":{"type":"Point","coordinates":[-74.042435645000012,4.7536169429999973]},"properties":{"OBJECTID":1285,"LOCCODIGO":"01","LOCNOMBRE":"Usaquén","PVODIRECCI":"CRA 20 A # 173 A - 10 \nEntrada al Parqueadero","PVONSITIO":"Calasanz","PVONOMBRE":"Colegio Calasanz - Sede Norte","PVONPUESTO":"3","PVOCODIGO":"160010103"}},{"type":"Feature","id":1286,"geometry":{"type":"Point","coordinates":[-74.039117652000016,4.7662598709999884]},"properties":{"OBJECTID":1286,"LOCCODIGO":"01","LOCNOMBRE":"Usaquén","PVODIRECCI":"CRA 18 A # 187 - 75 /\nCRA 18 A # 187 - 97","PVONSITIO":"Colegio Aquileo Parra sede Bachillerato","PVONOMBRE":"Colegio Distrital Aquileo Parra","PVONPUESTO":"4","PVOCODIGO":"160010104"}},{"type":"Feature","id":1287,"geometry":{"type":"Point","coordinates":[-74.027994433999993,4.7655374249999909]},"properties":{"OBJECTID":1287,"LOCCODIGO":"01","LOCNOMBRE":"Usaquén","PVODIRECCI":"CLL 189 # 7 - 05","PVONSITIO":"Lijacá","PVONOMBRE":"Colegio Distrital Unión Colombia - Sede B","PVONPUESTO":"5","PVOCODIGO":"160010105"}},{"type":"Feature","id":1288,"geometry":{"type":"Point","coordinates":[-74.027516438000021,4.7594618300000207]},"properties":{"OBJECTID":1288,"LOCCODIGO":"01","LOCNOMBRE":"Usaquén","PVODIRECCI":"CRA 7 A # 182 A - 07","PVONSITIO":"San Antonio Unión Colombia","PVONOMBRE":"Colegio Distrital Unión Colombia - Sede A","PVONPUESTO":"6","PVOCODIGO":"160010106"}},{"type":"Feature","id":1289,"geometry":{"type":"Point","coordinates":[-74.023794977000023,4.7295440180000128]},"properties":{"OBJECTID":1289,"LOCCODIGO":"01","LOCNOMBRE":"Usaquén","PVODIRECCI":"CRA 7 # 155 - 20","PVONSITIO":"Colegio Agustín Fernández Sede A","PVONOMBRE":"Colegio Distrital Agustín Fernández - Sede A","PVONPUESTO":"7","PVOCODIGO":"160010107"}},{"type":"Feature","id":1290,"geometry":{"type":"Point","coordinates":[-74.041815933000009,4.7314900869999974]},"properties":{"OBJECTID":1290,"LOCCODIGO":"01","LOCNOMBRE":"Usaquén","PVODIRECCI":"CLL 150 # 16 - 56","PVONSITIO":"Centro Comercial Cedritos 151","PVONOMBRE":"Parqueadero Centro Comercial Cedritos 151","PVONPUESTO":"8","PVOCODIGO":"160010108"}},{"type":"Feature","id":1291,"geometry":{"type":"Point","coordinates":[-74.032388807000018,4.7103407559999937]},"properties":{"OBJECTID":1291,"LOCCODIGO":"01","LOCNOMBRE":"Usaquén","PVODIRECCI":"AV CRA 9 # 131 A – 02","PVONSITIO":"Universidad El Bosque","PVONOMBRE":"Universidad El Bosque","PVONPUESTO":"9","PVOCODIGO":"160010109"}},{"type":"Feature","id":1292,"geometry":{"type":"Point","coordinates":[-74.034447901000021,4.7043929820000017]},"properties":{"OBJECTID":1292,"LOCCODIGO":"01","LOCNOMBRE":"Usaquén","PVODIRECCI":"AV CLL 127 # 11 - 20","PVONSITIO":"Instituto Pedagógico Nacional","PVONOMBRE":"Instituto Pedagógico Nacional","PVONPUESTO":"11","PVOCODIGO":"160010111"}},{"type":"Feature","id":1293,"geometry":{"type":"Point","coordinates":[-74.042624998999997,4.7023787719999746]},"properties":{"OBJECTID":1293,"LOCCODIGO":"01","LOCNOMBRE":"Usaquén","PVODIRECCI":"AV CRA 15 # 124 - 30","PVONSITIO":"Centro Comercial Unicentro","PVONOMBRE":"Parqueadero Unicentro","PVONPUESTO":"12","PVOCODIGO":"160010112"}},{"type":"Feature","id":1294,"geometry":{"type":"Point","coordinates":[-74.050455740000018,4.6993438540000056]},"properties":{"OBJECTID":1294,"LOCCODIGO":"01","LOCNOMBRE":"Usaquén","PVODIRECCI":"CRA 19 A con CLL 117","PVONSITIO":"Plaza México","PVONOMBRE":"Parqueadero Plaza México","PVONPUESTO":"13","PVOCODIGO":"160010113"}},{"type":"Feature","id":1295,"geometry":{"type":"Point","coordinates":[-74.042583620000016,4.6904828799999905]},"properties":{"OBJECTID":1295,"LOCCODIGO":"01","LOCNOMBRE":"Usaquén","PVODIRECCI":"CRA 13 A # 107 A - 10","PVONSITIO":"Santa Paula","PVONOMBRE":"Parqueadero","PVONPUESTO":"14","PVOCODIGO":"160010114"}},{"type":"Feature","id":1296,"geometry":{"type":"Point","coordinates":[-74.031656732999977,4.6925930259999973]},"properties":{"OBJECTID":1296,"LOCCODIGO":"01","LOCNOMBRE":"Usaquén","PVODIRECCI":"CLL 114 CRA 6 Entrada Zona C /\nCRA 6 # 115 - 65 Entrada F","PVONSITIO":"Centro Comercial Hacienda Santa Barbara","PVONOMBRE":"Centro Comercial Hacienda Santa Bárbara","PVONPUESTO":"15","PVOCODIGO":"160010115"}},{"type":"Feature","id":1297,"geometry":{"type":"Point","coordinates":[-74.039383896999993,4.7453989480000018]},"properties":{"OBJECTID":1297,"LOCCODIGO":"01","LOCNOMBRE":"Usaquén","PVODIRECCI":"CLL 166 # 16 C - 15","PVONSITIO":"Colegio Distrital Toberín - Sede A","PVONOMBRE":"Colegio Distrital Toberín - Sede A","PVONPUESTO":"17","PVOCODIGO":"160010117"}},{"type":"Feature","id":1298,"geometry":{"type":"Point","coordinates":[-74.145235217999982,4.6868372679999766]},"properties":{"OBJECTID":1298,"LOCCODIGO":"09","LOCNOMBRE":"Fontibon","PVODIRECCI":"CRA 112 # 23 - 05","PVONSITIO":"Versalles","PVONOMBRE":"Colegio Distrital Internacional","PVONPUESTO":"6","PVOCODIGO":"160010906"}},{"type":"Feature","id":1299,"geometry":{"type":"Point","coordinates":[-74.049654636000014,4.6850755670000126]},"properties":{"OBJECTID":1299,"LOCCODIGO":"02","LOCNOMBRE":"Chapinero","PVODIRECCI":"AV CLL 100 # 16 - 75","PVONSITIO":"Chicó Norte","PVONOMBRE":"Parqueadero","PVONPUESTO":"1","PVOCODIGO":"160010201"}},{"type":"Feature","id":1300,"geometry":{"type":"Point","coordinates":[-74.044224658000019,4.6797337130000187]},"properties":{"OBJECTID":1300,"LOCCODIGO":"02","LOCNOMBRE":"Chapinero","PVODIRECCI":"CLL 97 # 10 - 45","PVONSITIO":"Chicó Reservado","PVONOMBRE":"Parqueadero Olímpica","PVONPUESTO":"2","PVOCODIGO":"160010202"}},{"type":"Feature","id":1301,"geometry":{"type":"Point","coordinates":[-74.046773556999995,4.6667119800000023]},"properties":{"OBJECTID":1301,"LOCCODIGO":"02","LOCNOMBRE":"Chapinero","PVODIRECCI":"CLL 86 # 7 - 40","PVONSITIO":"Chico Liceo Francés Louis Pasteur","PVONOMBRE":"Liceo Francés Louis Pasteur","PVONPUESTO":"3","PVOCODIGO":"160010203"}},{"type":"Feature","id":1302,"geometry":{"type":"Point","coordinates":[-74.055684869000004,4.6699041429999966]},"properties":{"OBJECTID":1302,"LOCCODIGO":"02","LOCNOMBRE":"Chapinero","PVODIRECCI":"CRA 15 con CLL 85 Esquina","PVONSITIO":"Antiguo Country Plazoleta Carulla","PVONOMBRE":"Carulla - Plazoleta","PVONPUESTO":"4","PVOCODIGO":"160010204"}},{"type":"Feature","id":1303,"geometry":{"type":"Point","coordinates":[-74.054800252999996,4.6634310769999843]},"properties":{"OBJECTID":1303,"LOCCODIGO":"02","LOCNOMBRE":"Chapinero","PVODIRECCI":"CLL 79 # 11 - 45 / \nCRA 11 # 78 - 47","PVONSITIO":"Universidad EAN","PVONOMBRE":"Universidad EAN","PVONPUESTO":"5","PVOCODIGO":"160010205"}},{"type":"Feature","id":1304,"geometry":{"type":"Point","coordinates":[-74.05979578900002,4.6608946449999848]},"properties":{"OBJECTID":1304,"LOCCODIGO":"02","LOCNOMBRE":"Chapinero","PVODIRECCI":"CLL 74 # 14 - 14","PVONSITIO":"Universidad Sergio Arboleda","PVONOMBRE":"Universidad Sergio Arboleda","PVONPUESTO":"6","PVOCODIGO":"160010206"}},{"type":"Feature","id":1305,"geometry":{"type":"Point","coordinates":[-74.059299893000002,4.6578673820000063]},"properties":{"OBJECTID":1305,"LOCCODIGO":"02","LOCNOMBRE":"Chapinero","PVODIRECCI":"CLL 72 # 11 - 86","PVONSITIO":"Universidad Pedagógica Nacional","PVONOMBRE":"Universidad Pedagógica Nacional","PVONPUESTO":"7","PVOCODIGO":"160010207"}},{"type":"Feature","id":1306,"geometry":{"type":"Point","coordinates":[-74.062880773000018,4.6517562600000133]},"properties":{"OBJECTID":1306,"LOCCODIGO":"02","LOCNOMBRE":"Chapinero","PVODIRECCI":"CRA 13 # 65 - 10 Entrada Parqueadero","PVONSITIO":"SENA CLL 65","PVONOMBRE":"SENA","PVONPUESTO":"9","PVOCODIGO":"160010209"}},{"type":"Feature","id":1307,"geometry":{"type":"Point","coordinates":[-74.061456959999987,4.6484175620000201]},"properties":{"OBJECTID":1307,"LOCCODIGO":"02","LOCNOMBRE":"Chapinero","PVODIRECCI":"CRA 9 Bis # 62 - 43","PVONSITIO":"Universidad Konrad Lorenz","PVONOMBRE":"Fundación Universitaria Konrad Lorenz","PVONPUESTO":"10","PVOCODIGO":"160010210"}},{"type":"Feature","id":1308,"geometry":{"type":"Point","coordinates":[-74.066135842999984,4.6390264539999748]},"properties":{"OBJECTID":1308,"LOCCODIGO":"02","LOCNOMBRE":"Chapinero","PVODIRECCI":"CLL 52 # 13 - 65","PVONSITIO":"SENA CLL 52","PVONOMBRE":"Parqueadero SENA","PVONPUESTO":"11","PVOCODIGO":"160010211"}},{"type":"Feature","id":1309,"geometry":{"type":"Point","coordinates":[-74.065473821000012,4.6327723570000217]},"properties":{"OBJECTID":1309,"LOCCODIGO":"02","LOCNOMBRE":"Chapinero","PVODIRECCI":"CRA 9 # 45 A - 25","PVONSITIO":"Universidad Piloto","PVONOMBRE":"Universidad Piloto de Colombia","PVONPUESTO":"12","PVOCODIGO":"160010212"}},{"type":"Feature","id":1310,"geometry":{"type":"Point","coordinates":[-74.021538952000014,4.6702097410000079]},"properties":{"OBJECTID":1310,"LOCCODIGO":"02","LOCNOMBRE":"Chapinero","PVODIRECCI":"CRA 5 C Este # 98 A - 55","PVONSITIO":"Colegio Campestre Monteverde San Luis","PVONOMBRE":"Colegio Distrital Campestre Monteverde","PVONPUESTO":"13","PVOCODIGO":"160010213"}},{"type":"Feature","id":1311,"geometry":{"type":"Point","coordinates":[-74.066585117999978,4.6202884460000178]},"properties":{"OBJECTID":1311,"LOCCODIGO":"03","LOCNOMBRE":"Santa Fe","PVODIRECCI":"CRA 7 # 33 - 64","PVONSITIO":"Camilo Torres","PVONOMBRE":"Colegio Distrital Externado Camilo Torres","PVONPUESTO":"1","PVOCODIGO":"160010301"}},{"type":"Feature","id":1312,"geometry":{"type":"Point","coordinates":[-74.064504665000015,4.6177779980000082]},"properties":{"OBJECTID":1312,"LOCCODIGO":"03","LOCNOMBRE":"Santa Fe","PVODIRECCI":"CLL 32 A # 3 C - 37","PVONSITIO":"La Perseverancia","PVONOMBRE":"Colegio Distrital Manuel Elkin Patarroyo","PVONPUESTO":"2","PVOCODIGO":"160010302"}},{"type":"Feature","id":1313,"geometry":{"type":"Point","coordinates":[-74.067808152999987,4.6149122190000185]},"properties":{"OBJECTID":1313,"LOCCODIGO":"03","LOCNOMBRE":"Santa Fe","PVODIRECCI":"CLL 28 # 5 A - 06","PVONSITIO":"Policarpa Salavarrieta","PVONOMBRE":"Colegio Distrital Popicarpa Salavarrieta - Sede A","PVONPUESTO":"3","PVOCODIGO":"160010303"}},{"type":"Feature","id":1314,"geometry":{"type":"Point","coordinates":[-74.073595441000009,4.6019615249999788]},"properties":{"OBJECTID":1314,"LOCCODIGO":"03","LOCNOMBRE":"Santa Fe","PVODIRECCI":"CLL 13 (AV Jiménez) # 7 - 56","PVONSITIO":"Palacio San Francisco","PVONOMBRE":"Palacio San Francisco","PVONPUESTO":"4","PVOCODIGO":"160010304"}},{"type":"Feature","id":1315,"geometry":{"type":"Point","coordinates":[-74.078370732999986,4.6045988530000272]},"properties":{"OBJECTID":1315,"LOCCODIGO":"03","LOCNOMBRE":"Santa Fe","PVODIRECCI":"CRA 13 # 14 - 69","PVONSITIO":"Facultad De Artes - ASAB","PVONOMBRE":"Biblioteca Distrital Antonio Nariño","PVONPUESTO":"5","PVOCODIGO":"160010305"}},{"type":"Feature","id":1316,"geometry":{"type":"Point","coordinates":[-74.066635967000025,4.5874654730000088]},"properties":{"OBJECTID":1316,"LOCCODIGO":"03","LOCNOMBRE":"Santa Fe","PVODIRECCI":"CRA 7 Este # 5 - 20","PVONSITIO":"Los Laches","PVONOMBRE":"Colegio Distrital Efraín Cañavera - Sede B (Los Pinos)","PVONPUESTO":"6","PVOCODIGO":"160010306"}},{"type":"Feature","id":1317,"geometry":{"type":"Point","coordinates":[-74.073944853,4.5895044700000085]},"properties":{"OBJECTID":1317,"LOCCODIGO":"03","LOCNOMBRE":"Santa Fe","PVODIRECCI":"CRA 2 # 4 - 10 /\nCRA 2 # 4 - 12","PVONSITIO":"Centro Oriente","PVONOMBRE":"Centro Comunitario Lourdes","PVONPUESTO":"7","PVOCODIGO":"160010307"}},{"type":"Feature","id":1318,"geometry":{"type":"Point","coordinates":[-74.084715578999976,4.5936081350000109]},"properties":{"OBJECTID":1318,"LOCCODIGO":"03","LOCNOMBRE":"Santa Fe","PVODIRECCI":"CLL 3 # 11 B - 40 / \nCRA 12 # 3 - 04","PVONSITIO":"San Bernardo","PVONOMBRE":"Colegio Distrital Los Ángeles - Sede B (Santa Inés)","PVONPUESTO":"8","PVOCODIGO":"160010308"}},{"type":"Feature","id":1319,"geometry":{"type":"Point","coordinates":[-74.082254875999979,4.5922200840000187]},"properties":{"OBJECTID":1319,"LOCCODIGO":"03","LOCNOMBRE":"Santa Fe","PVODIRECCI":"CLL 3 # 9 - 70","PVONSITIO":"Las Cruces","PVONOMBRE":"Colegio Distrital Antonio José Uribe","PVONPUESTO":"9","PVOCODIGO":"160010309"}},{"type":"Feature","id":1320,"geometry":{"type":"Point","coordinates":[-74.072996204999981,4.5875800389999881]},"properties":{"OBJECTID":1320,"LOCCODIGO":"03","LOCNOMBRE":"Santa Fe","PVODIRECCI":"CLL 3 # 1 B - 09 Este /\nCLL 3 # 2 - 64 Este","PVONSITIO":"Girardot","PVONOMBRE":"Colegio Distrital Jorge Soto del Corral - Sede A","PVONPUESTO":"10","PVOCODIGO":"160010310"}},{"type":"Feature","id":1321,"geometry":{"type":"Point","coordinates":[-74.08290337699998,4.5975361729999804]},"properties":{"OBJECTID":1321,"LOCCODIGO":"03","LOCNOMBRE":"Santa Fe","PVODIRECCI":"CRA 12 A # 7 - 07","PVONSITIO":"Medicina Legal","PVONOMBRE":"Antigua Escuela Santa Ines","PVONPUESTO":"12","PVOCODIGO":"160010312"}},{"type":"Feature","id":1322,"geometry":{"type":"Point","coordinates":[-74.065928600999996,4.6041456359999984]},"properties":{"OBJECTID":1322,"LOCCODIGO":"03","LOCNOMBRE":"Santa Fe","PVODIRECCI":"CLL 21 # 1 - 20","PVONSITIO":"Las Aguas","PVONOMBRE":"Parqueadero primer piso edificio Julio Mario Santo Domingo Universidad de los Andes","PVONPUESTO":"13","PVOCODIGO":"160010313"}},{"type":"Feature","id":1323,"geometry":{"type":"Point","coordinates":[-74.069130899000015,4.6050135880000198]},"properties":{"OBJECTID":1323,"LOCCODIGO":"03","LOCNOMBRE":"Santa Fe","PVODIRECCI":"CLL 20 # 4 - 68","PVONSITIO":"Las Nieves","PVONOMBRE":"Colegio Distrital República de Argentina - Sede B (Policarpa Salavarrieta)","PVONPUESTO":"14","PVOCODIGO":"160010314"}},{"type":"Feature","id":1324,"geometry":{"type":"Point","coordinates":[-74.084156873999973,4.5770414859999846]},"properties":{"OBJECTID":1324,"LOCCODIGO":"04","LOCNOMBRE":"San Cristóbal","PVODIRECCI":"CLL 10 A Sur # 3 A - 61","PVONSITIO":"Santa Ana Sur","PVONOMBRE":"Colegio Distrital José Félix Restrepo - Sede B","PVONPUESTO":"2","PVOCODIGO":"160010402"}},{"type":"Feature","id":1325,"geometry":{"type":"Point","coordinates":[-74.093010117999995,4.5763615860000186]},"properties":{"OBJECTID":1325,"LOCCODIGO":"04","LOCNOMBRE":"San Cristóbal","PVODIRECCI":"CRA 9 A # 18 - 74 Sur","PVONSITIO":"Sosiego","PVONOMBRE":"Colegio Distrital Rafael Nuñez","PVONPUESTO":"7","PVOCODIGO":"160010407"}},{"type":"Feature","id":1326,"geometry":{"type":"Point","coordinates":[-74.093225785000016,4.5670282099999895]},"properties":{"OBJECTID":1326,"LOCCODIGO":"04","LOCNOMBRE":"San Cristóbal","PVODIRECCI":"CLL 27 Sur # 2 B - 59 / \nCLL 27 A Sur # 2 B - 59","PVONSITIO":"Juan del Rizzo","PVONOMBRE":"Colegio privado Salesiano Juan del Rizzo Sede B","PVONPUESTO":"8","PVOCODIGO":"160010408"}},{"type":"Feature","id":1327,"geometry":{"type":"Point","coordinates":[-74.092474532999972,4.5599564949999944]},"properties":{"OBJECTID":1327,"LOCCODIGO":"04","LOCNOMBRE":"San Cristóbal","PVODIRECCI":"CLL 31 D Bis Sur # 2 - 24 Este /\nCLL 31 D Bis Sur # 2 - 25 Este","PVONSITIO":"Bello Horizonte","PVONOMBRE":"Colegio Distrital José Castro Martínez - Sede A","PVONPUESTO":"11","PVOCODIGO":"160010411"}},{"type":"Feature","id":1328,"geometry":{"type":"Point","coordinates":[-74.100935863000018,4.5659045869999773]},"properties":{"OBJECTID":1328,"LOCCODIGO":"04","LOCNOMBRE":"San Cristóbal","PVODIRECCI":"CLL 34 Sur # 7 A - 88","PVONSITIO":"San Isidro","PVONOMBRE":"Colegio Distrital San isidro Sur Oriental - Sede A","PVONPUESTO":"12","PVOCODIGO":"160010412"}},{"type":"Feature","id":1329,"geometry":{"type":"Point","coordinates":[-74.095668846000024,4.5520867609999982]},"properties":{"OBJECTID":1329,"LOCCODIGO":"04","LOCNOMBRE":"San Cristóbal","PVODIRECCI":"DIAG 39 Sur\u00A0# 2 - 10 Este\u00A0 /\nDIAG 39 Sur # 2 - 00 Este","PVONSITIO":"San Martín de Loba Sur","PVONOMBRE":"Colegio Distrital Juán Evangelista Gómez","PVONPUESTO":"14","PVOCODIGO":"160010414"}},{"type":"Feature","id":1330,"geometry":{"type":"Point","coordinates":[-74.084843961999979,4.5453856920000248]},"properties":{"OBJECTID":1330,"LOCCODIGO":"04","LOCNOMBRE":"San Cristóbal","PVODIRECCI":"CLL 42 A Sur # 12 A - 27 Este","PVONSITIO":"Altamira","PVONOMBRE":"Colegio Distrital Altamira Sur Oriental - Sede A","PVONPUESTO":"17","PVOCODIGO":"160010417"}},{"type":"Feature","id":1331,"geometry":{"type":"Point","coordinates":[-74.082812018000027,4.5373940229999903]},"properties":{"OBJECTID":1331,"LOCCODIGO":"04","LOCNOMBRE":"San Cristóbal","PVODIRECCI":"CLL 46 G Sur # 16 A - 01 Este","PVONSITIO":"El Quindío","PVONOMBRE":"Colegio Distrital El Quindío - Sede B","PVONPUESTO":"18","PVOCODIGO":"160010418"}},{"type":"Feature","id":1332,"geometry":{"type":"Point","coordinates":[-74.089955803999999,4.5224338329999796]},"properties":{"OBJECTID":1332,"LOCCODIGO":"04","LOCNOMBRE":"San Cristóbal","PVODIRECCI":"CLL 70 Sur # 13 B - 27 Este","PVONSITIO":"Juan Rey","PVONOMBRE":"Colegio Distrital Juan Rey - Sede A","PVONPUESTO":"21","PVOCODIGO":"160010421"}},{"type":"Feature","id":1333,"geometry":{"type":"Point","coordinates":[-74.115944540999976,4.519357661000015]},"properties":{"OBJECTID":1333,"LOCCODIGO":"05","LOCNOMBRE":"Usme","PVODIRECCI":"CRA 1 A Este # 72 - 60 Sur / CRA 12 # 72 - 60 Sur ","PVONSITIO":"Santa Librada","PVONOMBRE":"Colegio Distrital Orlando Fals Borda","PVONPUESTO":"5","PVOCODIGO":"160010505"}},{"type":"Feature","id":1334,"geometry":{"type":"Point","coordinates":[-74.111903141000028,4.5122662499999819]},"properties":{"OBJECTID":1334,"LOCCODIGO":"05","LOCNOMBRE":"Usme","PVODIRECCI":"CLL 76 A Sur # 8 D - 59 Este / CLL 76 A Sur # 8 D - 25","PVONSITIO":"Almirante Padilla","PVONOMBRE":"Colegio Distrital Almirante Padilla","PVONPUESTO":"6","PVOCODIGO":"160010506"}},{"type":"Feature","id":1335,"geometry":{"type":"Point","coordinates":[-74.114487295000004,4.4954386580000119]},"properties":{"OBJECTID":1335,"LOCCODIGO":"05","LOCNOMBRE":"Usme","PVODIRECCI":"CLL 102 A Sur # 5 - 06","PVONSITIO":"Usminia","PVONOMBRE":"Colegio Distrital Usminia - Sede B","PVONPUESTO":"7","PVOCODIGO":"160010507"}},{"type":"Feature","id":1336,"geometry":{"type":"Point","coordinates":[-74.116981876000011,4.5124141040000154]},"properties":{"OBJECTID":1336,"LOCCODIGO":"05","LOCNOMBRE":"Usme","PVODIRECCI":"CRA 14 B # 76 - 33 Sur","PVONSITIO":"Marichuela","PVONOMBRE":"Colegio Distrital Miguel de Cervantes Saavedra - Sede A","PVONPUESTO":"8","PVOCODIGO":"160010508"}},{"type":"Feature","id":1337,"geometry":{"type":"Point","coordinates":[-74.090391984000007,4.5135643520000031]},"properties":{"OBJECTID":1337,"LOCCODIGO":"05","LOCNOMBRE":"Usme","PVODIRECCI":"CRA 14 B Este # 76 - 59 Sur /\nCRA 14 Este # 76 - 79 Sur","PVONSITIO":"La Flora","PVONOMBRE":"Colegio Distrital Nueva Esperanza","PVONPUESTO":"11","PVOCODIGO":"160010511"}},{"type":"Feature","id":1338,"geometry":{"type":"Point","coordinates":[-74.108748444000014,4.498587950000001]},"properties":{"OBJECTID":1338,"LOCCODIGO":"05","LOCNOMBRE":"Usme","PVODIRECCI":"CLL 91 C Sur # 2 A - 49","PVONSITIO":"Los Comuneros","PVONOMBRE":"Colegio Distrital Los Comuneros","PVONPUESTO":"13","PVOCODIGO":"160010513"}},{"type":"Feature","id":1339,"geometry":{"type":"Point","coordinates":[-74.115021438999975,4.5377657199999817]},"properties":{"OBJECTID":1339,"LOCCODIGO":"05","LOCNOMBRE":"Usme","PVODIRECCI":"CLL 56 A Sur # 3 A - 14","PVONSITIO":"El Danubio Azul","PVONOMBRE":"Colegio Distrital  Fabio Lozano Simonelli - Sede B","PVONPUESTO":"15","PVOCODIGO":"160010515"}},{"type":"Feature","id":1340,"geometry":{"type":"Point","coordinates":[-74.119160435000026,4.5178308690000222]},"properties":{"OBJECTID":1340,"LOCCODIGO":"05","LOCNOMBRE":"Usme","PVODIRECCI":"CLL 73B Sur # 14C - 16","PVONSITIO":"La Fortaleza","PVONOMBRE":"Colegio Distrital El Cortijo Vianey Sede B","PVONPUESTO":"17","PVOCODIGO":"160010517"}},{"type":"Feature","id":1341,"geometry":{"type":"Point","coordinates":[-74.103115537999997,4.506018317999974]},"properties":{"OBJECTID":1341,"LOCCODIGO":"05","LOCNOMBRE":"Usme","PVODIRECCI":"CLL 81 A Sur # 6 - 40 Este / \nTRV 1 Este # 85 - 86 Sur","PVONSITIO":"El Bosque","PVONOMBRE":"Colegio Distrital Ofelia Uribe de Acosta","PVONPUESTO":"18","PVOCODIGO":"160010518"}},{"type":"Feature","id":1342,"geometry":{"type":"Point","coordinates":[-74.102320478000024,4.4939862470000094]},"properties":{"OBJECTID":1342,"LOCCODIGO":"05","LOCNOMBRE":"Usme","PVODIRECCI":"CLL 97 F Sur # 6 F - 08 Este / CLL 97 Sur # 6 F - 08 Este *","PVONSITIO":"Villa Hermosa","PVONOMBRE":"Colegio Distrital Villa Hermosa","PVONPUESTO":"19","PVOCODIGO":"160010519"}},{"type":"Feature","id":1343,"geometry":{"type":"Point","coordinates":[-74.118059415999994,4.5076535950000221]},"properties":{"OBJECTID":1343,"LOCCODIGO":"05","LOCNOMBRE":"Usme","PVODIRECCI":"CLL 92 Sur # 14 D - 87","PVONSITIO":"Valles de Cafam","PVONOMBRE":"Colegio Distrital Atabanzha","PVONPUESTO":"20","PVOCODIGO":"160010520"}},{"type":"Feature","id":1344,"geometry":{"type":"Point","coordinates":[-74.124781504999987,4.5594726709999804]},"properties":{"OBJECTID":1344,"LOCCODIGO":"06","LOCNOMBRE":"Tunjuelito","PVODIRECCI":"CRA 11 B # 52 - 53 Sur /\nCRA 12 # 52 - 60 Sur","PVONSITIO":"Tunjuelito A","PVONOMBRE":"Colegio Distrital Rufino José de Cuervo - Sede A","PVONPUESTO":"1","PVOCODIGO":"160010601"}},{"type":"Feature","id":1345,"geometry":{"type":"Point","coordinates":[-74.137989269000002,4.5855219779999743]},"properties":{"OBJECTID":1345,"LOCCODIGO":"06","LOCNOMBRE":"Tunjuelito","PVODIRECCI":"CRA 35 # 51 B - 87 Sur ","PVONSITIO":"Fátima \"A\"","PVONOMBRE":"Instituto Técnico Industrial Piloto - Sede A","PVONPUESTO":"2","PVOCODIGO":"160010602"}},{"type":"Feature","id":1346,"geometry":{"type":"Point","coordinates":[-74.123807514000021,4.5553244230000018]},"properties":{"OBJECTID":1346,"LOCCODIGO":"06","LOCNOMBRE":"Tunjuelito","PVODIRECCI":"CRA 8 # 53 A - 44 Sur","PVONSITIO":"Abraham Lincoln","PVONOMBRE":"Colegio Distrital Cecilia de la Fuente Lleras - Sede B (Rufino José de Cuervo)","PVONPUESTO":"3","PVOCODIGO":"160010603"}},{"type":"Feature","id":1347,"geometry":{"type":"Point","coordinates":[-74.128157405000024,4.5694603919999963]},"properties":{"OBJECTID":1347,"LOCCODIGO":"06","LOCNOMBRE":"Tunjuelito","PVODIRECCI":"CRA 19 # 50 A - 37 Sur","PVONSITIO":"San Carlos","PVONOMBRE":"Colegio Distrital San Carlos - Sede B","PVONPUESTO":"4","PVOCODIGO":"160010604"}},{"type":"Feature","id":1348,"geometry":{"type":"Point","coordinates":[-74.132374620000007,4.5644149459999994]},"properties":{"OBJECTID":1348,"LOCCODIGO":"06","LOCNOMBRE":"Tunjuelito","PVODIRECCI":"CRA 18 # 56 A - 45 Sur","PVONSITIO":"San Benito","PVONOMBRE":"Colegio Distrital José Antonio Ricaurte","PVONPUESTO":"5","PVOCODIGO":"160010605"}},{"type":"Feature","id":1349,"geometry":{"type":"Point","coordinates":[-74.131921480000017,4.5759231389999968]},"properties":{"OBJECTID":1349,"LOCCODIGO":"06","LOCNOMBRE":"Tunjuelito","PVODIRECCI":"CRA 24 # 49 - 86 Sur / \nCRA 24 # 48 C - 86 Sur","PVONSITIO":"El Tunal \"A\"","PVONOMBRE":"Colegio Distrital Santiago Pérez - Sede A","PVONPUESTO":"6","PVOCODIGO":"160010606"}},{"type":"Feature","id":1350,"geometry":{"type":"Point","coordinates":[-74.132310817000018,4.5829968520000079]},"properties":{"OBJECTID":1350,"LOCCODIGO":"06","LOCNOMBRE":"Tunjuelito","PVODIRECCI":"CLL 48 B Sur # 28 - 75 /\nCRA 29 # 48 B - 36 Sur","PVONSITIO":"El Carmen Sur \"A\"","PVONOMBRE":"Colegio Distrital Rafaél Uribe Uribe - Sede B","PVONPUESTO":"7","PVOCODIGO":"160010607"}},{"type":"Feature","id":1351,"geometry":{"type":"Point","coordinates":[-74.138276585000028,4.5771857629999886]},"properties":{"OBJECTID":1351,"LOCCODIGO":"06","LOCNOMBRE":"Tunjuelito","PVODIRECCI":"CRA 25 # 53 B - 32 Sur","PVONSITIO":"San Vicente Ferrer","PVONOMBRE":"Colegio Distrital Ciudad de Bogotá - Sede A","PVONPUESTO":"8","PVOCODIGO":"160010608"}},{"type":"Feature","id":1086,"geometry":{"type":"Point","coordinates":[-74.138419602999988,4.5506611559999897]},"properties":{"OBJECTID":1086,"LOCCODIGO":"19","LOCNOMBRE":"Ciudad Bolívar","PVODIRECCI":"CRA 17 B Bis A # 67 - 30 Sur /\n CRA 17 B Bis A # 67 - 48 Sur","PVONSITIO":"Lucero del Sur","PVONOMBRE":"Colegio Distrital León de Greiff","PVONPUESTO":"1","PVOCODIGO":"160011901"}},{"type":"Feature","id":1087,"geometry":{"type":"Point","coordinates":[-74.149445137999976,4.5349725830000125]},"properties":{"OBJECTID":1087,"LOCCODIGO":"19","LOCNOMBRE":"Ciudad Bolívar","PVODIRECCI":"CLL 81 Sur # 18 M - 02 / \nCLL 81 Sur # 18 P - 08","PVONSITIO":"El Tesoro","PVONOMBRE":"Colegio Distrital Bicentenario","PVONPUESTO":"4","PVOCODIGO":"160011904"}},{"type":"Feature","id":1088,"geometry":{"type":"Point","coordinates":[-74.136599550000028,4.5550055819999784]},"properties":{"OBJECTID":1088,"LOCCODIGO":"19","LOCNOMBRE":"Ciudad Bolívar","PVODIRECCI":"CLL 64 Sur # 17 - 50 / \nCRA 17 # 64 - 14 Sur","PVONSITIO":"México","PVONOMBRE":"Colegio Distrital República de México - Sede Principal","PVONPUESTO":"5","PVOCODIGO":"160011905"}},{"type":"Feature","id":1089,"geometry":{"type":"Point","coordinates":[-74.145614603000013,4.5490268500000184]},"properties":{"OBJECTID":1089,"LOCCODIGO":"19","LOCNOMBRE":"Ciudad Bolívar","PVODIRECCI":"CLL 69 Sur # 18 B - 35","PVONSITIO":"Lucero Medio","PVONOMBRE":"Colegio Distrital El Recuerdo - Sede A","PVONPUESTO":"6","PVOCODIGO":"160011906"}},{"type":"Feature","id":1090,"geometry":{"type":"Point","coordinates":[-74.151524117999998,4.5754633160000253]},"properties":{"OBJECTID":1090,"LOCCODIGO":"19","LOCNOMBRE":"Ciudad Bolívar","PVODIRECCI":"CLL 59 I Sur # 44 A - 02 / \nCLL 59 Sur # 44 A - 09 ","PVONSITIO":"Arborizadora Baja","PVONOMBRE":"Colegio Distrital Arborizadora Baja","PVONPUESTO":"13","PVOCODIGO":"160011913"}},{"type":"Feature","id":1091,"geometry":{"type":"Point","coordinates":[-74.149647280000011,4.5398667619999742]},"properties":{"OBJECTID":1091,"LOCCODIGO":"19","LOCNOMBRE":"Ciudad Bolívar","PVODIRECCI":"CRA 18 R # 77 - 16 Sur / \nCLL 77 A # 18 U - 91 Sur","PVONSITIO":"Cordillera","PVONOMBRE":"Colegio Distrital José Jaime Rojas","PVONPUESTO":"18","PVOCODIGO":"160011918"}},{"type":"Feature","id":1092,"geometry":{"type":"Point","coordinates":[-74.176364924999973,4.5930776270000138]},"properties":{"OBJECTID":1092,"LOCCODIGO":"19","LOCNOMBRE":"Ciudad Bolívar","PVODIRECCI":"CLL 59 A Sur # 75 B - 75 \nCRA 75 # 59 - 45 Sur","PVONSITIO":"La Estancia","PVONOMBRE":"Colegio Distrital La Estancia San Isidro","PVONPUESTO":"20","PVOCODIGO":"160011920"}},{"type":"Feature","id":1093,"geometry":{"type":"Point","coordinates":[-74.157477351000011,4.5725651860000198]},"properties":{"OBJECTID":1093,"LOCCODIGO":"19","LOCNOMBRE":"Ciudad Bolívar","PVODIRECCI":"CRA 45 C # 69 D - 15 Sur /\nCLL 69 D Sur # 45 B - 37 ","PVONSITIO":"Manuela Beltrán","PVONOMBRE":"Colegio Distrital Paraíso Manuela Beltrán - Sede A","PVONPUESTO":"23","PVOCODIGO":"160011923"}},{"type":"Feature","id":1094,"geometry":{"type":"Point","coordinates":[-74.165623897999978,4.5776785209999957]},"properties":{"OBJECTID":1094,"LOCCODIGO":"19","LOCNOMBRE":"Ciudad Bolívar","PVODIRECCI":"CLL 70 Sur # 56 - 11","PVONSITIO":"Sierra Morena","PVONOMBRE":"Colegio Distrital CEDIT Ciudad Bolívar","PVONPUESTO":"24","PVOCODIGO":"160011924"}},{"type":"Feature","id":1095,"geometry":{"type":"Point","coordinates":[-74.178939640999999,4.5788444440000262]},"properties":{"OBJECTID":1095,"LOCCODIGO":"19","LOCNOMBRE":"Ciudad Bolívar","PVODIRECCI":"CLL 62 B Sur # 77 C - 11 / \nCLL 68 B Sur # 77 A - 07 ","PVONSITIO":"Santo Domingo","PVONOMBRE":"Colegio Distrital Sierra Morena -  Sede B","PVONPUESTO":"26","PVOCODIGO":"160011926"}},{"type":"Feature","id":1096,"geometry":{"type":"Point","coordinates":[-74.163723467000011,4.5678576270000235]},"properties":{"OBJECTID":1096,"LOCCODIGO":"19","LOCNOMBRE":"Ciudad Bolívar","PVODIRECCI":"CRA 42 # 72 C - 24 Sur /\nCRA 42 # 73 A - 10 Sur ","PVONSITIO":"Arborizadora Alta","PVONOMBRE":"Colegio Distrital Gimnasio Sabio Caldas","PVONPUESTO":"29","PVOCODIGO":"160011929"}},{"type":"Feature","id":1097,"geometry":{"type":"Point","coordinates":[-74.135633457999973,4.5567147529999943]},"properties":{"OBJECTID":1097,"LOCCODIGO":"19","LOCNOMBRE":"Ciudad Bolívar","PVODIRECCI":"CRA 16 C # 62 - 35 Sur /\nCRA 16 C # 62 - 81 Sur ","PVONSITIO":"Meissen","PVONOMBRE":"Colegio Distrital Guillermo Ca# Isaza","PVONPUESTO":"32","PVOCODIGO":"160011932"}},{"type":"Feature","id":1098,"geometry":{"type":"Point","coordinates":[-74.163789371000007,4.642366605999996]},"properties":{"OBJECTID":1098,"LOCCODIGO":"08","LOCNOMBRE":"Kennedy","PVODIRECCI":"CRA 89 # 26 - 03 Sur / CRA 89 # 26 - 01 Sur","PVONSITIO":"Col. Dis. Saludcoop Sur","PVONOMBRE":"Colegio Distrital Saludcoop Sur","PVONPUESTO":"58","PVOCODIGO":"160010858"}},{"type":"Feature","id":1099,"geometry":{"type":"Point","coordinates":[-74.110587967000015,4.6928995559999862]},"properties":{"OBJECTID":1099,"LOCCODIGO":"10","LOCNOMBRE":"Engativá","PVODIRECCI":"CRA 89 # 68 A - 36 /\nCRA 89 # 68 A - 32","PVONSITIO":"La Florida","PVONOMBRE":"Colegio Manyanet","PVONPUESTO":"15","PVOCODIGO":"160011015"}},{"type":"Feature","id":1100,"geometry":{"type":"Point","coordinates":[-74.103378609000004,4.6889287729999864]},"properties":{"OBJECTID":1100,"LOCCODIGO":"10","LOCNOMBRE":"Engativá","PVODIRECCI":"CRA 78 # 69 A - 11","PVONSITIO":"Santa Helenita","PVONOMBRE":"Colegio Distrital Manuela Ayala de Gaitán - Sede B","PVONPUESTO":"16","PVOCODIGO":"160011016"}},{"type":"Feature","id":1101,"geometry":{"type":"Point","coordinates":[-74.093574751999995,4.6838089930000137]},"properties":{"OBJECTID":1101,"LOCCODIGO":"10","LOCNOMBRE":"Engativá","PVODIRECCI":"CRA 70 C Bis # 71 - 33","PVONSITIO":"La Europa","PVONOMBRE":"Colegio Distrital Néstor Forero Alcalá - Sede A","PVONPUESTO":"17","PVOCODIGO":"160011017"}},{"type":"Feature","id":1102,"geometry":{"type":"Point","coordinates":[-74.091525795999985,4.6787822910000045]},"properties":{"OBJECTID":1102,"LOCCODIGO":"10","LOCNOMBRE":"Engativá","PVODIRECCI":"CRA 69 C # 69 - 20","PVONSITIO":"La Estrada","PVONOMBRE":"Colegio Distrital República de Colombia - Sede B","PVONPUESTO":"18","PVOCODIGO":"160011018"}},{"type":"Feature","id":1103,"geometry":{"type":"Point","coordinates":[-74.091566360999991,4.6774213429999918]},"properties":{"OBJECTID":1103,"LOCCODIGO":"10","LOCNOMBRE":"Engativá","PVODIRECCI":"CLL 68 # 69 - 10","PVONSITIO":"La Estradita","PVONOMBRE":"Colegio Distrital República de Colombia - Sede A","PVONPUESTO":"19","PVOCODIGO":"160011019"}},{"type":"Feature","id":1104,"geometry":{"type":"Point","coordinates":[-74.087162714999977,4.6806825900000035]},"properties":{"OBJECTID":1104,"LOCCODIGO":"10","LOCNOMBRE":"Engativá","PVODIRECCI":"CLL 73 Bis # 68 G - 27","PVONSITIO":"Las Ferias","PVONOMBRE":"Colegio Distrital Naciones Unidas - Sede C","PVONPUESTO":"20","PVOCODIGO":"160011020"}},{"type":"Feature","id":1105,"geometry":{"type":"Point","coordinates":[-74.086852654999973,4.6901321970000254]},"properties":{"OBJECTID":1105,"LOCCODIGO":"10","LOCNOMBRE":"Engativá","PVODIRECCI":"CLL 78 Bis # 69T - 45","PVONSITIO":"Bonanza","PVONOMBRE":"Colegio Distrital Técnico República de Guatemala","PVONPUESTO":"21","PVOCODIGO":"160011021"}},{"type":"Feature","id":1106,"geometry":{"type":"Point","coordinates":[-74.094701316999988,4.6916614429999868]},"properties":{"OBJECTID":1106,"LOCCODIGO":"10","LOCNOMBRE":"Engativá","PVODIRECCI":"CLL 74 B # 73 A - 20","PVONSITIO":"Santa María del Lago","PVONOMBRE":"Colegio Distrital Tabora - Sede B","PVONPUESTO":"22","PVOCODIGO":"160011022"}},{"type":"Feature","id":1107,"geometry":{"type":"Point","coordinates":[-74.101807446999999,4.6987134419999848]},"properties":{"OBJECTID":1107,"LOCCODIGO":"10","LOCNOMBRE":"Engativá","PVODIRECCI":"CRA 84 # 75 A - 09","PVONSITIO":"La Granja","PVONOMBRE":"Colegio Distrital San José Norte - Sede A","PVONPUESTO":"23","PVOCODIGO":"160011023"}},{"type":"Feature","id":1108,"geometry":{"type":"Point","coordinates":[-74.167136121999988,4.6056625279999821]},"properties":{"OBJECTID":1108,"LOCCODIGO":"08","LOCNOMBRE":"Kennedy","PVODIRECCI":"CRA 77 K Bis A # 50 - 26 Sur","PVONSITIO":"Colegio Distrital Villa Rica - Sede A","PVONOMBRE":"Colegio Distrital Villa Rica - Sede A","PVONPUESTO":"3","PVOCODIGO":"160010803"}},{"type":"Feature","id":1109,"geometry":{"type":"Point","coordinates":[-74.167932603999986,4.6183980160000146]},"properties":{"OBJECTID":1109,"LOCCODIGO":"08","LOCNOMBRE":"Kennedy","PVODIRECCI":"CRA 79 F # 46 - 16 Sur","PVONSITIO":"Casablanca 32","PVONOMBRE":"Salón Comunal Casablanca 32","PVONPUESTO":"5","PVOCODIGO":"160010805"}},{"type":"Feature","id":1110,"geometry":{"type":"Point","coordinates":[-74.173011327999973,4.6253095949999761]},"properties":{"OBJECTID":1110,"LOCCODIGO":"08","LOCNOMBRE":"Kennedy","PVODIRECCI":"CLL 47 A Sur # 82 - 99","PVONSITIO":"Britalia","PVONOMBRE":"Colegio Distrital Gran Britalia - Sede B","PVONPUESTO":"6","PVOCODIGO":"160010806"}},{"type":"Feature","id":1111,"geometry":{"type":"Point","coordinates":[-74.162829612999985,4.6212503300000094]},"properties":{"OBJECTID":1111,"LOCCODIGO":"08","LOCNOMBRE":"Kennedy","PVODIRECCI":"CLL 42 A Sur # 79 D – 37 /\nCRA 79 D # 42 A - 67 Sur","PVONSITIO":"Colegio Distrital San José - Sede A","PVONOMBRE":"Colegio Distrital San José","PVONPUESTO":"7","PVOCODIGO":"160010807"}},{"type":"Feature","id":1112,"geometry":{"type":"Point","coordinates":[-74.158323809000024,4.6173882219999882]},"properties":{"OBJECTID":1112,"LOCCODIGO":"08","LOCNOMBRE":"Kennedy","PVODIRECCI":"CLL 41 C Sur # 78 H - 85","PVONSITIO":"Los Periodistas","PVONOMBRE":"Colegio Distrital Los Periodistas","PVONPUESTO":"8","PVOCODIGO":"160010808"}},{"type":"Feature","id":1113,"geometry":{"type":"Point","coordinates":[-74.146358521000025,4.5996501289999969]},"properties":{"OBJECTID":1113,"LOCCODIGO":"08","LOCNOMBRE":"Kennedy","PVODIRECCI":"TRV 72 B # 44 C - 19 Sur","PVONSITIO":"Carlos Arturo Torres","PVONOMBRE":"Colegio Distrital República de Finlandia","PVONPUESTO":"9","PVOCODIGO":"160010809"}},{"type":"Feature","id":1114,"geometry":{"type":"Point","coordinates":[-74.148547893,4.6036399440000082]},"properties":{"OBJECTID":1114,"LOCCODIGO":"08","LOCNOMBRE":"Kennedy","PVODIRECCI":"CRA 72 I # 42 F - 54 Sur","PVONSITIO":"La Chucua","PVONOMBRE":"Colegio Distrital La Chucua","PVONPUESTO":"10","PVOCODIGO":"160010810"}},{"type":"Feature","id":1115,"geometry":{"type":"Point","coordinates":[-74.143843510000011,4.6082884080000213]},"properties":{"OBJECTID":1115,"LOCCODIGO":"08","LOCNOMBRE":"Kennedy","PVODIRECCI":"CRA 72 G # 39 - 99 Sur / \nCLL 39 B Sur # 72 G - 62","PVONSITIO":"Colegio Alfonso López Pumarejo","PVONOMBRE":"Colegio Distrital Alfonso López","PVONPUESTO":"11","PVOCODIGO":"160010811"}},{"type":"Feature","id":1116,"geometry":{"type":"Point","coordinates":[-74.154456262999986,4.612588857999981]},"properties":{"OBJECTID":1116,"LOCCODIGO":"08","LOCNOMBRE":"Kennedy","PVODIRECCI":"DIAG 41 Sur # 73 A - 80","PVONSITIO":"Francisco Miranda","PVONOMBRE":"Colegio Distrital Francisco Miranda","PVONPUESTO":"12","PVOCODIGO":"160010812"}},{"type":"Feature","id":1117,"geometry":{"type":"Point","coordinates":[-74.15062750200002,4.6167652600000224]},"properties":{"OBJECTID":1117,"LOCCODIGO":"08","LOCNOMBRE":"Kennedy","PVODIRECCI":"CRA 73 C Bis # 38 C - 84 Sur / \nCLL 38C Sur # 73A - 93","PVONSITIO":"Las Américas Sede A","PVONOMBRE":"Colegio Distrital Las Américas - Sede A","PVONPUESTO":"13","PVOCODIGO":"160010813"}},{"type":"Feature","id":1118,"geometry":{"type":"Point","coordinates":[-74.155645404999973,4.6182880499999897]},"properties":{"OBJECTID":1118,"LOCCODIGO":"08","LOCNOMBRE":"Kennedy","PVODIRECCI":"CLL 40 J Sur # 78 - 08","PVONSITIO":"Colegio Tom Adams","PVONOMBRE":"Colegio Distrital Tom Adams","PVONPUESTO":"14","PVOCODIGO":"160010814"}},{"type":"Feature","id":1119,"geometry":{"type":"Point","coordinates":[-74.15351731200002,4.6216975520000005]},"properties":{"OBJECTID":1119,"LOCCODIGO":"08","LOCNOMBRE":"Kennedy","PVODIRECCI":"CRA 78 G # 38 C - 11 Sur","PVONSITIO":"El Japón","PVONOMBRE":"Colegio Distrital El Japón","PVONPUESTO":"16","PVOCODIGO":"160010816"}},{"type":"Feature","id":1120,"geometry":{"type":"Point","coordinates":[-74.162825567000027,4.6330388299999754]},"properties":{"OBJECTID":1120,"LOCCODIGO":"08","LOCNOMBRE":"Kennedy","PVODIRECCI":"CRA 83 # 38 B - 12 Sur","PVONSITIO":"El Saucedal","PVONOMBRE":"Colegio Distrital La Amistad - Sede B","PVONPUESTO":"18","PVOCODIGO":"160010818"}},{"type":"Feature","id":1121,"geometry":{"type":"Point","coordinates":[-74.159960421999983,4.6406443609999997]},"properties":{"OBJECTID":1121,"LOCCODIGO":"08","LOCNOMBRE":"Kennedy","PVODIRECCI":"CLL 1 Bis Sur # 87 - 84","PVONSITIO":"Colegio Distrital Manuel Zapata Olivella","PVONOMBRE":"Colegio Distrital Manuel Zapata Olivella","PVONPUESTO":"19","PVOCODIGO":"160010819"}},{"type":"Feature","id":1122,"geometry":{"type":"Point","coordinates":[-74.151234824000028,4.6251418680000143]},"properties":{"OBJECTID":1122,"LOCCODIGO":"08","LOCNOMBRE":"Kennedy","PVODIRECCI":"CLL 35 A Sur # 78 I - 21/\nCRA 78 F # 35 C - 63 Sur ","PVONSITIO":"Colegio C.E.L.C.O. San Lucas","PVONOMBRE":"Colegio Privado C.E.L.C.O. San Lucas","PVONPUESTO":"21","PVOCODIGO":"160010821"}},{"type":"Feature","id":1123,"geometry":{"type":"Point","coordinates":[-74.151092539999979,4.6243212429999971]},"properties":{"OBJECTID":1123,"LOCCODIGO":"08","LOCNOMBRE":"Kennedy","PVODIRECCI":"CLL 35 C Sur #78 F - 81","PVONSITIO":"Próspero Pinzón","PVONOMBRE":"Colegio Próspero Pinzón","PVONPUESTO":"22","PVOCODIGO":"160010822"}},{"type":"Feature","id":1124,"geometry":{"type":"Point","coordinates":[-74.148127645999978,4.6234225499999866]},"properties":{"OBJECTID":1124,"LOCCODIGO":"08","LOCNOMBRE":"Kennedy","PVODIRECCI":"CRA 78 # 35 - 30 Sur","PVONSITIO":"Colegio La Amistad","PVONOMBRE":"Colegio Distrital La Amistad","PVONPUESTO":"23","PVOCODIGO":"160010823"}},{"type":"Feature","id":1125,"geometry":{"type":"Point","coordinates":[-74.141458683999986,4.6181586349999861]},"properties":{"OBJECTID":1125,"LOCCODIGO":"08","LOCNOMBRE":"Kennedy","PVODIRECCI":"CRA 72 L # 34 - 19 Sur","PVONSITIO":"Colegio OEA","PVONOMBRE":"Colegio Distrital OEA","PVONPUESTO":"25","PVOCODIGO":"160010825"}},{"type":"Feature","id":1126,"geometry":{"type":"Point","coordinates":[-74.132311089999973,4.6087048790000154]},"properties":{"OBJECTID":1126,"LOCCODIGO":"08","LOCNOMBRE":"Kennedy","PVODIRECCI":"TRV 68 C # 31 - 26 Sur","PVONSITIO":"Floralia","PVONOMBRE":"Salón Comunal Floralia","PVONPUESTO":"26","PVOCODIGO":"160010826"}},{"type":"Feature","id":1127,"geometry":{"type":"Point","coordinates":[-74.135471677999988,4.6153210659999786]},"properties":{"OBJECTID":1127,"LOCCODIGO":"08","LOCNOMBRE":"Kennedy","PVODIRECCI":"CLL 25 Sur # 69 C - 34","PVONSITIO":"Carvajal II - Sede Antonia Santos I","PVONOMBRE":"Colegio Distrital Antonia Santos","PVONPUESTO":"27","PVOCODIGO":"160010827"}},{"type":"Feature","id":1128,"geometry":{"type":"Point","coordinates":[-74.129084712000008,4.6129239530000063]},"properties":{"OBJECTID":1128,"LOCCODIGO":"08","LOCNOMBRE":"Kennedy","PVODIRECCI":"CLL 20 Sur # 68 D - 36","PVONSITIO":"Villa Adriana","PVONOMBRE":"Salón Comunal Villa Adriana","PVONPUESTO":"28","PVOCODIGO":"160010828"}},{"type":"Feature","id":1129,"geometry":{"type":"Point","coordinates":[-74.135905679000018,4.6261863789999893]},"properties":{"OBJECTID":1129,"LOCCODIGO":"08","LOCNOMBRE":"Kennedy","PVODIRECCI":"CRA 71 C # 3 A - 41","PVONSITIO":"Superior Americano","PVONOMBRE":"Colegio Superior Americano","PVONPUESTO":"29","PVOCODIGO":"160010829"}},{"type":"Feature","id":1130,"geometry":{"type":"Point","coordinates":[-74.127443743000015,4.6207958570000187]},"properties":{"OBJECTID":1130,"LOCCODIGO":"08","LOCNOMBRE":"Kennedy","PVODIRECCI":"CRA 68 B Bis # 1 - 09 Sur","PVONSITIO":"La Floresta Sur","PVONOMBRE":"Colegio Distrital La Floresta Sur - Sede 1","PVONPUESTO":"30","PVOCODIGO":"160010830"}},{"type":"Feature","id":1131,"geometry":{"type":"Point","coordinates":[-74.12731736500001,4.6321512889999781]},"properties":{"OBJECTID":1131,"LOCCODIGO":"08","LOCNOMBRE":"Kennedy","PVODIRECCI":"CRA 69 # 7 - 90","PVONSITIO":"Marsella","PVONOMBRE":"Colegio Distrital Marsella","PVONPUESTO":"31","PVOCODIGO":"160010831"}},{"type":"Feature","id":1132,"geometry":{"type":"Point","coordinates":[-74.133247897999979,4.6329012379999881]},"properties":{"OBJECTID":1132,"LOCCODIGO":"08","LOCNOMBRE":"Kennedy","PVODIRECCI":"CLL 7 A Bis # 71 A - 20","PVONSITIO":"Aloha","PVONOMBRE":"Salón Comunal Aloha","PVONPUESTO":"32","PVOCODIGO":"160010832"}},{"type":"Feature","id":1448,"geometry":{"type":"Point","coordinates":[-74.171151167999994,4.5726401879999798]},"properties":{"OBJECTID":1448,"LOCCODIGO":"19","LOCNOMBRE":"Ciudad Bolívar","PVODIRECCI":"CLL 77 Sur # 73 C 18","PVONSITIO":"Caracolí","PVONOMBRE":"Salón Comunal Nuevo Caracolí","PVONPUESTO":"36","PVOCODIGO":"160011936"}},{"type":"Feature","id":1449,"geometry":{"type":"Point","coordinates":[-74.154599037000025,4.5410855829999832]},"properties":{"OBJECTID":1449,"LOCCODIGO":"19","LOCNOMBRE":"Ciudad Bolívar","PVODIRECCI":"CLL 76 Sur # 24 A - 11","PVONSITIO":"Brisas del Volador","PVONOMBRE":"Colegio Distrital República de Canadá","PVONPUESTO":"38","PVOCODIGO":"160011938"}},{"type":"Feature","id":1450,"geometry":{"type":"Point","coordinates":[-74.13810351699999,4.5378091850000146]},"properties":{"OBJECTID":1450,"LOCCODIGO":"19","LOCNOMBRE":"Ciudad Bolívar","PVODIRECCI":"CLL 78 C Sur # 16 - 29 /\nCLL 78 C Sur # 16 P - 29","PVONSITIO":"Divino Niño","PVONOMBRE":"Comedor Comunitario","PVONPUESTO":"39","PVOCODIGO":"160011939"}},{"type":"Feature","id":1451,"geometry":{"type":"Point","coordinates":[-74.160486948000027,4.5811819900000046]},"properties":{"OBJECTID":1451,"LOCCODIGO":"19","LOCNOMBRE":"Ciudad Bolívar","PVODIRECCI":"CLL 68 D Bis A Sur # 63 - 34 / \nCLL 68 D Bis A Sur # 63 - 35","PVONSITIO":"Casa Grande - Colegio Distrital Agudelo Restrepo","PVONOMBRE":"Casa Grande - Col Dist Agudelo Restrepo","PVONPUESTO":"40","PVOCODIGO":"160011940"}},{"type":"Feature","id":1452,"geometry":{"type":"Point","coordinates":[-74.089940260999981,4.6303696489999879]},"properties":{"OBJECTID":1452,"LOCCODIGO":"90","LOCNOMBRE":"Teusaquillo","PVODIRECCI":"CLL 24 # 37 - 94","PVONSITIO":"Puesto Censo (Feria Exposición)","PVONOMBRE":"CORFERIAS","PVONPUESTO":"1","PVOCODIGO":"160019001"}},{"type":"Feature","id":1453,"geometry":{"type":"Point","coordinates":[-74.107241194999972,4.6353847099999825]},"properties":{"OBJECTID":1453,"LOCCODIGO":"98","LOCNOMBRE":"Puente Aranda","PVODIRECCI":"CRA 56 # 18 A - 47","PVONSITIO":"Cárcel Distrital Judicial Modelo","PVONOMBRE":"Localidad Puente Aranda","PVONPUESTO":"2","PVOCODIGO":"160019802"}},{"type":"Feature","id":1454,"geometry":{"type":"Point","coordinates":[-74.072866320000003,4.6826276389999748]},"properties":{"OBJECTID":1454,"LOCCODIGO":"98","LOCNOMBRE":"Barrios Unidos","PVODIRECCI":"CRA 58 # 80 - 95","PVONSITIO":"Reclusión de Mujeres El Buen Pastor","PVONOMBRE":"Localidad Barrios Unidos","PVONPUESTO":"3","PVOCODIGO":"160019803"}},{"type":"Feature","id":1455,"geometry":{"type":"Point","coordinates":[-74.085261069000012,4.5858619510000267]},"properties":{"OBJECTID":1455,"LOCCODIGO":"98","LOCNOMBRE":"San Cristóbal","PVODIRECCI":"CRA 8 # 1 C - 50 Sur","PVONSITIO":"Cárcel Distrital","PVONOMBRE":"Localidad San Cristobal","PVONPUESTO":"4","PVOCODIGO":"160019804"}},{"type":"Feature","id":1456,"geometry":{"type":"Point","coordinates":[-74.08023466100002,4.6757616230000281]},"properties":{"OBJECTID":1456,"LOCCODIGO":"12","LOCNOMBRE":"Barrios Unidos","PVODIRECCI":"CLL 74 A # 62 - 44","PVONSITIO":"Simón Bolívar","PVONOMBRE":"Colegio Distrital Tomás Carrasquilla - sede A","PVONPUESTO":"7","PVOCODIGO":"160011207"}},{"type":"Feature","id":1457,"geometry":{"type":"Point","coordinates":[-74.075829054999986,4.649279933999992]},"properties":{"OBJECTID":1457,"LOCCODIGO":"13","LOCNOMBRE":"Teusaquillo","PVODIRECCI":"DIAG 61 C\u00A0 # 27 - 21 ","PVONSITIO":"El Campín","PVONOMBRE":"Centro Superior de Estudios en Administración Deportiva - CEAD (Frente al Col. Cubierto El Campín)","PVONPUESTO":"3","PVOCODIGO":"160011303"}},{"type":"Feature","id":1458,"geometry":{"type":"Point","coordinates":[-74.152873852000027,4.5711038520000216]},"properties":{"OBJECTID":1458,"LOCCODIGO":"19","LOCNOMBRE":"Ciudad Bolívar","PVODIRECCI":"DIAG 64 A Sur # 41 - 51 / \nCRA 43A # 66-51 Sur","PVONSITIO":"Candelaria La Nueva","PVONOMBRE":"Colegio Distrital Rodrigo Lara Bonilla","PVONPUESTO":"12","PVOCODIGO":"160011912"}},{"type":"Feature","id":1459,"geometry":{"type":"Point","coordinates":[-74.138959191000026,4.4082029950000106]},"properties":{"OBJECTID":1459,"LOCCODIGO":"05","LOCNOMBRE":"Usme","PVODIRECCI":"KM 8 Vía San Juan de Sumapáz","PVONSITIO":"El Destino","PVONOMBRE":"Colegio Distrital El Destino","PVONPUESTO":"2","PVOCODIGO":"160010502"}},{"type":"Feature","id":1460,"geometry":{"type":"Point","coordinates":[-74.179519877000018,4.3695888699999728]},"properties":{"OBJECTID":1460,"LOCCODIGO":"05","LOCNOMBRE":"Usme","PVODIRECCI":"Kilómetro 14 Vía San Juan de Sumapáz","PVONSITIO":"El Hato","PVONOMBRE":"Colegio Distrital El Hato","PVONPUESTO":"12","PVOCODIGO":"160010512"}},{"type":"Feature","id":1461,"geometry":{"type":"Point","coordinates":[-74.15583651999998,4.448451585999976]},"properties":{"OBJECTID":1461,"LOCCODIGO":"19","LOCNOMBRE":"Ciudad Bolívar","PVODIRECCI":"KM 5 Vía Olarte","PVONSITIO":"Pasquilla","PVONOMBRE":"Colegio Distrital Rural Pasquilla","PVONPUESTO":"3","PVOCODIGO":"160011903"}},{"type":"Feature","id":1462,"geometry":{"type":"Point","coordinates":[-74.148288911999998,4.4887956079999753]},"properties":{"OBJECTID":1462,"LOCCODIGO":"19","LOCNOMBRE":"Ciudad Bolívar","PVODIRECCI":"KM 24 Vía a Pasquilla","PVONSITIO":"Mochuelo Alto","PVONOMBRE":"Colegio Distrital Rural Mochuelo Alto","PVONPUESTO":"16","PVOCODIGO":"160011916"}},{"type":"Feature","id":1463,"geometry":{"type":"Point","coordinates":[-74.15202863899998,4.5104142330000059]},"properties":{"OBJECTID":1463,"LOCCODIGO":"19","LOCNOMBRE":"Ciudad Bolívar","PVODIRECCI":"El Clavel KM 10 Vía Quiba","PVONSITIO":"Mochuelo Bajo","PVONOMBRE":"Colegio Distrital José Celestino Mutis","PVONPUESTO":"17","PVOCODIGO":"160011917"}},{"type":"Feature","id":1464,"geometry":{"type":"Point","coordinates":[-74.166206348000003,4.5283038179999835]},"properties":{"OBJECTID":1464,"LOCCODIGO":"19","LOCNOMBRE":"Ciudad Bolívar","PVODIRECCI":"Kilómetro 20 Vía a Quiba","PVONSITIO":"Vereda Quiba","PVONOMBRE":"Colegio Distrital Quiba Alta San Martín - Sede B","PVONPUESTO":"22","PVOCODIGO":"160011922"}},{"type":"Feature","id":1465,"geometry":{"type":"Point","coordinates":[-74.161043120999977,4.3971681630000035]},"properties":{"OBJECTID":1465,"LOCCODIGO":"19","LOCNOMBRE":"Ciudad Bolívar","PVODIRECCI":"Vereda Santa Rosa Zona Rural Ciudad Bolívar Vía Pasquilla","PVONSITIO":"Santa Rosa","PVONOMBRE":"Vereda Santa Rosa","PVONPUESTO":"37","PVOCODIGO":"160011937"}},{"type":"Feature","id":1466,"geometry":{"type":"Point","coordinates":[-74.14727385499998,4.1726302889999829]},"properties":{"OBJECTID":1466,"LOCCODIGO":"20","LOCNOMBRE":"Sumapaz","PVODIRECCI":"Centro Poblado Corregimiento de Nazareth","PVONSITIO":"Nazareth","PVONOMBRE":"Salón Comunal Nazareth","PVONPUESTO":"2","PVOCODIGO":"160012002"}},{"type":"Feature","id":1467,"geometry":{"type":"Point","coordinates":[-74.146258382999974,4.2178952979999735]},"properties":{"OBJECTID":1467,"LOCCODIGO":"20","LOCNOMBRE":"Sumapaz","PVODIRECCI":"Centro Poblado Corregimiento de Betania","PVONSITIO":"Betania","PVONOMBRE":"Salón Comunal de Betania","PVONPUESTO":"3","PVOCODIGO":"160012003"}},{"type":"Feature","id":1468,"geometry":{"type":"Point","coordinates":[-74.116428799000005,4.5491645210000229]},"properties":{"OBJECTID":1468,"LOCCODIGO":"98","LOCNOMBRE":"Rafael Uribe Uribe","PVODIRECCI":"Vía Usme KM 5 / CLL 51 Sur # 5F - 50","PVONSITIO":"Penitenciaría La Picota","PVONOMBRE":"Localidad Rafaél Uribe Uribe","PVONPUESTO":"1","PVOCODIGO":"160019801"}},{"type":"Feature","id":1469,"geometry":{"type":"Point","coordinates":[-74.113530899000011,4.6554396249999854]},"properties":{"OBJECTID":1469,"LOCCODIGO":"09","LOCNOMBRE":"Fontibon","PVODIRECCI":"CLL 23 C # 69 B – 01","PVONSITIO":"Agustiniano - Salitre","PVONOMBRE":"Colegio Agustiniano Salitre","PVONPUESTO":"15","PVOCODIGO":"160010915"}},{"type":"Feature","id":1470,"geometry":{"type":"Point","coordinates":[-74.176865518999989,4.6075258289999965]},"properties":{"OBJECTID":1470,"LOCCODIGO":"08","LOCNOMBRE":"Kennedy","PVODIRECCI":"CLL 58 B Sur # 78 K - 21 /\nCLL 58 C Sur # 78 K - 21","PVONSITIO":"Gema","PVONOMBRE":"Salón Comunal El Ruby II Sector","PVONPUESTO":"53","PVOCODIGO":"160010853"}},{"type":"Feature","id":1471,"geometry":{"type":"Point","coordinates":[-74.31516925599999,4.0287467890000244]},"properties":{"OBJECTID":1471,"LOCCODIGO":"20","LOCNOMBRE":"Sumapaz","PVODIRECCI":"Centro Poblado Corregimiento de San Juan de Sumapaz","PVONSITIO":"San Juán de Sumapaz","PVONOMBRE":"Salón Comunal Mario Upegui","PVONPUESTO":"1","PVOCODIGO":"160012001"}},{"type":"Feature","id":1518,"geometry":{"type":"Point","coordinates":[-74.11357177299999,4.5578004960000271]},"properties":{"OBJECTID":1518,"LOCCODIGO":"18","LOCNOMBRE":"Rafael Uribe Uribe","PVODIRECCI":"TRV 5 P # 48 J - 31 Sur","PVONSITIO":"Mirador de Marrocos","PVONOMBRE":"Salón Comunal Mirador de Marrocos","PVONPUESTO":"32","PVOCODIGO":"160011832"}},{"type":"Feature","id":1519,"geometry":{"type":"Point","coordinates":[-74.118610992000015,4.575836320999997]},"properties":{"OBJECTID":1519,"LOCCODIGO":"18","LOCNOMBRE":"Rafael Uribe Uribe","PVODIRECCI":"AV Caracas # 37 - 48 Sur","PVONSITIO":"San Juanito","PVONOMBRE":"Plazoleta entrada del almacén ARA - Conjunto Asturias Real","PVONPUESTO":"33","PVOCODIGO":"160011833"}},{"type":"Feature","id":1520,"geometry":{"type":"Point","coordinates":[-74.144932078000011,4.537077279000016]},"properties":{"OBJECTID":1520,"LOCCODIGO":"19","LOCNOMBRE":"Ciudad Bolívar","PVODIRECCI":"CLL 80 A Sur # 18 C - 70","PVONSITIO":"San Joaquín del Vaticano","PVONOMBRE":"Colegio Distrital Don Bosco La Joya Sede A","PVONPUESTO":"2","PVOCODIGO":"160011902"}},{"type":"Feature","id":1521,"geometry":{"type":"Point","coordinates":[-74.149056816999973,4.5471018810000032]},"properties":{"OBJECTID":1521,"LOCCODIGO":"19","LOCNOMBRE":"Ciudad Bolívar","PVODIRECCI":"DIAG 71 B Sur # 18 I - 20","PVONSITIO":"Vistahermosa","PVONOMBRE":"Colegio Distrital Rafaél Uribe Uribe","PVONPUESTO":"7","PVOCODIGO":"160011907"}},{"type":"Feature","id":1522,"geometry":{"type":"Point","coordinates":[-74.14226652100001,4.5606721409999977]},"properties":{"OBJECTID":1522,"LOCCODIGO":"19","LOCNOMBRE":"Ciudad Bolívar","PVODIRECCI":"CLL 62 Sur # 19 B – 42","PVONSITIO":"La Acacia","PVONOMBRE":"Colegio Distrital La Acacia II - Sede A","PVONPUESTO":"8","PVOCODIGO":"160011908"}},{"type":"Feature","id":1523,"geometry":{"type":"Point","coordinates":[-74.165429932999984,4.5719070939999824]},"properties":{"OBJECTID":1523,"LOCCODIGO":"19","LOCNOMBRE":"Ciudad Bolívar","PVODIRECCI":"CLL 75 Sur # 46 B - 16","PVONSITIO":"Jerusalén (El Tanque)","PVONOMBRE":"Colegio Distrital Tanque Laguna - Sede B","PVONPUESTO":"9","PVOCODIGO":"160011909"}},{"type":"Feature","id":1524,"geometry":{"type":"Point","coordinates":[-74.147863077000011,4.5552619929999878]},"properties":{"OBJECTID":1524,"LOCCODIGO":"19","LOCNOMBRE":"Ciudad Bolívar","PVODIRECCI":"CRA 18 P # 67 C - 21 Sur /\nCRA 18 Q Bis B # 67 C - 21 Sur","PVONSITIO":"Juan Pablo II","PVONOMBRE":"Colegio Distrital Santa Bárbara","PVONPUESTO":"10","PVOCODIGO":"160011910"}},{"type":"Feature","id":1525,"geometry":{"type":"Point","coordinates":[-74.149057847999984,4.5636229390000267]},"properties":{"OBJECTID":1525,"LOCCODIGO":"19","LOCNOMBRE":"Ciudad Bolívar","PVODIRECCI":"CLL 67 Sur # 20 D - 20","PVONSITIO":"San Francisco","PVONOMBRE":"Colegio Distrital Nicolas Gómez Dávila","PVONPUESTO":"11","PVOCODIGO":"160011911"}},{"type":"Feature","id":1526,"geometry":{"type":"Point","coordinates":[-74.158388412000022,4.5863692140000012]},"properties":{"OBJECTID":1526,"LOCCODIGO":"19","LOCNOMBRE":"Ciudad Bolívar","PVODIRECCI":"TRV 70 D # 60 - 90 Sur","PVONSITIO":"Madelena","PVONOMBRE":"Colegio Distrital El Ensueño","PVONPUESTO":"14","PVOCODIGO":"160011914"}},{"type":"Feature","id":1527,"geometry":{"type":"Point","coordinates":[-74.032523959000002,4.723401707999983]},"properties":{"OBJECTID":1527,"LOCCODIGO":"01","LOCNOMBRE":"Usaquén","PVODIRECCI":"CRA 9 Entre CLL 145 y 146 / \nCRA 11 # 145 - 60","PVONSITIO":"Parque Cedritos","PVONOMBRE":"Parque Cedritos","PVONPUESTO":"18","PVOCODIGO":"160010118"}},{"type":"Feature","id":1528,"geometry":{"type":"Point","coordinates":[-74.026425922999977,4.7254943930000195]},"properties":{"OBJECTID":1528,"LOCCODIGO":"01","LOCNOMBRE":"Usaquén","PVODIRECCI":"CRA 7 A # 150 - 85","PVONSITIO":"Cedro Golf","PVONOMBRE":"Parque Cedro Golf","PVONPUESTO":"19","PVOCODIGO":"160010119"}},{"type":"Feature","id":1529,"geometry":{"type":"Point","coordinates":[-74.025791670999979,4.7668566890000079]},"properties":{"OBJECTID":1529,"LOCCODIGO":"01","LOCNOMBRE":"Usaquén","PVODIRECCI":"CRA 5 B # 189 B - 30","PVONSITIO":"Buenavista","PVONOMBRE":"Colegio Distrital Nuevo Horizonte Sede A","PVONPUESTO":"20","PVOCODIGO":"160010120"}},{"type":"Feature","id":1530,"geometry":{"type":"Point","coordinates":[-74.178966358000025,4.6061426140000208]},"properties":{"OBJECTID":1530,"LOCCODIGO":"07","LOCNOMBRE":"Bosa","PVODIRECCI":"CRA 78 J # 58 M - 10 Sur","PVONSITIO":"José Antonio Galán","PVONOMBRE":"Colegio Distrital José Antonio Galán","PVONPUESTO":"3","PVOCODIGO":"160010703"}},{"type":"Feature","id":1531,"geometry":{"type":"Point","coordinates":[-74.185882922000019,4.6005972859999815]},"properties":{"OBJECTID":1531,"LOCCODIGO":"07","LOCNOMBRE":"Bosa","PVODIRECCI":"CLL 65 H Sur # 78 A - 03 / \nCLL 65 H Sur # 78 A - 05","PVONSITIO":"La Amistad","PVONOMBRE":"Colegio Distrital Luis López de Meza","PVONPUESTO":"4","PVOCODIGO":"160010704"}},{"type":"Feature","id":1532,"geometry":{"type":"Point","coordinates":[-74.209886062999999,4.6137644180000166]},"properties":{"OBJECTID":1532,"LOCCODIGO":"07","LOCNOMBRE":"Bosa","PVODIRECCI":"CRA 89 Bis # 85 A - 20 Sur / \nCRA 80 K # 85 A - 33 Sur","PVONSITIO":"Bosa San José","PVONOMBRE":"Colegio Distrital  Albán Holguín - Sede C","PVONPUESTO":"17","PVOCODIGO":"160010717"}},{"type":"Feature","id":1533,"geometry":{"type":"Point","coordinates":[-74.167662936999989,4.5970315860000142]},"properties":{"OBJECTID":1533,"LOCCODIGO":"07","LOCNOMBRE":"Bosa","PVODIRECCI":"AV CLL 57 R Sur # 72 D - 12","PVONSITIO":"Surbana","PVONOMBRE":"SuperCADE de Bosa","PVONPUESTO":"18","PVOCODIGO":"160010718"}},{"type":"Feature","id":1534,"geometry":{"type":"Point","coordinates":[-74.205369699000016,4.6096959829999946]},"properties":{"OBJECTID":1534,"LOCCODIGO":"07","LOCNOMBRE":"Bosa","PVODIRECCI":"CLL 77 A Sur # 86 - 40 / \nCLL 78 Sur # 79 - 40","PVONSITIO":"La Esperanza","PVONOMBRE":"Colegio Distrital La Esperanza","PVONPUESTO":"23","PVOCODIGO":"160010723"}},{"type":"Feature","id":1535,"geometry":{"type":"Point","coordinates":[-74.186985678999974,4.6039769579999756]},"properties":{"OBJECTID":1535,"LOCCODIGO":"07","LOCNOMBRE":"Bosa","PVODIRECCI":"CRA 78 J Bis # 65 J - 04 Sur / \nCLL 65 J Sur # 78 J - 21","PVONSITIO":"Pablo de Tarso","PVONOMBRE":"Colegio Distrital Pablo de Tarso - Sede A","PVONPUESTO":"25","PVOCODIGO":"160010725"}},{"type":"Feature","id":1536,"geometry":{"type":"Point","coordinates":[-74.197747843000002,4.6416999620000183]},"properties":{"OBJECTID":1536,"LOCCODIGO":"07","LOCNOMBRE":"Bosa","PVODIRECCI":"CLL 58 Sur # 104 A - 04 / \nCLL 58 Sur # 104 A - 50","PVONSITIO":"El Recuerdo Santafé","PVONOMBRE":"Colegio Distrital El Porvenir - Sede B","PVONPUESTO":"27","PVOCODIGO":"160010727"}},{"type":"Feature","id":1537,"geometry":{"type":"Point","coordinates":[-74.204865021999979,4.6356056600000102]},"properties":{"OBJECTID":1537,"LOCCODIGO":"07","LOCNOMBRE":"Bosa","PVODIRECCI":"CLL 72 Sur # 100 A - 71","PVONSITIO":"Carlos Pizarro León Gómez","PVONOMBRE":"Colegio Distrital Carlos Pizarro León Gómez - Sede A","PVONPUESTO":"30","PVOCODIGO":"160010730"}},{"type":"Feature","id":1538,"geometry":{"type":"Point","coordinates":[-74.168989376000013,4.6100111659999925]},"properties":{"OBJECTID":1538,"LOCCODIGO":"08","LOCNOMBRE":"Kennedy","PVODIRECCI":"CLL 52 A Sur # 77 W - 05","PVONSITIO":"Catalina","PVONOMBRE":"Colegio Distrital Las Américas - Sede B (San Rafaél)","PVONPUESTO":"4","PVOCODIGO":"160010804"}},{"type":"Feature","id":1539,"geometry":{"type":"Point","coordinates":[-74.150254044999997,4.6195732769999722]},"properties":{"OBJECTID":1539,"LOCCODIGO":"08","LOCNOMBRE":"Kennedy","PVODIRECCI":"CRA 74 B # 38 A - 35 Sur","PVONSITIO":"John F. Kennedy","PVONOMBRE":"Colegio Distrital Jhon F. Kennedy","PVONPUESTO":"15","PVOCODIGO":"160010815"}},{"type":"Feature","id":1540,"geometry":{"type":"Point","coordinates":[-74.160329588000025,4.6256278700000166]},"properties":{"OBJECTID":1540,"LOCCODIGO":"08","LOCNOMBRE":"Kennedy","PVODIRECCI":"CRA 80 # 39 A - 55 Sur","PVONSITIO":"Polideportivo Cayetano Cañizares","PVONOMBRE":"Polideportivo Cayetano Cañizares","PVONPUESTO":"17","PVOCODIGO":"160010817"}},{"type":"Feature","id":1541,"geometry":{"type":"Point","coordinates":[-74.153175277999992,4.6265457169999991]},"properties":{"OBJECTID":1541,"LOCCODIGO":"08","LOCNOMBRE":"Kennedy","PVODIRECCI":"CLL 35 C Sur # 78 N - 10","PVONSITIO":"Francisco Jose de Caldas - INEM Sede B","PVONOMBRE":"Colegio Distrital INEM Francisco de Paula Santander -Sede B","PVONPUESTO":"20","PVOCODIGO":"160010820"}},{"type":"Feature","id":1542,"geometry":{"type":"Point","coordinates":[-74.145225636000021,4.6205408270000135]},"properties":{"OBJECTID":1542,"LOCCODIGO":"08","LOCNOMBRE":"Kennedy","PVODIRECCI":"CLL 35 B Sur # 73 A - 40 Int 1","PVONSITIO":"Los Héroes","PVONOMBRE":"Colegio Distrital Los Héroes","PVONPUESTO":"24","PVOCODIGO":"160010824"}},{"type":"Feature","id":1543,"geometry":{"type":"Point","coordinates":[-74.140826276999974,4.6202676319999796]},"properties":{"OBJECTID":1543,"LOCCODIGO":"08","LOCNOMBRE":"Kennedy","PVODIRECCI":"CLL 5 Sur # 72 A - 69","PVONSITIO":"Mandalay - Colegio Kennedy","PVONOMBRE":"Colegio Distrital Kennedy","PVONPUESTO":"33","PVOCODIGO":"160010833"}},{"type":"Feature","id":1544,"geometry":{"type":"Point","coordinates":[-74.151822684000024,4.6353611659999956]},"properties":{"OBJECTID":1544,"LOCCODIGO":"08","LOCNOMBRE":"Kennedy","PVODIRECCI":"CRA 79 F # 6 B - 30 / CRA 79 F # 6 B - 34","PVONSITIO":"Pio XII - Sede Colegio Isabel II","PVONOMBRE":"Colegio Distrital Isabel II -  Sede B","PVONPUESTO":"34","PVOCODIGO":"160010834"}},{"type":"Feature","id":1545,"geometry":{"type":"Point","coordinates":[-74.141915837999989,4.6404655769999863]},"properties":{"OBJECTID":1545,"LOCCODIGO":"08","LOCNOMBRE":"Kennedy","PVODIRECCI":"CRA 78 C # 8 A - 43","PVONSITIO":"Colegio Nueva Castilla","PVONOMBRE":"Colegio Distrital Nueva Castilla","PVONPUESTO":"35","PVOCODIGO":"160010835"}},{"type":"Feature","id":1546,"geometry":{"type":"Point","coordinates":[-74.135282335999989,4.6506833930000084]},"properties":{"OBJECTID":1546,"LOCCODIGO":"08","LOCNOMBRE":"Kennedy","PVODIRECCI":"CRA 79 C # 13 A - 40","PVONSITIO":"Visión de Colombia","PVONOMBRE":"Colegio Distrital San José de Castilla - Sede C","PVONPUESTO":"38","PVOCODIGO":"160010838"}},{"type":"Feature","id":1547,"geometry":{"type":"Point","coordinates":[-74.140649833999987,4.6485090840000112]},"properties":{"OBJECTID":1547,"LOCCODIGO":"08","LOCNOMBRE":"Kennedy","PVODIRECCI":"CLL 11 B # 80 B - 61 / CLL 11 B # 80 C - 10","PVONSITIO":"Colegio Gustavo Rojas Pinilla","PVONOMBRE":"Colegio Distrital Gustavo Rojas Pinilla","PVONPUESTO":"51","PVOCODIGO":"160010851"}},{"type":"Feature","id":1548,"geometry":{"type":"Point","coordinates":[-74.172542018000001,4.6453858549999723]},"properties":{"OBJECTID":1548,"LOCCODIGO":"08","LOCNOMBRE":"Kennedy","PVODIRECCI":"CLL 40 Sur # 94 C - 50","PVONSITIO":"Col. Dis.Cafam Bellavista","PVONOMBRE":"Colegio Distrital Cafam Bellavista","PVONPUESTO":"57","PVOCODIGO":"160010857"}},{"type":"Feature","id":1549,"geometry":{"type":"Point","coordinates":[-74.129147809000017,4.6465256280000062]},"properties":{"OBJECTID":1549,"LOCCODIGO":"08","LOCNOMBRE":"Kennedy","PVODIRECCI":"CRA 72 # 12 B - 48","PVONSITIO":"Centro Comercial El Edén","PVONOMBRE":"Centro Comercial El Edén","PVONPUESTO":"60","PVOCODIGO":"160010860"}},{"type":"Feature","id":1550,"geometry":{"type":"Point","coordinates":[-74.107929345999992,4.6264742019999971]},"properties":{"OBJECTID":1550,"LOCCODIGO":"16","LOCNOMBRE":"Puente Aranda","PVODIRECCI":"AV las Américas # 50 - 15 / \nAV CLL 9 # 50 - 15","PVONSITIO":"CRA Centro Comercial","PVONOMBRE":"Centro Comercial","PVONPUESTO":"25","PVOCODIGO":"160011625"}},{"type":"Feature","id":1551,"geometry":{"type":"Point","coordinates":[-74.101428300000009,4.6169569589999924]},"properties":{"OBJECTID":1551,"LOCCODIGO":"16","LOCNOMBRE":"Puente Aranda","PVODIRECCI":"CRA 38 # 10 - 90","PVONSITIO":"San Andresito","PVONOMBRE":"Centro Comercial Puerto López","PVONPUESTO":"26","PVOCODIGO":"160011626"}},{"type":"Feature","id":1552,"geometry":{"type":"Point","coordinates":[-74.076505557000019,4.5984275999999795]},"properties":{"OBJECTID":1552,"LOCCODIGO":"17","LOCNOMBRE":"Candelaria","PVODIRECCI":"CRA 8 # 10 - 65 Entre Calles 10, 11 y 12","PVONSITIO":"Alcaldía Mayor","PVONOMBRE":"Parqueadero de La Alcaldía Mayor y Palacio de Justicia","PVONPUESTO":"2","PVOCODIGO":"160011702"}},{"type":"Feature","id":1553,"geometry":{"type":"Point","coordinates":[-74.102477000000022,4.4871089999999754]},"properties":{"OBJECTID":1553,"LOCCODIGO":"05","LOCNOMBRE":"Usme","PVODIRECCI":"CRA 6 H Este # 114 - 88 Sur /\nTRV 7 Este # 107 A - 50 Sur","PVONSITIO":"Uval - Puerta al Llano","PVONOMBRE":"Colegio Distrital Ciudad de Villavicencio Sede A","PVONPUESTO":"32","PVOCODIGO":"160010532"}},{"type":"Feature","id":1554,"geometry":{"type":"Point","coordinates":[-74.11255110899998,4.4897356729999842]},"properties":{"OBJECTID":1554,"LOCCODIGO":"05","LOCNOMBRE":"Usme","PVODIRECCI":"CLL 111 A Sur # 4 B - 07 Este /\nCLL 111 A Bis Sur # 3 A - 07 *","PVONSITIO":"Villa Alemania","PVONOMBRE":"Colegio Distrital Eduardo Umaña Mendoza","PVONPUESTO":"33","PVOCODIGO":"160010533"}},{"type":"Feature","id":1555,"geometry":{"type":"Point","coordinates":[-74.10395699999998,4.4979720000000043]},"properties":{"OBJECTID":1555,"LOCCODIGO":"05","LOCNOMBRE":"Usme","PVODIRECCI":"CRA 4 Este # 90 D - 24 Sur","PVONSITIO":"La Alborada","PVONOMBRE":"Colegio Distrital Estanislao Zuleta Sede B","PVONPUESTO":"31","PVOCODIGO":"160010531"}},{"type":"Feature","id":1556,"geometry":{"type":"Point","coordinates":[-74.100862000000006,4.4979759999999942]},"properties":{"OBJECTID":1556,"LOCCODIGO":"05","LOCNOMBRE":"Usme","PVODIRECCI":"CRA 7 C Este # 92 - 48 Sur/\nCRA 7 C Este # 90 A - 35 Sur ","PVONSITIO":"Alfonso López","PVONOMBRE":"Colegio Distrital Estanislao Zuleta Sede A","PVONPUESTO":"30","PVOCODIGO":"160010530"}},{"type":"Feature","id":1557,"geometry":{"type":"Point","coordinates":[-74.107630767999979,4.5026692929999967]},"properties":{"OBJECTID":1557,"LOCCODIGO":"05","LOCNOMBRE":"Usme","PVODIRECCI":"CRA 4 A # 89 - 43 Sur /\nCRA 4 # 89 - 43 Sur","PVONSITIO":"Colegio Fernando González Ochoa","PVONOMBRE":"Colegio Distrital Fernando González Ochoa","PVONPUESTO":"29","PVOCODIGO":"160010529"}},{"type":"Feature","id":1558,"geometry":{"type":"Point","coordinates":[-74.118805907000024,4.5039351670000087]},"properties":{"OBJECTID":1558,"LOCCODIGO":"05","LOCNOMBRE":"Usme","PVODIRECCI":"CLL 95 Sur # 14 B - 64","PVONSITIO":"Tenerife","PVONOMBRE":"Colegio Distrital Eduardo Mora Osejo","PVONPUESTO":"25","PVOCODIGO":"160010525"}},{"type":"Feature","id":1559,"geometry":{"type":"Point","coordinates":[-74.109734000000003,4.5085240000000226]},"properties":{"OBJECTID":1559,"LOCCODIGO":"05","LOCNOMBRE":"Usme","PVODIRECCI":"CLL 81 C Sur # 8 A - 06","PVONSITIO":"Gran Yomasa","PVONOMBRE":"Colegio Distrital Gran Yomasa","PVONPUESTO":"26","PVOCODIGO":"160010526"}},{"type":"Feature","id":1560,"geometry":{"type":"Point","coordinates":[-74.107939999999985,4.5092589999999859]},"properties":{"OBJECTID":1560,"LOCCODIGO":"05","LOCNOMBRE":"Usme","PVODIRECCI":"CLL 80 A Sur # 5 - 15","PVONSITIO":"Cabañas","PVONOMBRE":"Colegio Distrital Federico Lorca Sede B","PVONPUESTO":"27","PVOCODIGO":"160010527"}},{"type":"Feature","id":1561,"geometry":{"type":"Point","coordinates":[-74.108335400999977,4.5130590580000103]},"properties":{"OBJECTID":1561,"LOCCODIGO":"05","LOCNOMBRE":"Usme","PVODIRECCI":"CLL 75 C Bis Sur # 5 - 52","PVONSITIO":"Tejares","PVONOMBRE":"Colegio Distrital Los Tejares Sede A","PVONPUESTO":"28","PVOCODIGO":"160010528"}},{"type":"Feature","id":1562,"geometry":{"type":"Point","coordinates":[-74.116439532000015,4.5176087410000036]},"properties":{"OBJECTID":1562,"LOCCODIGO":"05","LOCNOMBRE":"Usme","PVODIRECCI":"CRA 12 B # 73 B - 97 Sur /\nCRA 12 B # 73 B - 31 Sur","PVONSITIO":"Brasilia","PVONOMBRE":"Colegio Distrital Brasilia","PVONPUESTO":"23","PVOCODIGO":"160010523"}},{"type":"Feature","id":1563,"geometry":{"type":"Point","coordinates":[-74.118943041000023,4.5151023430000237]},"properties":{"OBJECTID":1563,"LOCCODIGO":"05","LOCNOMBRE":"Usme","PVODIRECCI":"CRA 2A # 74B - 00 Sur /\nCLL 74B Sur # 14H - 25 ","PVONSITIO":"El Cortijo","PVONOMBRE":"Colegio Distrital El Cortijo Vianey - Sede A","PVONPUESTO":"24","PVOCODIGO":"160010524"}},{"type":"Feature","id":1472,"geometry":{"type":"Point","coordinates":[-74.073509451999996,4.8238918889999809]},"properties":{"OBJECTID":1472,"LOCCODIGO":"11","LOCNOMBRE":"Suba","PVODIRECCI":"KM 16 Vía Guaymaral Finca Cucaita","PVONSITIO":"Colegio La Khumbre","PVONOMBRE":"Colegio Privado la Khumbre","PVONPUESTO":"38","PVOCODIGO":"160011138"}},{"type":"Feature","id":1473,"geometry":{"type":"Point","coordinates":[-74.01973278600002,4.6741429649999873]},"properties":{"OBJECTID":1473,"LOCCODIGO":"01","LOCNOMBRE":"Usaquén","PVODIRECCI":"KM 4.5 Vía La Calera","PVONSITIO":"Colegio Monterrosales","PVONOMBRE":"Colegio Monterrosales","PVONPUESTO":"16","PVOCODIGO":"160010116"}},{"type":"Feature","id":1474,"geometry":{"type":"Point","coordinates":[-74.02245577399998,4.6058245880000186]},"properties":{"OBJECTID":1474,"LOCCODIGO":"03","LOCNOMBRE":"Santa Fe","PVODIRECCI":"KM 13 Vía a Choachí","PVONSITIO":"El Verjón","PVONOMBRE":"Colegio Distrital El Verjón Alto - Sede B (Verjón)","PVONPUESTO":"15","PVOCODIGO":"160010315"}},{"type":"Feature","id":1475,"geometry":{"type":"Point","coordinates":[-74.363493091999999,3.985741470999983]},"properties":{"OBJECTID":1475,"LOCCODIGO":"20","LOCNOMBRE":"Sumapaz","PVODIRECCI":"Centro Poblado Corregimiento de La Unión","PVONSITIO":"La Unión","PVONOMBRE":"Salón Comunal La Unión","PVONPUESTO":"4","PVOCODIGO":"160012004"}},{"type":"Feature","id":1476,"geometry":{"type":"Point","coordinates":[-74.061096177000024,4.6540524399999867]},"properties":{"OBJECTID":1476,"LOCCODIGO":"02","LOCNOMBRE":"Chapinero","PVODIRECCI":"CLL 69 # 11 - 27","PVONSITIO":"Colegio Simón Rodríguez Sede A","PVONOMBRE":"Colegio Distrital  Simón Rodríguez Sede A","PVONPUESTO":"14","PVOCODIGO":"160010214"}},{"type":"Feature","id":1477,"geometry":{"type":"Point","coordinates":[-74.065795047999984,4.6281895160000204]},"properties":{"OBJECTID":1477,"LOCCODIGO":"02","LOCNOMBRE":"Chapinero","PVODIRECCI":"CRA 8 # 40 B - 62 / 64","PVONSITIO":"Universidad Distrital","PVONOMBRE":"Universidad Distrital","PVONPUESTO":"15","PVOCODIGO":"160010215"}},{"type":"Feature","id":1478,"geometry":{"type":"Point","coordinates":[-74.177662302999977,4.6165300139999772]},"properties":{"OBJECTID":1478,"LOCCODIGO":"08","LOCNOMBRE":"Kennedy","PVODIRECCI":"CLL 56 Sur # 81 - 26","PVONSITIO":"Manuel Cepeda","PVONOMBRE":"Colegio Distrital Manuel Cepeda Vargas","PVONPUESTO":"59","PVOCODIGO":"160010859"}},{"type":"Feature","id":1479,"geometry":{"type":"Point","coordinates":[-74.07711754799999,4.7599683610000056]},"properties":{"OBJECTID":1479,"LOCCODIGO":"11","LOCNOMBRE":"Suba","PVODIRECCI":"CLL 163 # 92 - 96 / CRA 92 # 169 B - 60","PVONSITIO":"La Conejera","PVONOMBRE":"Colegio Distrital Salitre Sede B","PVONPUESTO":"14","PVOCODIGO":"160011114"}},{"type":"Feature","id":1480,"geometry":{"type":"Point","coordinates":[-74.023463901000014,4.7414059739999743]},"properties":{"OBJECTID":1480,"LOCCODIGO":"01","LOCNOMBRE":"Usaquén","PVODIRECCI":"CLL 165 # 7 - 38 /\nCLL 165 # 7 - 52","PVONSITIO":"Servitá","PVONOMBRE":"Centro de Atención Distrital Especializado Servitá","PVONPUESTO":"2","PVOCODIGO":"160010102"}},{"type":"Feature","id":1481,"geometry":{"type":"Point","coordinates":[-74.049614940000026,4.7173145439999757]},"properties":{"OBJECTID":1481,"LOCCODIGO":"01","LOCNOMBRE":"Usaquén","PVODIRECCI":"CRA 21 # 132 – 46","PVONSITIO":"Santo Tomás de Aquino","PVONOMBRE":"Colegio Santo Tomás de Aquino","PVONPUESTO":"10","PVOCODIGO":"160010110"}},{"type":"Feature","id":1482,"geometry":{"type":"Point","coordinates":[-74.04098848000001,4.7727470190000076]},"properties":{"OBJECTID":1482,"LOCCODIGO":"01","LOCNOMBRE":"Usaquén","PVODIRECCI":"CLL 195 # 19 - 50 Vía Pública / \nCLL 195 # 20 - 91 Vía Pública","PVONSITIO":"Canaima","PVONOMBRE":"Vía pública","PVONPUESTO":"21","PVOCODIGO":"160010121"}},{"type":"Feature","id":1483,"geometry":{"type":"Point","coordinates":[-74.056648628999994,4.6483962589999805]},"properties":{"OBJECTID":1483,"LOCCODIGO":"02","LOCNOMBRE":"Chapinero","PVODIRECCI":"CLL 65 Bis # 4 - 90","PVONSITIO":"Granada Colegio Simón Rodríguez Sede B","PVONOMBRE":"Colegio Distrital Simón Rodríguez - Sede B","PVONPUESTO":"8","PVOCODIGO":"160010208"}},{"type":"Feature","id":1484,"geometry":{"type":"Point","coordinates":[-74.071147499000006,4.5808390760000179]},"properties":{"OBJECTID":1484,"LOCCODIGO":"03","LOCNOMBRE":"Santa Fe","PVODIRECCI":"CRA 11 Este # 1 A - 85","PVONSITIO":"El Consuelo","PVONOMBRE":"Colegio Distrital Aulas Colombianas - Sede A","PVONPUESTO":"11","PVOCODIGO":"160010311"}},{"type":"Feature","id":1485,"geometry":{"type":"Point","coordinates":[-74.080079092999995,4.5768385150000199]},"properties":{"OBJECTID":1485,"LOCCODIGO":"04","LOCNOMBRE":"San Cristóbal","PVODIRECCI":"CRA 1 A # 6 C - 50 Sur /\nCRA 1 C Este # 6 C - 85 Sur","PVONSITIO":"Las Brisas","PVONOMBRE":"Colegio Distrital República del Ecuador I.E.D.","PVONPUESTO":"1","PVOCODIGO":"160010401"}},{"type":"Feature","id":1486,"geometry":{"type":"Point","coordinates":[-74.079455000999985,4.572707247999972]},"properties":{"OBJECTID":1486,"LOCCODIGO":"04","LOCNOMBRE":"San Cristóbal","PVODIRECCI":"AV CLL 11 Sur # 4 - 79 Este","PVONSITIO":"San Cristóbal Sur","PVONOMBRE":"Colegio Distrital José Félix Restrepo - Sede C","PVONPUESTO":"3","PVOCODIGO":"160010403"}},{"type":"Feature","id":1487,"geometry":{"type":"Point","coordinates":[-74.08081979100001,4.5692696799999908]},"properties":{"OBJECTID":1487,"LOCCODIGO":"04","LOCNOMBRE":"San Cristóbal","PVODIRECCI":"CLL 19 Sur # 10C - 44 Este","PVONSITIO":"Las Mercedes","PVONOMBRE":"Colegio Distrital San Critóbal - Sede B","PVONPUESTO":"4","PVOCODIGO":"160010404"}},{"type":"Feature","id":1488,"geometry":{"type":"Point","coordinates":[-74.084864111999991,4.571123990999979]},"properties":{"OBJECTID":1488,"LOCCODIGO":"04","LOCNOMBRE":"San Cristóbal","PVODIRECCI":"CRA 3 Este # 18 A - 34 Sur","PVONSITIO":"San Blas","PVONOMBRE":"Colegio Distrital Manuelita Sáenz","PVONPUESTO":"5","PVOCODIGO":"160010405"}},{"type":"Feature","id":1489,"geometry":{"type":"Point","coordinates":[-74.090080121000028,4.5743184840000026]},"properties":{"OBJECTID":1489,"LOCCODIGO":"04","LOCNOMBRE":"San Cristóbal","PVODIRECCI":"CRA 6 A # 18 A - 04 Sur / \nCRA 6 # 18 - 02 Sur *","PVONSITIO":"Primera de Mayo","PVONOMBRE":"Colegio Distrital José Félix Restrepo - Sede A","PVONPUESTO":"6","PVOCODIGO":"160010406"}},{"type":"Feature","id":1490,"geometry":{"type":"Point","coordinates":[-74.087991577000025,4.5667468180000128]},"properties":{"OBJECTID":1490,"LOCCODIGO":"04","LOCNOMBRE":"San Cristóbal","PVODIRECCI":"CLL 24 A Sur # 1 A - 95 Este","PVONSITIO":"Montebello","PVONOMBRE":"Colegio Distrital Montebello","PVONPUESTO":"9","PVOCODIGO":"160010409"}},{"type":"Feature","id":1491,"geometry":{"type":"Point","coordinates":[-74.083634411999981,4.5621735949999902]},"properties":{"OBJECTID":1491,"LOCCODIGO":"04","LOCNOMBRE":"San Cristóbal","PVODIRECCI":"CRA 9 B Este # 28 - 81 Sur","PVONSITIO":"Ramajal","PVONOMBRE":"Colegio Distrital José Acevedo y Gómez - Sede A","PVONPUESTO":"10","PVOCODIGO":"160010410"}},{"type":"Feature","id":1492,"geometry":{"type":"Point","coordinates":[-74.100107218000005,4.5575988940000229]},"properties":{"OBJECTID":1492,"LOCCODIGO":"04","LOCNOMBRE":"San Cristóbal","PVODIRECCI":"CRA 2 L # 38 A - 11 Sur","PVONSITIO":"Parqueadero Guacamayas","PVONOMBRE":"Colegio Distrital Alemania Unificada - Sede B","PVONPUESTO":"13","PVOCODIGO":"160010413"}},{"type":"Feature","id":1493,"geometry":{"type":"Point","coordinates":[-74.084457041999997,4.5526324560000262]},"properties":{"OBJECTID":1493,"LOCCODIGO":"04","LOCNOMBRE":"San Cristóbal","PVODIRECCI":"CRA 9 Este # 36 G - 80 Sur","PVONSITIO":"Bellavista San Cristóbal","PVONOMBRE":"Colegio Distrital Los Alpes","PVONPUESTO":"15","PVOCODIGO":"160010415"}},{"type":"Feature","id":1494,"geometry":{"type":"Point","coordinates":[-74.095057456999996,4.55459751799998]},"properties":{"OBJECTID":1494,"LOCCODIGO":"04","LOCNOMBRE":"San Cristóbal","PVODIRECCI":"CLL 37 Bis B Sur # 2 - 81 Este","PVONSITIO":"CDC La Victoria","PVONOMBRE":"Centro de Desarrollo Comunitario La Victoria","PVONPUESTO":"16","PVOCODIGO":"160010416"}},{"type":"Feature","id":1495,"geometry":{"type":"Point","coordinates":[-74.087327302000006,4.5357717829999729]},"properties":{"OBJECTID":1495,"LOCCODIGO":"04","LOCNOMBRE":"San Cristóbal","PVODIRECCI":"CRA 13 D Bis Este # 50 - 07 Sur","PVONSITIO":"República del Canadá","PVONOMBRE":"Colegio Distrital Juana Escobar - Sede C","PVONPUESTO":"19","PVOCODIGO":"160010419"}},{"type":"Feature","id":1496,"geometry":{"type":"Point","coordinates":[-74.089289898000004,4.5410386780000067]},"properties":{"OBJECTID":1496,"LOCCODIGO":"04","LOCNOMBRE":"San Cristóbal","PVODIRECCI":"CLL 48 B Sur # 11 - 14 Este","PVONSITIO":"La Gloria","PVONOMBRE":"Colegio Distrital  Altamira - Sede B","PVONPUESTO":"20","PVOCODIGO":"160010420"}},{"type":"Feature","id":1497,"geometry":{"type":"Point","coordinates":[-74.09844988499998,4.5614534939999771]},"properties":{"OBJECTID":1497,"LOCCODIGO":"04","LOCNOMBRE":"San Cristóbal","PVODIRECCI":"CRA 3 B\u00A0 # 35 - 22 Sur / \nCRA 3 B # 35 - 04 Sur","PVONSITIO":"Villa de los Alpes","PVONOMBRE":"Polideportivo Coliseo Villa de Los Alpes","PVONPUESTO":"22","PVOCODIGO":"160010422"}},{"type":"Feature","id":1498,"geometry":{"type":"Point","coordinates":[-74.090862974999993,4.5344025969999961]},"properties":{"OBJECTID":1498,"LOCCODIGO":"04","LOCNOMBRE":"San Cristóbal","PVODIRECCI":"CLL 55 Sur # 10 A - 29 Este","PVONSITIO":"Los Libertadores","PVONOMBRE":"Colegio Distrital Los Libertadores","PVONPUESTO":"23","PVOCODIGO":"160010423"}},{"type":"Feature","id":1499,"geometry":{"type":"Point","coordinates":[-74.087175150999997,4.5645045420000088]},"properties":{"OBJECTID":1499,"LOCCODIGO":"04","LOCNOMBRE":"San Cristóbal","PVODIRECCI":"CRA 5 Este # 26 - 91 Sur","PVONSITIO":"San Pedro Sur Oriental","PVONOMBRE":"Colegio Distrital Tomás Rueda Vargas - Sede A - parte posterior","PVONPUESTO":"24","PVOCODIGO":"160010424"}},{"type":"Feature","id":1500,"geometry":{"type":"Point","coordinates":[-74.095622162999973,4.5441887480000105]},"properties":{"OBJECTID":1500,"LOCCODIGO":"04","LOCNOMBRE":"San Cristóbal","PVODIRECCI":"CLL 46 A Sur\u00A0 # 3 B - 40 Este / \nCLL 46 A Sur # 3 B - 30 Este","PVONSITIO":"Villa del Cerro","PVONOMBRE":"Salón Comunal Villa del Cerro","PVONPUESTO":"25","PVOCODIGO":"160010425"}},{"type":"Feature","id":1501,"geometry":{"type":"Point","coordinates":[-74.098793012999977,4.5443849600000021]},"properties":{"OBJECTID":1501,"LOCCODIGO":"04","LOCNOMBRE":"San Cristóbal","PVODIRECCI":"CLL 48 Sur # 2 - 27 Este","PVONSITIO":"Canada Guira","PVONOMBRE":"Colegio Distrital Canadá Guira - Sede C","PVONPUESTO":"26","PVOCODIGO":"160010426"}},{"type":"Feature","id":1502,"geometry":{"type":"Point","coordinates":[-74.091114769000001,4.5791956599999821]},"properties":{"OBJECTID":1502,"LOCCODIGO":"04","LOCNOMBRE":"San Cristóbal","PVODIRECCI":"CRA 9 A # 14 -04 Sur","PVONSITIO":"Arboleda Sur","PVONOMBRE":"Colegio Distrital Aldemar Rojas Plazas","PVONPUESTO":"27","PVOCODIGO":"160010427"}},{"type":"Feature","id":1503,"geometry":{"type":"Point","coordinates":[-74.121535160000008,4.4725819380000189]},"properties":{"OBJECTID":1503,"LOCCODIGO":"05","LOCNOMBRE":"Usme","PVODIRECCI":"CLL 136 Sur # 12 - 38","PVONSITIO":"Usme","PVONOMBRE":"Colegio Distrital Francisco Antonio Zea - Sede A","PVONPUESTO":"1","PVOCODIGO":"160010501"}},{"type":"Feature","id":1504,"geometry":{"type":"Point","coordinates":[-74.115048191000028,4.4967805489999932]},"properties":{"OBJECTID":1504,"LOCCODIGO":"05","LOCNOMBRE":"Usme","PVODIRECCI":"TRV 6 B # 100 C - 55 Sur","PVONSITIO":"Monteblanco","PVONOMBRE":"Colegio Distrital Diego Montaño Cuellar","PVONPUESTO":"3","PVOCODIGO":"160010503"}},{"type":"Feature","id":1505,"geometry":{"type":"Point","coordinates":[-74.115628080000022,4.5252731690000019]},"properties":{"OBJECTID":1505,"LOCCODIGO":"05","LOCNOMBRE":"Usme","PVODIRECCI":"CLL 69 D Sur # 8 B - 63","PVONSITIO":"Santa Marta","PVONOMBRE":"Colegio Distrital Santa Marta","PVONPUESTO":"4","PVOCODIGO":"160010504"}},{"type":"Feature","id":1506,"geometry":{"type":"Point","coordinates":[-74.120313612000018,4.5715935509999781]},"properties":{"OBJECTID":1506,"LOCCODIGO":"18","LOCNOMBRE":"Rafael Uribe Uribe","PVODIRECCI":"CLL 43 Sur # 16 A - 40 /\nDIAG 45 Bis B Sur # 13 F - 41","PVONSITIO":"Alexander Fleming San Jorge","PVONOMBRE":"Colegio Distrital Alexander Fleming - Sede B","PVONPUESTO":"16","PVOCODIGO":"160011816"}},{"type":"Feature","id":1507,"geometry":{"type":"Point","coordinates":[-74.115308184000014,4.5672807199999852]},"properties":{"OBJECTID":1507,"LOCCODIGO":"18","LOCNOMBRE":"Rafael Uribe Uribe","PVODIRECCI":"DIAG 46 Sur # 12 A - 32","PVONSITIO":"Reino de Holanda","PVONOMBRE":"Colegio Distrital Reino de Holanda - Sede B","PVONPUESTO":"17","PVOCODIGO":"160011817"}},{"type":"Feature","id":1508,"geometry":{"type":"Point","coordinates":[-74.122013709999976,4.5681437630000232]},"properties":{"OBJECTID":1508,"LOCCODIGO":"18","LOCNOMBRE":"Rafael Uribe Uribe","PVODIRECCI":"TRV 13 G Bis # 46 - 35 Sur","PVONSITIO":"Marco Fidel Suárez","PVONOMBRE":"Colegio Distrital Reino de Holanda - Sede A","PVONPUESTO":"18","PVOCODIGO":"160011818"}},{"type":"Feature","id":1509,"geometry":{"type":"Point","coordinates":[-74.124482370999999,4.564808620000008]},"properties":{"OBJECTID":1509,"LOCCODIGO":"18","LOCNOMBRE":"Rafael Uribe Uribe","PVODIRECCI":"CLL 50 B Sur # 13 A - 32","PVONSITIO":"El Socorro Sur","PVONOMBRE":"Colegio Distrital Alexander Fleming - Sede D","PVONPUESTO":"19","PVOCODIGO":"160011819"}},{"type":"Feature","id":1510,"geometry":{"type":"Point","coordinates":[-74.117872940999973,4.5551615420000076]},"properties":{"OBJECTID":1510,"LOCCODIGO":"18","LOCNOMBRE":"Rafael Uribe Uribe","PVODIRECCI":"CLL 49 D Bis Sur # 5 X - 02","PVONSITIO":"Molinos del Sur","PVONOMBRE":"Colegio Distrital Marruecos y Molinos - Sede A","PVONPUESTO":"20","PVOCODIGO":"160011820"}},{"type":"Feature","id":1511,"geometry":{"type":"Point","coordinates":[-74.112133819999997,4.5576490020000051]},"properties":{"OBJECTID":1511,"LOCCODIGO":"18","LOCNOMBRE":"Rafael Uribe Uribe","PVODIRECCI":"TRV 5 J # 48 F - 69 Sur / \nTRV 5 L Bis # 48 F - 69 Sur","PVONSITIO":"Ciudad Bochica Sur","PVONOMBRE":"Colegio Distrital Alfredo Iriarte - Sede A","PVONPUESTO":"21","PVOCODIGO":"160011821"}},{"type":"Feature","id":1512,"geometry":{"type":"Point","coordinates":[-74.107695196000009,4.5535890460000132]},"properties":{"OBJECTID":1512,"LOCCODIGO":"18","LOCNOMBRE":"Rafael Uribe Uribe","PVODIRECCI":"TRV 5 A # 48 M - 50 Sur","PVONSITIO":"Los Molinos II Sector","PVONOMBRE":"Colegio Distrital Colombia Viva - Sede A","PVONPUESTO":"22","PVOCODIGO":"160011822"}},{"type":"Feature","id":1513,"geometry":{"type":"Point","coordinates":[-74.127041964,4.589394040000002]},"properties":{"OBJECTID":1513,"LOCCODIGO":"18","LOCNOMBRE":"Rafael Uribe Uribe","PVODIRECCI":"DIAG 41 Sur # 34 A -90","PVONSITIO":"Villa Mayor La Nueva","PVONOMBRE":"Salón Comunal Villa Mayor La Nueva","PVONPUESTO":"24","PVOCODIGO":"160011824"}},{"type":"Feature","id":1514,"geometry":{"type":"Point","coordinates":[-74.116137315000003,4.5715129270000148]},"properties":{"OBJECTID":1514,"LOCCODIGO":"18","LOCNOMBRE":"Rafael Uribe Uribe","PVODIRECCI":"CLL 40 D Sur # 12 J - 39","PVONSITIO":"Granjas de San Pablo","PVONOMBRE":"Colegio Distrital José Marti - Sede C","PVONPUESTO":"25","PVOCODIGO":"160011825"}},{"type":"Feature","id":1515,"geometry":{"type":"Point","coordinates":[-74.109331828999984,4.5684142370000131]},"properties":{"OBJECTID":1515,"LOCCODIGO":"18","LOCNOMBRE":"Rafael Uribe Uribe","PVODIRECCI":"DIAG 32 B Sur # 12 B - 36 /\n CLL 36 D Sur # 11 D - 40 ","PVONSITIO":"Resurrección","PVONOMBRE":"Colegio Distrital José Marti - Sede D","PVONPUESTO":"26","PVOCODIGO":"160011826"}},{"type":"Feature","id":1516,"geometry":{"type":"Point","coordinates":[-74.11336675299998,4.5477472819999889]},"properties":{"OBJECTID":1516,"LOCCODIGO":"18","LOCNOMBRE":"Rafael Uribe Uribe","PVODIRECCI":"CLL 49 C Sur # 5 C - 41","PVONSITIO":"San Agustín Sur","PVONOMBRE":"Colegio Distrital San Agustín - Sede A","PVONPUESTO":"28","PVOCODIGO":"160011828"}},{"type":"Feature","id":1517,"geometry":{"type":"Point","coordinates":[-74.112566565999998,4.5543676770000161]},"properties":{"OBJECTID":1517,"LOCCODIGO":"18","LOCNOMBRE":"Rafael Uribe Uribe","PVODIRECCI":"CLL 48 P # 5 L - 40 Sur / \nCLL 48 Q Sur # 5 J - 86","PVONSITIO":"Marruecos Apartamentos ","PVONOMBRE":"Salón Comunal Marruecos","PVONPUESTO":"30","PVOCODIGO":"160011830"}},{"type":"Feature","id":1401,"geometry":{"type":"Point","coordinates":[-74.094265469999982,4.5963218719999759]},"properties":{"OBJECTID":1401,"LOCCODIGO":"14","LOCNOMBRE":"Mártires","PVODIRECCI":"CRA 21\u00A0 # 1 D – 06 / \nCRA 21 # 1 H – 06","PVONSITIO":"El Vergel","PVONOMBRE":"Colegio Distrital San Francisco de Asís - Sede B","PVONPUESTO":"9","PVOCODIGO":"160011409"}},{"type":"Feature","id":1402,"geometry":{"type":"Point","coordinates":[-74.081338859000027,4.6121622520000187]},"properties":{"OBJECTID":1402,"LOCCODIGO":"14","LOCNOMBRE":"Mártires","PVODIRECCI":"CLL 19 # 19 - 27","PVONSITIO":"San Fason","PVONOMBRE":"Colegio Nuestra Señora de la Presentación","PVONPUESTO":"11","PVOCODIGO":"160011411"}},{"type":"Feature","id":1403,"geometry":{"type":"Point","coordinates":[-74.09353678399998,4.5861327119999942]},"properties":{"OBJECTID":1403,"LOCCODIGO":"15","LOCNOMBRE":"Antonio Nariño","PVODIRECCI":"CLL 10 Sur # 13 - 27","PVONSITIO":"Ciudad Berna","PVONOMBRE":"Escuela Superior Distrital María Montesory - Sede B","PVONPUESTO":"2","PVOCODIGO":"160011502"}},{"type":"Feature","id":1404,"geometry":{"type":"Point","coordinates":[-74.093606459,4.5876003550000064]},"properties":{"OBJECTID":1404,"LOCCODIGO":"15","LOCNOMBRE":"Antonio Nariño","PVODIRECCI":"CLL 6 Sur # 14 - 49 / \nCRA 14 # 6 - 51 Sur","PVONSITIO":"San Antonio","PVONOMBRE":"Gimnasio Monseñor Manuel María Camargo","PVONPUESTO":"3","PVOCODIGO":"160011503"}},{"type":"Feature","id":1405,"geometry":{"type":"Point","coordinates":[-74.097261887999991,4.5871945249999726]},"properties":{"OBJECTID":1405,"LOCCODIGO":"15","LOCNOMBRE":"Antonio Nariño","PVODIRECCI":"CLL 10 B Bis Sur # 16 - 11","PVONSITIO":"Luna Park","PVONOMBRE":"Colegio Distrital Guillermo León Valencia - Sede C","PVONPUESTO":"4","PVOCODIGO":"160011504"}},{"type":"Feature","id":1406,"geometry":{"type":"Point","coordinates":[-74.096465075000026,4.5822116859999937]},"properties":{"OBJECTID":1406,"LOCCODIGO":"15","LOCNOMBRE":"Antonio Nariño","PVODIRECCI":"CLL 16 Bis Sur # 12 C - 02","PVONSITIO":"Ciudad Jardín","PVONOMBRE":"Colegio Cooperativo del Magisterio de Cundinamarca","PVONPUESTO":"5","PVOCODIGO":"160011505"}},{"type":"Feature","id":1407,"geometry":{"type":"Point","coordinates":[-74.096900129000005,4.5852445240000179]},"properties":{"OBJECTID":1407,"LOCCODIGO":"15","LOCNOMBRE":"Antonio Nariño","PVODIRECCI":"CLL 14 Sur # 14 - 20","PVONSITIO":"Restrepo A","PVONOMBRE":"Escuela Normal Superior Distrital María Montesory - Sede A","PVONPUESTO":"6","PVOCODIGO":"160011506"}},{"type":"Feature","id":1408,"geometry":{"type":"Point","coordinates":[-74.102115352999988,4.5882787570000119]},"properties":{"OBJECTID":1408,"LOCCODIGO":"15","LOCNOMBRE":"Antonio Nariño","PVODIRECCI":"CLL 15 Sur # 24 B - 15 / \nCLL 15 Sur # 24 B - 17 / \nCRA 24 B # 16 - 03 Sur","PVONSITIO":"Restrepo B","PVONOMBRE":"Colegio Distrital Guillermo León Valencia - Sede A","PVONPUESTO":"7","PVOCODIGO":"160011507"}},{"type":"Feature","id":1409,"geometry":{"type":"Point","coordinates":[-74.10004220899998,4.594020544999978]},"properties":{"OBJECTID":1409,"LOCCODIGO":"15","LOCNOMBRE":"Antonio Nariño","PVODIRECCI":"CRA 25 Bis # 3-51/71 Sur","PVONSITIO":"Salón Comunal La Fraguita","PVONOMBRE":"Salón Comunal La Fraguita","PVONPUESTO":"8","PVOCODIGO":"160011508"}},{"type":"Feature","id":1410,"geometry":{"type":"Point","coordinates":[-74.104440521000015,4.5942863640000269]},"properties":{"OBJECTID":1410,"LOCCODIGO":"15","LOCNOMBRE":"Antonio Nariño","PVODIRECCI":"CLL 14 Sur # 28 - 16","PVONSITIO":"La Fragua","PVONOMBRE":"Colegio Distrital Atanasio Girardot - Sede A","PVONPUESTO":"9","PVOCODIGO":"160011509"}},{"type":"Feature","id":1411,"geometry":{"type":"Point","coordinates":[-74.110355507999998,4.5898162319999756]},"properties":{"OBJECTID":1411,"LOCCODIGO":"15","LOCNOMBRE":"Antonio Nariño","PVODIRECCI":"CLL 23 Sur # 27 - 27","PVONSITIO":"Santander","PVONOMBRE":"Colegio Distrital Francisco Jose de Paula - Sede A","PVONPUESTO":"10","PVOCODIGO":"160011510"}},{"type":"Feature","id":1412,"geometry":{"type":"Point","coordinates":[-74.114322486999981,4.5909892139999897]},"properties":{"OBJECTID":1412,"LOCCODIGO":"15","LOCNOMBRE":"Antonio Nariño","PVODIRECCI":"CLL 29 Sur # 29 A - 47","PVONSITIO":"Santander Sur","PVONOMBRE":"Colegio Distrital Francisco Jose de Paula - Sede B","PVONPUESTO":"11","PVOCODIGO":"160011511"}},{"type":"Feature","id":1413,"geometry":{"type":"Point","coordinates":[-74.125093352000022,4.5926444589999846]},"properties":{"OBJECTID":1413,"LOCCODIGO":"15","LOCNOMBRE":"Antonio Nariño","PVODIRECCI":"CLL 38 A Sur # 34 D - 51","PVONSITIO":"Villa Mayor","PVONOMBRE":"Centro Comercial Centro Mayor","PVONPUESTO":"12","PVOCODIGO":"160011512"}},{"type":"Feature","id":1414,"geometry":{"type":"Point","coordinates":[-74.130438658999992,4.5992496839999717]},"properties":{"OBJECTID":1414,"LOCCODIGO":"16","LOCNOMBRE":"Puente Aranda","PVODIRECCI":"CLL 39 Sur # 51 D - 19","PVONSITIO":"Delicias (Muzu)","PVONOMBRE":"Colegio Distrital Andrés Bello","PVONPUESTO":"1","PVOCODIGO":"160011601"}},{"type":"Feature","id":1415,"geometry":{"type":"Point","coordinates":[-74.120293301000004,4.6061583719999817]},"properties":{"OBJECTID":1415,"LOCCODIGO":"16","LOCNOMBRE":"Puente Aranda","PVODIRECCI":"CRA 51 # 16 -64 Sur","PVONSITIO":"Ciudad Montes","PVONOMBRE":"Colegio Nacional de Cultura Popular","PVONPUESTO":"2","PVOCODIGO":"160011602"}},{"type":"Feature","id":1416,"geometry":{"type":"Point","coordinates":[-74.103151068999978,4.6057988109999997]},"properties":{"OBJECTID":1416,"LOCCODIGO":"16","LOCNOMBRE":"Puente Aranda","PVODIRECCI":"CRA 31 D # 04 - 43","PVONSITIO":"Alcaldía Puente Aranda","PVONOMBRE":"Alcaldía Local de Puente Aranda","PVONPUESTO":"5","PVOCODIGO":"160011605"}},{"type":"Feature","id":1417,"geometry":{"type":"Point","coordinates":[-74.188435509999977,4.6061908500000186]},"properties":{"OBJECTID":1417,"LOCCODIGO":"07","LOCNOMBRE":"Bosa","PVODIRECCI":"DIAG 66 Sur # 80 C - 20","PVONSITIO":"Jiménez de Quesada","PVONOMBRE":"Colegio Distrital Fernando Mazuera Villegas - Sede B","PVONPUESTO":"15","PVOCODIGO":"160010715"}},{"type":"Feature","id":1418,"geometry":{"type":"Point","coordinates":[-74.206147514000008,4.6236496199999806]},"properties":{"OBJECTID":1418,"LOCCODIGO":"07","LOCNOMBRE":"Bosa","PVODIRECCI":"CRA 89 C # 79 - 51 Sur","PVONSITIO":"San Bernardino","PVONOMBRE":"Colegio Distrital San Bernardino","PVONPUESTO":"16","PVOCODIGO":"160010716"}},{"type":"Feature","id":1419,"geometry":{"type":"Point","coordinates":[-74.166263204000018,4.603305502000012]},"properties":{"OBJECTID":1419,"LOCCODIGO":"07","LOCNOMBRE":"Bosa","PVODIRECCI":"CLL 56 Sur # 72 G - 20","PVONSITIO":"Nuevo Chile","PVONOMBRE":"Colegio Distrital Nuevo Chile","PVONPUESTO":"19","PVOCODIGO":"160010719"}},{"type":"Feature","id":1420,"geometry":{"type":"Point","coordinates":[-74.195239992999973,4.6411536109999929]},"properties":{"OBJECTID":1420,"LOCCODIGO":"07","LOCNOMBRE":"Bosa","PVODIRECCI":"CRA 102A # 56F - 34 Sur","PVONSITIO":"Santa Fé de Bosa","PVONOMBRE":"Colegio Distrital Villas del Progreso","PVONPUESTO":"20","PVOCODIGO":"160010720"}},{"type":"Feature","id":1421,"geometry":{"type":"Point","coordinates":[-74.18362205699998,4.6358989089999909]},"properties":{"OBJECTID":1421,"LOCCODIGO":"07","LOCNOMBRE":"Bosa","PVODIRECCI":"CLL 51 Sur # 91 D - 56","PVONSITIO":"El Porvenir","PVONOMBRE":"Colegio Distrital El Porvenir Sede A","PVONPUESTO":"21","PVOCODIGO":"160010721"}},{"type":"Feature","id":1422,"geometry":{"type":"Point","coordinates":[-74.201482611000017,4.6275335650000216]},"properties":{"OBJECTID":1422,"LOCCODIGO":"07","LOCNOMBRE":"Bosa","PVODIRECCI":"CRA 92 # 72 - 42 Sur","PVONSITIO":"El Recreo","PVONOMBRE":"Colegio Distrital Leonardo Posada Pedraza","PVONPUESTO":"22","PVOCODIGO":"160010722"}},{"type":"Feature","id":1423,"geometry":{"type":"Point","coordinates":[-74.184779737999975,4.6108717000000183]},"properties":{"OBJECTID":1423,"LOCCODIGO":"07","LOCNOMBRE":"Bosa","PVODIRECCI":"CLL 61 Sur # 80 I - 40","PVONSITIO":"Francisco de Paula Santander","PVONOMBRE":"Colegio Distrital Francisco de Paula Santander","PVONPUESTO":"24","PVOCODIGO":"160010724"}},{"type":"Feature","id":1424,"geometry":{"type":"Point","coordinates":[-74.192837510999993,4.6293449280000232]},"properties":{"OBJECTID":1424,"LOCCODIGO":"07","LOCNOMBRE":"Bosa","PVODIRECCI":"CLL 61 Sur # 103 - 33 / \nCLL 59C Sur # 89B - 45","PVONSITIO":"Atalayas","PVONOMBRE":"Colegio Distrital Santiago de las Atalayas","PVONPUESTO":"26","PVOCODIGO":"160010726"}},{"type":"Feature","id":1425,"geometry":{"type":"Point","coordinates":[-74.189784799999984,4.6333432330000051]},"properties":{"OBJECTID":1425,"LOCCODIGO":"07","LOCNOMBRE":"Bosa","PVODIRECCI":"CLL 56 F Sur # 91 D - 14","PVONSITIO":"Fe y Alegría San Ignacio","PVONOMBRE":"Colegio Distrital Fe y Alegría San Ignacio","PVONPUESTO":"28","PVOCODIGO":"160010728"}},{"type":"Feature","id":1426,"geometry":{"type":"Point","coordinates":[-74.187211546000015,4.6408297259999927]},"properties":{"OBJECTID":1426,"LOCCODIGO":"07","LOCNOMBRE":"Bosa","PVODIRECCI":"CLL 52 Sur # 97 C - 35","PVONSITIO":"Ciudadela El Porvenir","PVONOMBRE":"Colegio Distrital Ciudadela Educativa de Bosa","PVONPUESTO":"29","PVOCODIGO":"160010729"}},{"type":"Feature","id":1427,"geometry":{"type":"Point","coordinates":[-74.178902930999982,4.6141817629999764]},"properties":{"OBJECTID":1427,"LOCCODIGO":"08","LOCNOMBRE":"Kennedy","PVODIRECCI":"CRA 80 I # 57 B - 50 Sur","PVONSITIO":"Colegio Distrital Class - Sede A","PVONOMBRE":"Colegio Distrital Class - Sede A","PVONPUESTO":"1","PVOCODIGO":"160010801"}},{"type":"Feature","id":1428,"geometry":{"type":"Point","coordinates":[-74.174026872000013,4.6104233799999861]},"properties":{"OBJECTID":1428,"LOCCODIGO":"08","LOCNOMBRE":"Kennedy","PVODIRECCI":"CLL 57 A Sur # 78 N - 21","PVONSITIO":"Col Class IED - Sede C","PVONOMBRE":"Colegio Distrital Rómulo Gallegos","PVONPUESTO":"2","PVOCODIGO":"160010802"}},{"type":"Feature","id":1429,"geometry":{"type":"Point","coordinates":[-74.12037854099998,4.5848004999999716]},"properties":{"OBJECTID":1429,"LOCCODIGO":"18","LOCNOMBRE":"Rafael Uribe Uribe","PVODIRECCI":"CRA 26 B # 35 B - 49 Sur","PVONSITIO":"Bravo Páez","PVONOMBRE":"Colegio Distrital Rafael Delgado Salguero (General Paez) - Sede A","PVONPUESTO":"3","PVOCODIGO":"160011803"}},{"type":"Feature","id":1430,"geometry":{"type":"Point","coordinates":[-74.116139205000025,4.5840366099999983]},"properties":{"OBJECTID":1430,"LOCCODIGO":"18","LOCNOMBRE":"Rafael Uribe Uribe","PVODIRECCI":"CLL 32 Sur # 24 B - 20","PVONSITIO":"Libertador II","PVONOMBRE":"Colegio Distrital El Libertador","PVONPUESTO":"4","PVOCODIGO":"160011804"}},{"type":"Feature","id":1431,"geometry":{"type":"Point","coordinates":[-74.112684521999995,4.5848353810000049]},"properties":{"OBJECTID":1431,"LOCCODIGO":"18","LOCNOMBRE":"Rafael Uribe Uribe","PVODIRECCI":"CRA 24 B # 29 A - 02 Sur","PVONSITIO":"Centenario","PVONOMBRE":"Instituto San Pablo Apóstol - ISPA","PVONPUESTO":"5","PVOCODIGO":"160011805"}},{"type":"Feature","id":1432,"geometry":{"type":"Point","coordinates":[-74.109056790000011,4.5834964790000186]},"properties":{"OBJECTID":1432,"LOCCODIGO":"18","LOCNOMBRE":"Rafael Uribe Uribe","PVODIRECCI":"CLL 27 Sur # 22 A - 02","PVONSITIO":"Olaya","PVONOMBRE":"Colegio Distrital Antonio Baraya -  Sede A","PVONPUESTO":"6","PVOCODIGO":"160011806"}},{"type":"Feature","id":1433,"geometry":{"type":"Point","coordinates":[-74.108852905999981,4.5764910760000248]},"properties":{"OBJECTID":1433,"LOCCODIGO":"18","LOCNOMBRE":"Rafael Uribe Uribe","PVODIRECCI":"CLL 30 Sur # 13 - 45","PVONSITIO":"Alejandro Obregón Gustavo Restrepo","PVONOMBRE":"Colegio Distrital Alejandro Obregón","PVONPUESTO":"8","PVOCODIGO":"160011808"}},{"type":"Feature","id":1434,"geometry":{"type":"Point","coordinates":[-74.110551713999996,4.5792223390000117]},"properties":{"OBJECTID":1434,"LOCCODIGO":"18","LOCNOMBRE":"Rafael Uribe Uribe","PVODIRECCI":"CLL 30 Sur # 19 B - 25","PVONSITIO":"Quiroga","PVONOMBRE":"Colegio Distrital Clemencia Holguín de Urdaneta","PVONPUESTO":"9","PVOCODIGO":"160011809"}},{"type":"Feature","id":1435,"geometry":{"type":"Point","coordinates":[-74.114646255000025,4.5804697589999819]},"properties":{"OBJECTID":1435,"LOCCODIGO":"18","LOCNOMBRE":"Rafael Uribe Uribe","PVODIRECCI":"CLL 32 Sur # 22 - 30","PVONSITIO":"Alcaldía Quiroga","PVONOMBRE":"Colegio Distrital Clemencia de Caycedo","PVONPUESTO":"10","PVOCODIGO":"160011810"}},{"type":"Feature","id":1436,"geometry":{"type":"Point","coordinates":[-74.108359082999982,4.5646715120000181]},"properties":{"OBJECTID":1436,"LOCCODIGO":"18","LOCNOMBRE":"Rafael Uribe Uribe","PVODIRECCI":"CRA 10 A # 39 - 05 Sur","PVONSITIO":"Las Lomas","PVONOMBRE":"Colegio Distrital Misael Pastrana Borrero","PVONPUESTO":"15","PVOCODIGO":"160011815"}},{"type":"Feature","id":1437,"geometry":{"type":"Point","coordinates":[-74.165415200999973,4.5872226999999839]},"properties":{"OBJECTID":1437,"LOCCODIGO":"19","LOCNOMBRE":"Ciudad Bolívar","PVODIRECCI":"CLL 64 Sur # 71 F - 18","PVONSITIO":"Ismael Perdomo","PVONOMBRE":"Colegio Distrital Ismael Perdomo","PVONPUESTO":"15","PVOCODIGO":"160011915"}},{"type":"Feature","id":1438,"geometry":{"type":"Point","coordinates":[-74.16226333100002,4.573266182999987]},"properties":{"OBJECTID":1438,"LOCCODIGO":"19","LOCNOMBRE":"Ciudad Bolívar","PVODIRECCI":"CLL 72 Sur # 47 B - 09","PVONSITIO":"Nueva Argentina","PVONOMBRE":"Colegio Distrital Ciudad Bolívar Argentina - Sede B","PVONPUESTO":"19","PVOCODIGO":"160011919"}},{"type":"Feature","id":1439,"geometry":{"type":"Point","coordinates":[-74.158992115999979,4.5523887649999892]},"properties":{"OBJECTID":1439,"LOCCODIGO":"19","LOCNOMBRE":"Ciudad Bolívar","PVODIRECCI":"CRA 27 B # 71 C - 12 Sur","PVONSITIO":"El Paraíso","PVONOMBRE":"Colegio Distrital Paraíso Mirador - Sede B","PVONPUESTO":"21","PVOCODIGO":"160011921"}},{"type":"Feature","id":1440,"geometry":{"type":"Point","coordinates":[-74.139399665999974,4.5444003079999788]},"properties":{"OBJECTID":1440,"LOCCODIGO":"19","LOCNOMBRE":"Ciudad Bolívar","PVODIRECCI":"CRA 17 F # 73 A - 31 Sur","PVONSITIO":"Sotavento","PVONOMBRE":"Colegio Distrital Antonio García","PVONPUESTO":"25","PVOCODIGO":"160011925"}},{"type":"Feature","id":1441,"geometry":{"type":"Point","coordinates":[-74.152750597000022,4.5534594709999965]},"properties":{"OBJECTID":1441,"LOCCODIGO":"19","LOCNOMBRE":"Ciudad Bolívar","PVODIRECCI":"CRA 18 M # 69 J - 25 Sur","PVONSITIO":"Villa Gloria Sur","PVONOMBRE":"Colegio Distrital Villa Mar - Sede A","PVONPUESTO":"27","PVOCODIGO":"160011927"}},{"type":"Feature","id":1442,"geometry":{"type":"Point","coordinates":[-74.170676919000016,4.5909999119999725]},"properties":{"OBJECTID":1442,"LOCCODIGO":"19","LOCNOMBRE":"Ciudad Bolívar","PVODIRECCI":"CLL 60 A Sur # 73 - 31","PVONSITIO":"Galicia","PVONOMBRE":"Colegio Distrital Cundinamarca","PVONPUESTO":"28","PVOCODIGO":"160011928"}},{"type":"Feature","id":1443,"geometry":{"type":"Point","coordinates":[-74.180080427000007,4.596277697000005]},"properties":{"OBJECTID":1443,"LOCCODIGO":"19","LOCNOMBRE":"Ciudad Bolívar","PVODIRECCI":"CLL 57 Z Sur # 75 D - 10 / \nCRA 76A Sur # 57 R - 10S","PVONSITIO":"Casavianca- Universidad ECCI Sede Sur","PVONOMBRE":"Universidad ECCI Sede Sur","PVONPUESTO":"30","PVOCODIGO":"160011930"}},{"type":"Feature","id":1444,"geometry":{"type":"Point","coordinates":[-74.153096754999979,4.5815012759999831]},"properties":{"OBJECTID":1444,"LOCCODIGO":"19","LOCNOMBRE":"Ciudad Bolívar","PVODIRECCI":"CLL 58 D Sur # 51 - 10","PVONSITIO":"Casona - Colegio Distrital Maria Currea Manrique","PVONOMBRE":"Facultad Tecnológica Universidad Distrital","PVONPUESTO":"31","PVOCODIGO":"160011931"}},{"type":"Feature","id":1445,"geometry":{"type":"Point","coordinates":[-74.169541996000021,4.5708711959999846]},"properties":{"OBJECTID":1445,"LOCCODIGO":"19","LOCNOMBRE":"Ciudad Bolívar","PVODIRECCI":"TRV 46 A # 79 D - 15 Sur","PVONSITIO":"Potosí (La Laguna)","PVONOMBRE":"Colegio Distrital Sierra Morena -  Sede C (Divino Niño)","PVONPUESTO":"33","PVOCODIGO":"160011933"}},{"type":"Feature","id":1446,"geometry":{"type":"Point","coordinates":[-74.139297415999977,4.5557759640000199]},"properties":{"OBJECTID":1446,"LOCCODIGO":"19","LOCNOMBRE":"Ciudad Bolívar","PVODIRECCI":"CRA 18 K Bis # 61 B - 52 Sur","PVONSITIO":"Altos de Jalisco","PVONOMBRE":"Salón Comunal","PVONPUESTO":"34","PVOCODIGO":"160011934"}},{"type":"Feature","id":1447,"geometry":{"type":"Point","coordinates":[-74.142554637999979,4.5430990510000129]},"properties":{"OBJECTID":1447,"LOCCODIGO":"19","LOCNOMBRE":"Ciudad Bolívar","PVODIRECCI":"CLL 74 A Sur # 18 - 23","PVONSITIO":"Estrella del Sur","PVONOMBRE":"Colegio Distrital Estrella del Sur - Sede C","PVONPUESTO":"35","PVOCODIGO":"160011935"}},{"type":"Feature","id":1705,"geometry":{"type":"Point","coordinates":[-74.042605189000028,4.6836976760000084]},"properties":{"OBJECTID":1705,"LOCCODIGO":"01","LOCNOMBRE":"Usaquén","PVODIRECCI":"CRA 11 con CLL 101 Esquina","PVONSITIO":"Universidad Militar","PVONOMBRE":"Vía Pública Universidad Militar","PVONPUESTO":"38","PVOCODIGO":"160010138"}},{"type":"Feature","id":1706,"geometry":{"type":"Point","coordinates":[-74.024494156000003,4.7645760030000019]},"properties":{"OBJECTID":1706,"LOCCODIGO":"01","LOCNOMBRE":"Usaquén","PVODIRECCI":"CRA 26 # 187 B - 37 /\nCLL 187C # 4A - 30 /\nCRA 4 # 187 D - 09","PVONSITIO":"Colegio La Estrellita","PVONOMBRE":"Colegio La Estrellita (antes Don Bosco III)","PVONPUESTO":"39","PVOCODIGO":"160010139"}},{"type":"Feature","id":1707,"geometry":{"type":"Point","coordinates":[-74.04309304200001,4.7556563159999996]},"properties":{"OBJECTID":1707,"LOCCODIGO":"01","LOCNOMBRE":"Usaquén","PVODIRECCI":"CLL 175 # 20 A - 26\nEntrada por detrás del CC PANAMA","PVONSITIO":"Colegio Esclavas del Sagrado Corazón","PVONOMBRE":"Colegio Esclavas del Sagrado Corazón","PVONPUESTO":"40","PVOCODIGO":"160010140"}},{"type":"Feature","id":1708,"geometry":{"type":"Point","coordinates":[-74.050939787000004,4.7097559979999915]},"properties":{"OBJECTID":1708,"LOCCODIGO":"01","LOCNOMBRE":"Usaquén","PVODIRECCI":"CLL 127 B Bis # 21 - 02","PVONSITIO":"Colegio Cardenal Sancha","PVONOMBRE":"Colegio Cardenal Sancha","PVONPUESTO":"41","PVOCODIGO":"160010141"}},{"type":"Feature","id":1709,"geometry":{"type":"Point","coordinates":[-74.049557784000001,4.7132078230000047]},"properties":{"OBJECTID":1709,"LOCCODIGO":"01","LOCNOMBRE":"Usaquén","PVODIRECCI":"CLL 128 B # 20 - 80","PVONSITIO":"Colegio Campestre San José","PVONOMBRE":"Colegio Campestre San José","PVONPUESTO":"42","PVOCODIGO":"160010142"}},{"type":"Feature","id":1710,"geometry":{"type":"Point","coordinates":[-74.034976948000008,4.723774542000001]},"properties":{"OBJECTID":1710,"LOCCODIGO":"01","LOCNOMBRE":"Usaquén","PVODIRECCI":"CLL 145 # 11 - 40","PVONSITIO":"Colegio PROVINMA","PVONOMBRE":"Colegio PROVINMA","PVONPUESTO":"43","PVOCODIGO":"160010143"}},{"type":"Feature","id":1711,"geometry":{"type":"Point","coordinates":[-74.041205952999974,4.7502821400000244]},"properties":{"OBJECTID":1711,"LOCCODIGO":"01","LOCNOMBRE":"Usaquén","PVODIRECCI":"CLL 170 #17A- 32","PVONSITIO":"Colegio Eucarístico Guadalupe","PVONOMBRE":"Colegio Eucarístico Guadalupe","PVONPUESTO":"44","PVOCODIGO":"160010144"}},{"type":"Feature","id":1712,"geometry":{"type":"Point","coordinates":[-74.109393126999976,4.6155186830000048]},"properties":{"OBJECTID":1712,"LOCCODIGO":"16","LOCNOMBRE":"Puente Aranda","PVODIRECCI":"CRA 41 B # 4 C – 27","PVONSITIO":"La Primavera","PVONOMBRE":"Colegio Distrital El Jazmín - Sede B","PVONPUESTO":"6","PVOCODIGO":"160011606"}},{"type":"Feature","id":1713,"geometry":{"type":"Point","coordinates":[-74.089332317000014,4.6226899349999826]},"properties":{"OBJECTID":1713,"LOCCODIGO":"16","LOCNOMBRE":"Puente Aranda","PVODIRECCI":"CLL 19 C # 33 - 30","PVONSITIO":"Cundinamarca","PVONOMBRE":"Colegio Distrital España - Sede B","PVONPUESTO":"7","PVOCODIGO":"160011607"}},{"type":"Feature","id":1714,"geometry":{"type":"Point","coordinates":[-74.107460263999997,4.620199920999994]},"properties":{"OBJECTID":1714,"LOCCODIGO":"16","LOCNOMBRE":"Puente Aranda","PVODIRECCI":"DIAG 5 F Bis A # 43 B - 02","PVONSITIO":"La Francia","PVONOMBRE":"Salón Comunal La Francia","PVONPUESTO":"8","PVOCODIGO":"160011608"}},{"type":"Feature","id":1715,"geometry":{"type":"Point","coordinates":[-74.108885602999976,4.632026551000024]},"properties":{"OBJECTID":1715,"LOCCODIGO":"16","LOCNOMBRE":"Puente Aranda","PVODIRECCI":"CRA 56 # 15 - 41","PVONSITIO":"Puente Aranda","PVONOMBRE":"Colegio Distrital José Joaquín Casas - Sede A","PVONPUESTO":"9","PVOCODIGO":"160011609"}},{"type":"Feature","id":1716,"geometry":{"type":"Point","coordinates":[-74.118098217000011,4.6335643900000036]},"properties":{"OBJECTID":1716,"LOCCODIGO":"16","LOCNOMBRE":"Puente Aranda","PVODIRECCI":"CLL 11 # 65 B - 10","PVONSITIO":"Salazar Gómez","PVONOMBRE":"Colegio Distrital Francisco José de Sucre","PVONPUESTO":"10","PVOCODIGO":"160011610"}},{"type":"Feature","id":1717,"geometry":{"type":"Point","coordinates":[-74.117041884999992,4.6269882799999777]},"properties":{"OBJECTID":1717,"LOCCODIGO":"16","LOCNOMBRE":"Puente Aranda","PVODIRECCI":"CLL 5 B # 60 - 29","PVONSITIO":"La Trinidad","PVONOMBRE":"Colegio Distrital Silvera Espinosa Rendón - Sede C","PVONPUESTO":"11","PVOCODIGO":"160011611"}},{"type":"Feature","id":1718,"geometry":{"type":"Point","coordinates":[-74.121825563000016,4.6239941090000229]},"properties":{"OBJECTID":1718,"LOCCODIGO":"16","LOCNOMBRE":"Puente Aranda","PVODIRECCI":"CLL 4 B # 65 - 31","PVONSITIO":"La Pradera","PVONOMBRE":"Colegio Distrital Silveria Espinosa Rendon - Sede B","PVONPUESTO":"12","PVOCODIGO":"160011612"}},{"type":"Feature","id":1719,"geometry":{"type":"Point","coordinates":[-74.119428475999996,4.6201903720000246]},"properties":{"OBJECTID":1719,"LOCCODIGO":"16","LOCNOMBRE":"Puente Aranda","PVODIRECCI":"CLL 4 # 56 - 03","PVONSITIO":"Colón","PVONOMBRE":"Colegio José Allamano","PVONPUESTO":"13","PVOCODIGO":"160011613"}},{"type":"Feature","id":1720,"geometry":{"type":"Point","coordinates":[-74.113655827999992,4.6199194949999765]},"properties":{"OBJECTID":1720,"LOCCODIGO":"16","LOCNOMBRE":"Puente Aranda","PVODIRECCI":"CLL 4 F # 53 - 55","PVONSITIO":"San Rafael","PVONOMBRE":"Colegio Distrital Rafaél Sorrento - Sede B","PVONPUESTO":"14","PVOCODIGO":"160011614"}},{"type":"Feature","id":1721,"geometry":{"type":"Point","coordinates":[-74.11487267199999,4.6099594429999797]},"properties":{"OBJECTID":1721,"LOCCODIGO":"16","LOCNOMBRE":"Puente Aranda","PVODIRECCI":"CLL 1 H # 40 D - 13","PVONSITIO":"El Jazmín","PVONOMBRE":"Colegio Distrital Jazmín - Sede A","PVONPUESTO":"15","PVOCODIGO":"160011615"}},{"type":"Feature","id":1722,"geometry":{"type":"Point","coordinates":[-74.119080757999996,4.6114953289999789]},"properties":{"OBJECTID":1722,"LOCCODIGO":"16","LOCNOMBRE":"Puente Aranda","PVODIRECCI":"CLL 1 B # 52 A - 02","PVONSITIO":"La Ponderosa","PVONOMBRE":"Colegio Distrital Luis Carlos Galán","PVONPUESTO":"16","PVOCODIGO":"160011616"}},{"type":"Feature","id":1723,"geometry":{"type":"Point","coordinates":[-74.122475629999997,4.617260903999977]},"properties":{"OBJECTID":1723,"LOCCODIGO":"16","LOCNOMBRE":"Puente Aranda","PVODIRECCI":"CLL 2 Bis # 56 A - 37","PVONSITIO":"Galán","PVONOMBRE":"Colegio Distrital José Manuel Restrepo","PVONPUESTO":"17","PVOCODIGO":"160011617"}},{"type":"Feature","id":1724,"geometry":{"type":"Point","coordinates":[-74.12565622599999,4.6095319849999896]},"properties":{"OBJECTID":1724,"LOCCODIGO":"16","LOCNOMBRE":"Puente Aranda","PVODIRECCI":"CRA 52 C # 19 A - 76 Sur","PVONSITIO":"Milenta","PVONOMBRE":"Colegio Distrital Luis Vargas Tejada - Sede A","PVONPUESTO":"18","PVOCODIGO":"160011618"}},{"type":"Feature","id":1725,"geometry":{"type":"Point","coordinates":[-74.134256714999992,4.5997516909999945]},"properties":{"OBJECTID":1725,"LOCCODIGO":"16","LOCNOMBRE":"Puente Aranda","PVODIRECCI":"CLL 40 B Sur # 52 C - 60","PVONSITIO":"Alquería","PVONOMBRE":"Colegio Distrital Julio Garavito - Sede A","PVONPUESTO":"20","PVOCODIGO":"160011620"}},{"type":"Feature","id":1726,"geometry":{"type":"Point","coordinates":[-74.127177779000021,4.6019799929999863]},"properties":{"OBJECTID":1726,"LOCCODIGO":"16","LOCNOMBRE":"Puente Aranda","PVODIRECCI":"CRA 51 C # 33 - 41 Sur","PVONSITIO":"Alcalá","PVONOMBRE":"Colegio Distrital Benjamín Herrera - Sede B","PVONPUESTO":"21","PVOCODIGO":"160011621"}},{"type":"Feature","id":1727,"geometry":{"type":"Point","coordinates":[-74.123727630000019,4.5980477460000202]},"properties":{"OBJECTID":1727,"LOCCODIGO":"16","LOCNOMBRE":"Puente Aranda","PVODIRECCI":"CRA 41 # 34 - 35 Sur","PVONSITIO":"Santa Rita","PVONOMBRE":"Colegio Distrital de Cultura Popular - Sede B","PVONPUESTO":"22","PVOCODIGO":"160011622"}},{"type":"Feature","id":1728,"geometry":{"type":"Point","coordinates":[-74.118853393999984,4.5968385630000057]},"properties":{"OBJECTID":1728,"LOCCODIGO":"16","LOCNOMBRE":"Puente Aranda","PVODIRECCI":"TRV 38 # 29 B - 61 Sur","PVONSITIO":"Los Sauces","PVONOMBRE":"Salón Comunal Villas del Rosario","PVONPUESTO":"24","PVOCODIGO":"160011624"}},{"type":"Feature","id":1729,"geometry":{"type":"Point","coordinates":[-74.11216463400001,4.5975311039999838]},"properties":{"OBJECTID":1729,"LOCCODIGO":"16","LOCNOMBRE":"Puente Aranda","PVODIRECCI":"CLL 17 B Sur # 34 A - 21 / \nCRA 34 # 17A - 70 Sur","PVONSITIO":"Jorge Gaitán Cortés","PVONOMBRE":"Colegio Distrital Marco Antonio Carreño Sede A","PVONPUESTO":"41","PVOCODIGO":"160011641"}},{"type":"Feature","id":1730,"geometry":{"type":"Point","coordinates":[-74.107999932999974,4.5990106009999749]},"properties":{"OBJECTID":1730,"LOCCODIGO":"16","LOCNOMBRE":"Puente Aranda","PVODIRECCI":"CLL 8 Sur # 31 A - 31 /\nAV CLL 8 Sur # 31 A - 31","PVONSITIO":"Centro Para Ciegos - CRAC","PVONOMBRE":"Centro De Rehabilitación Para Adultos Ciegos - CRAC","PVONPUESTO":"42","PVOCODIGO":"160011642"}},{"type":"Feature","id":1731,"geometry":{"type":"Point","coordinates":[-74.076079232999973,4.5967706980000003]},"properties":{"OBJECTID":1731,"LOCCODIGO":"17","LOCNOMBRE":"Candelaria","PVODIRECCI":"CRA 7 # 9 - 54","PVONSITIO":"Colegio Mayor San Bartolomé","PVONOMBRE":"Colegio Mayor San Bartolomé","PVONPUESTO":"6","PVOCODIGO":"160011706"}},{"type":"Feature","id":1732,"geometry":{"type":"Point","coordinates":[-74.072095755000021,4.598427877000006]},"properties":{"OBJECTID":1732,"LOCCODIGO":"17","LOCNOMBRE":"Candelaria","PVODIRECCI":"CLL 12 B # 4 - 31","PVONSITIO":"Autónoma de Colombia","PVONOMBRE":"Fundación Universidad Autónoma de Colombia","PVONPUESTO":"7","PVOCODIGO":"160011707"}},{"type":"Feature","id":1733,"geometry":{"type":"Point","coordinates":[-74.070547755000007,4.5932168140000158]},"properties":{"OBJECTID":1733,"LOCCODIGO":"17","LOCNOMBRE":"Candelaria","PVODIRECCI":"CLL 9A # 0 - 30 Este / \nCLL 9 A # 0 - 22 Este","PVONSITIO":"Egipto Escuela Quinta Díaz","PVONOMBRE":"Escuela Nacional de Comercio (Sede Bachillerato)","PVONPUESTO":"8","PVOCODIGO":"160011708"}},{"type":"Feature","id":1734,"geometry":{"type":"Point","coordinates":[-74.071078753999984,4.59490238799998]},"properties":{"OBJECTID":1734,"LOCCODIGO":"17","LOCNOMBRE":"Candelaria","PVODIRECCI":"CRA 2 # 10 - 70 / \nCRA 2 # 10 - 52 ","PVONSITIO":"La Salle Candelaria","PVONOMBRE":"Universidad de La Salle","PVONPUESTO":"9","PVOCODIGO":"160011709"}},{"type":"Feature","id":1735,"geometry":{"type":"Point","coordinates":[-74.119323206999979,4.5839811339999983]},"properties":{"OBJECTID":1735,"LOCCODIGO":"18","LOCNOMBRE":"Rafael Uribe Uribe","PVODIRECCI":"CRA 26 # 35 A - 38 Sur","PVONSITIO":"Integración Rafael Delgado Salguero","PVONOMBRE":"Colegio Distrital Integración Rafael Delgado Salguero","PVONPUESTO":"44","PVOCODIGO":"160011844"}},{"type":"Feature","id":1736,"geometry":{"type":"Point","coordinates":[-74.12211400000001,4.5691969999999742]},"properties":{"OBJECTID":1736,"LOCCODIGO":"18","LOCNOMBRE":"Rafael Uribe Uribe","PVODIRECCI":"TRV 13 H # 45 B - 33 Sur /\nTRV 13 H # 45 F - 33 Sur ","PVONSITIO":"Parroquial San José","PVONOMBRE":"Colegio Parroquial San José","PVONPUESTO":"45","PVOCODIGO":"160011845"}},{"type":"Feature","id":1737,"geometry":{"type":"Point","coordinates":[-74.118358919999991,4.5678933899999947]},"properties":{"OBJECTID":1737,"LOCCODIGO":"18","LOCNOMBRE":"Rafael Uribe Uribe","PVODIRECCI":"DIAG 46 Sur #13 - 40","PVONSITIO":"Liceo Psicopedagógico Marco Fidel Suárez","PVONOMBRE":"Colegio Liceo Psicopedagógico Marco Fidel Suárez","PVONPUESTO":"46","PVOCODIGO":"160011846"}},{"type":"Feature","id":1738,"geometry":{"type":"Point","coordinates":[-74.115415932000019,4.5592534219999834]},"properties":{"OBJECTID":1738,"LOCCODIGO":"18","LOCNOMBRE":"Rafael Uribe Uribe","PVODIRECCI":"TRV 5 U # 48 J - 30 Sur","PVONSITIO":"María Cano","PVONOMBRE":"Colegio Distrital María Cano","PVONPUESTO":"47","PVOCODIGO":"160011847"}},{"type":"Feature","id":1739,"geometry":{"type":"Point","coordinates":[-74.118476999999984,4.5747160000000235]},"properties":{"OBJECTID":1739,"LOCCODIGO":"18","LOCNOMBRE":"Rafael Uribe Uribe","PVODIRECCI":"DIAG 36 Sur # 16 B - 26 / \nCRA 13 G # 37 - 80 Sur","PVONSITIO":"CAFAM Santa Lucía","PVONOMBRE":"Colegio Distrital Cafam Santa Lucía","PVONPUESTO":"48","PVOCODIGO":"160011848"}},{"type":"Feature","id":1740,"geometry":{"type":"Point","coordinates":[-74.10746259199999,4.5453102860000172]},"properties":{"OBJECTID":1740,"LOCCODIGO":"18","LOCNOMBRE":"Rafael Uribe Uribe","PVODIRECCI":"DIAG 49 Sur # 2 A - 01\nCLL 49 Sur # 2 - 15","PVONSITIO":"Colegio Distrital Diana Turbay Sede B","PVONOMBRE":"Salón Comunal Comuneros","PVONPUESTO":"49","PVOCODIGO":"160011849"}},{"type":"Feature","id":1741,"geometry":{"type":"Point","coordinates":[-74.117287427999997,4.5796032370000148]},"properties":{"OBJECTID":1741,"LOCCODIGO":"18","LOCNOMBRE":"Rafael Uribe Uribe","PVODIRECCI":"CRA 23 # 35 - 20 Sur","PVONSITIO":"Alianza Quiroga","PVONOMBRE":"Colegio Distrital Alianza Quiroga","PVONPUESTO":"50","PVOCODIGO":"160011850"}},{"type":"Feature","id":1742,"geometry":{"type":"Point","coordinates":[-74.106008148000001,4.5848155269999893]},"properties":{"OBJECTID":1742,"LOCCODIGO":"18","LOCNOMBRE":"Rafael Uribe Uribe","PVODIRECCI":"CLL 22 Sur # 22 - 65 / CLL 22 Sur # 24 B - 65","PVONSITIO":"Estados Unidos de América","PVONOMBRE":"Colegio Distrital Estados Unidos de América","PVONPUESTO":"51","PVOCODIGO":"160011851"}},{"type":"Feature","id":1743,"geometry":{"type":"Point","coordinates":[-74.117682894999973,4.5883680229999868]},"properties":{"OBJECTID":1743,"LOCCODIGO":"18","LOCNOMBRE":"Rafael Uribe Uribe","PVODIRECCI":"CLL 33 Sur # 26 G - 10","PVONSITIO":"Torre Mayor","PVONOMBRE":"Colegio Distrital El Libertador Sede B","PVONPUESTO":"52","PVOCODIGO":"160011852"}},{"type":"Feature","id":1744,"geometry":{"type":"Point","coordinates":[-74.14440778300002,4.5422624390000124]},"properties":{"OBJECTID":1744,"LOCCODIGO":"19","LOCNOMBRE":"Ciudad Bolívar","PVODIRECCI":"CLL 75 Sur # 18 B - 45","PVONSITIO":"Las Quintas","PVONOMBRE":"Colegio Distrital Estrella del Sur Sede B","PVONPUESTO":"49","PVOCODIGO":"160011949"}},{"type":"Feature","id":1745,"geometry":{"type":"Point","coordinates":[-74.152533209000012,4.5498264629999881]},"properties":{"OBJECTID":1745,"LOCCODIGO":"19","LOCNOMBRE":"Ciudad Bolívar","PVODIRECCI":"CRA 18 # 70 A - 05 Sur / \nCRA 18N # 70 A - 51 Sur","PVONSITIO":"Colegio Fanny Mikey","PVONOMBRE":"Colegio Distrital Fanny Mikey","PVONPUESTO":"50","PVOCODIGO":"160011950"}},{"type":"Feature","id":1746,"geometry":{"type":"Point","coordinates":[-74.146065680999982,4.5575692200000049]},"properties":{"OBJECTID":1746,"LOCCODIGO":"19","LOCNOMBRE":"Ciudad Bolívar","PVODIRECCI":"CRA 18 U # 65 - 01 SUR","PVONSITIO":"Marandú","PVONOMBRE":"Colegio Distrital Santa Barbara Sur","PVONPUESTO":"51","PVOCODIGO":"160011951"}},{"type":"Feature","id":1747,"geometry":{"type":"Point","coordinates":[-74.16021963999998,4.5684596070000225]},"properties":{"OBJECTID":1747,"LOCCODIGO":"19","LOCNOMBRE":"Ciudad Bolívar","PVODIRECCI":"CRA 43 # 70A - 50 Sur / \nCRA 42 # 70A - 70 Sur","PVONSITIO":"Col Dist Arborizadora Alta Sede A","PVONOMBRE":"Col Dist Arborizadora Alta Sede A","PVONPUESTO":"52","PVOCODIGO":"160011952"}},{"type":"Feature","id":1748,"geometry":{"type":"Point","coordinates":[-74.16167387500002,4.5916549390000228]},"properties":{"OBJECTID":1748,"LOCCODIGO":"19","LOCNOMBRE":"Ciudad Bolívar","PVODIRECCI":"CRA 70C # 60 B - 05 Sur / \nAV CRA 70C # 60 B - 05 Sur","PVONSITIO":"Balmoral","PVONOMBRE":"Centro de Desarrollo Educativo IDIPRON","PVONPUESTO":"53","PVOCODIGO":"160011953"}},{"type":"Feature","id":1749,"geometry":{"type":"Point","coordinates":[-74.153525227999978,4.5757450219999782]},"properties":{"OBJECTID":1749,"LOCCODIGO":"19","LOCNOMBRE":"Ciudad Bolívar","PVODIRECCI":"CLL 59 Sur # 45 D - 15 / \nCLL 59 C Sur # 45 D - 15","PVONSITIO":"La Coruña - Liceo Contadora","PVONOMBRE":"Liceo Contadora","PVONPUESTO":"54","PVOCODIGO":"160011954"}},{"type":"Feature","id":1564,"geometry":{"type":"Point","coordinates":[-74.085417188999998,4.5305674840000165]},"properties":{"OBJECTID":1564,"LOCCODIGO":"04","LOCNOMBRE":"San Cristóbal","PVODIRECCI":"CRA 15 A Este # 57 A - 16 Sur","PVONSITIO":"Juana Escobar Sede A","PVONOMBRE":"Colegio Distrital Juana Escobar","PVONPUESTO":"35","PVOCODIGO":"160010435"}},{"type":"Feature","id":1565,"geometry":{"type":"Point","coordinates":[-74.117002275000004,4.532631465999998]},"properties":{"OBJECTID":1565,"LOCCODIGO":"05","LOCNOMBRE":"Usme","PVODIRECCI":"CRA 11 # 65 C - 50 Sur","PVONSITIO":"Portal Usme","PVONOMBRE":"Colegio Distrital Paulo Freire","PVONPUESTO":"22","PVOCODIGO":"160010522"}},{"type":"Feature","id":1566,"geometry":{"type":"Point","coordinates":[-74.095915491000028,4.5410797430000116]},"properties":{"OBJECTID":1566,"LOCCODIGO":"04","LOCNOMBRE":"San Cristóbal","PVODIRECCI":"CLL 48 Sur # 4 - 85 Este","PVONSITIO":"Roma Colsubsidio","PVONOMBRE":"Colegio Nueva Roma I.D.E.","PVONPUESTO":"36","PVOCODIGO":"160010436"}},{"type":"Feature","id":1567,"geometry":{"type":"Point","coordinates":[-74.106957000000023,4.5430180000000178]},"properties":{"OBJECTID":1567,"LOCCODIGO":"18","LOCNOMBRE":"Rafael Uribe Uribe","PVODIRECCI":"TRV 1 B Este # 49 B - 20 Sur","PVONSITIO":"La Marqueza","PVONOMBRE":"Integración Social Mi Taller Creativo","PVONPUESTO":"41","PVOCODIGO":"160011841"}},{"type":"Feature","id":1568,"geometry":{"type":"Point","coordinates":[-74.161737417999973,4.5433034270000121]},"properties":{"OBJECTID":1568,"LOCCODIGO":"19","LOCNOMBRE":"Ciudad Bolívar","PVODIRECCI":"DIAG 74 B Bis A Sur # 26 C - 12 /\nCRA 27 # 74 B - 51 Sur","PVONSITIO":"Bella Flor","PVONOMBRE":"Colegio Distrital José María Vargas Vila (Bella Flor)","PVONPUESTO":"47","PVOCODIGO":"160011947"}},{"type":"Feature","id":1569,"geometry":{"type":"Point","coordinates":[-74.115073999999993,4.5434159999999792]},"properties":{"OBJECTID":1569,"LOCCODIGO":"18","LOCNOMBRE":"Rafael Uribe Uribe","PVODIRECCI":"CRA 4 D Bis # 52 - 95 Sur","PVONSITIO":"Salón Comunal Cebadal","PVONOMBRE":"Salón Comunal Cebadal","PVONPUESTO":"40","PVOCODIGO":"160011840"}},{"type":"Feature","id":1570,"geometry":{"type":"Point","coordinates":[-74.161891153999989,4.5515580499999828]},"properties":{"OBJECTID":1570,"LOCCODIGO":"19","LOCNOMBRE":"Ciudad Bolívar","PVODIRECCI":"CRA 27 L # 71 H - 46 Sur","PVONSITIO":"El Mirador","PVONOMBRE":"Colegio Distrital Paraíso Mirador","PVONPUESTO":"48","PVOCODIGO":"160011948"}},{"type":"Feature","id":1571,"geometry":{"type":"Point","coordinates":[-74.138288999999986,4.5533980000000156]},"properties":{"OBJECTID":1571,"LOCCODIGO":"19","LOCNOMBRE":"Ciudad Bolívar","PVODIRECCI":"CRA 17 B # 64 B - 45 Sur","PVONSITIO":"Montreal","PVONOMBRE":"Colegio Rómulo Gallego Sede B (Villas del Diamante)","PVONPUESTO":"41","PVOCODIGO":"160011941"}},{"type":"Feature","id":1572,"geometry":{"type":"Point","coordinates":[-74.093910794999999,4.5543488079999861]},"properties":{"OBJECTID":1572,"LOCCODIGO":"04","LOCNOMBRE":"San Cristóbal","PVODIRECCI":"CRA 3 A Este # 35 - 37 Sur /\nCRA 3 A Este # 37 A - 59 Sur","PVONSITIO":"Escuela La Victoria B","PVONOMBRE":"Colegio Distrital La Victoria Sede B","PVONPUESTO":"34","PVOCODIGO":"160010434"}},{"type":"Feature","id":1573,"geometry":{"type":"Point","coordinates":[-74.111625788000026,4.5544558839999922]},"properties":{"OBJECTID":1573,"LOCCODIGO":"18","LOCNOMBRE":"Rafael Uribe Uribe","PVODIRECCI":"TRV 5 G # 48 P - 03 /\nCLL 48 P Sur # 5 G - 07","PVONSITIO":"Liceo San Pablo","PVONOMBRE":"Liceo Psicopedagógico San Pablo","PVONPUESTO":"39","PVOCODIGO":"160011839"}},{"type":"Feature","id":1574,"geometry":{"type":"Point","coordinates":[-74.087693999999999,4.5552809999999795]},"properties":{"OBJECTID":1574,"LOCCODIGO":"04","LOCNOMBRE":"San Cristóbal","PVODIRECCI":"TRV 6 C Este # 33 - 70 Sur","PVONSITIO":"San Vicente Colsubsidio","PVONOMBRE":"Colegio San Vicente I.D.E.","PVONPUESTO":"32","PVOCODIGO":"160010432"}},{"type":"Feature","id":1575,"geometry":{"type":"Point","coordinates":[-74.096735928999976,4.5557394799999997]},"properties":{"OBJECTID":1575,"LOCCODIGO":"04","LOCNOMBRE":"San Cristóbal","PVODIRECCI":"CLL 37 A Bis Sur # 2 A - 04","PVONSITIO":"Guacamayas II","PVONOMBRE":"Colegio Distrital Alemania Unificada Sede A","PVONPUESTO":"33","PVOCODIGO":"160010433"}},{"type":"Feature","id":1576,"geometry":{"type":"Point","coordinates":[-74.141909976000022,4.5559168539999746]},"properties":{"OBJECTID":1576,"LOCCODIGO":"19","LOCNOMBRE":"Ciudad Bolívar","PVODIRECCI":"CRA 18 M # 63 D - 09 Sur / \nCRA 18 M # 63 D -15 Sur","PVONSITIO":"Unión Europea","PVONOMBRE":"Colegio Distrital Unión Europea Sede A","PVONPUESTO":"42","PVOCODIGO":"160011942"}},{"type":"Feature","id":1577,"geometry":{"type":"Point","coordinates":[-74.129365620999977,4.5590806509999879]},"properties":{"OBJECTID":1577,"LOCCODIGO":"06","LOCNOMBRE":"Tunjuelito","PVODIRECCI":"CLL 58 Sur # 12A - 45 / \nCLL 58A Sur # 12 A - 25","PVONSITIO":"Tunjuelito B","PVONOMBRE":"Centro Educativo Distrital Nuevo Tunjuelito (Rufi# José de Cuervo Sede C)","PVONPUESTO":"13","PVOCODIGO":"160010613"}},{"type":"Feature","id":1578,"geometry":{"type":"Point","coordinates":[-74.149752631000013,4.5625142619999792]},"properties":{"OBJECTID":1578,"LOCCODIGO":"19","LOCNOMBRE":"Ciudad Bolívar","PVODIRECCI":"CRA 20 C # 67 - 00 Sur / \nCLL 67 Sur # 20 A - 51 ","PVONSITIO":"San Francisco Sede B","PVONOMBRE":"Colegio Distrital San Francisco Sede B","PVONPUESTO":"43","PVOCODIGO":"160011943"}},{"type":"Feature","id":1579,"geometry":{"type":"Point","coordinates":[-74.093606244999989,4.5652863830000001]},"properties":{"OBJECTID":1579,"LOCCODIGO":"04","LOCNOMBRE":"San Cristóbal","PVODIRECCI":"CRA 2 A # 29 A - 29 Sur","PVONSITIO":"Suramérica","PVONOMBRE":"Colegio Distrital Francisco Javier Matiz","PVONPUESTO":"31","PVOCODIGO":"160010431"}},{"type":"Feature","id":1580,"geometry":{"type":"Point","coordinates":[-74.147127000000012,4.5663049999999998]},"properties":{"OBJECTID":1580,"LOCCODIGO":"19","LOCNOMBRE":"Ciudad Bolívar","PVODIRECCI":"CRA 22 # 64 - 29 Sur","PVONSITIO":"San Francisco Sede A","PVONOMBRE":"Colegio Distrital San Francisco Sede A","PVONPUESTO":"44","PVOCODIGO":"160011944"}},{"type":"Feature","id":1581,"geometry":{"type":"Point","coordinates":[-74.149977406000005,4.5687450780000063]},"properties":{"OBJECTID":1581,"LOCCODIGO":"19","LOCNOMBRE":"Ciudad Bolívar","PVODIRECCI":"CRA 29 entre Calles 64 y 64 C Sur","PVONSITIO":"José Celestino Mutis","PVONOMBRE":"Vía pública al costado del Colegio Distrital Rodrigo Lara Bonilla Sede B (José Celesti# Mutis)","PVONPUESTO":"45","PVOCODIGO":"160011945"}},{"type":"Feature","id":1582,"geometry":{"type":"Point","coordinates":[-74.07476982999998,4.5690510819999872]},"properties":{"OBJECTID":1582,"LOCCODIGO":"04","LOCNOMBRE":"San Cristóbal","PVODIRECCI":"CRA 18 Este # 13 - 42 Sur","PVONSITIO":"San Gerónimo","PVONOMBRE":"Cancha Maracaná","PVONPUESTO":"30","PVOCODIGO":"160010430"}},{"type":"Feature","id":1583,"geometry":{"type":"Point","coordinates":[-74.094529454999986,4.5714642699999786]},"properties":{"OBJECTID":1583,"LOCCODIGO":"04","LOCNOMBRE":"San Cristóbal","PVODIRECCI":"CRA 7 A # 24 - 01 Sur /\nCLL 25 Sur # 7 - 76","PVONSITIO":"20 de Julio Sede B","PVONOMBRE":"Colegio Distrital 20 de Julio Sede A","PVONPUESTO":"28","PVOCODIGO":"160010428"}},{"type":"Feature","id":1584,"geometry":{"type":"Point","coordinates":[-74.119848483999988,4.5716750270000261]},"properties":{"OBJECTID":1584,"LOCCODIGO":"18","LOCNOMBRE":"Rafael Uribe Uribe","PVODIRECCI":"CLL 45 A Sur # 14 A - 19 / \nDIAG 45 Bis B Sur # 13F - 36","PVONSITIO":"San Jorge","PVONOMBRE":"Colegio Distrital  Alexander Fleming - sede A","PVONPUESTO":"38","PVOCODIGO":"160011838"}},{"type":"Feature","id":1585,"geometry":{"type":"Point","coordinates":[-74.106163935999973,4.5757554990000244]},"properties":{"OBJECTID":1585,"LOCCODIGO":"18","LOCNOMBRE":"Rafael Uribe Uribe","PVODIRECCI":"CRA 12 H Bis B # 28 C - 24 Sur","PVONSITIO":"Gustavo Restrepo","PVONOMBRE":"Colegio Distrital Gustavo Restrepo - Sede A","PVONPUESTO":"35","PVOCODIGO":"160011835"}},{"type":"Feature","id":1586,"geometry":{"type":"Point","coordinates":[-74.089196551999976,4.573732098999983]},"properties":{"OBJECTID":1586,"LOCCODIGO":"04","LOCNOMBRE":"San Cristóbal","PVODIRECCI":"CRA 5 Bis # 18 A - 14 Sur / \nCL 19 S # 5 - 40","PVONSITIO":"Coliseo Deportivo Primera de Mayo","PVONOMBRE":"Coliseo Deportivo Primera de Mayo","PVONPUESTO":"29","PVOCODIGO":"160010429"}},{"type":"Feature","id":1587,"geometry":{"type":"Point","coordinates":[-74.131896510999979,4.5776746640000283]},"properties":{"OBJECTID":1587,"LOCCODIGO":"06","LOCNOMBRE":"Tunjuelito","PVODIRECCI":"CLL 48 C Sur # 24 - 14 / \nCLL 48 C Sur # 24 - 41 ","PVONSITIO":"El Tunal \"B\"","PVONOMBRE":"Colegio Distrital José María Córdoba","PVONPUESTO":"14","PVOCODIGO":"160010614"}},{"type":"Feature","id":1588,"geometry":{"type":"Point","coordinates":[-74.13187099999999,4.5831440000000043]},"properties":{"OBJECTID":1588,"LOCCODIGO":"06","LOCNOMBRE":"Tunjuelito","PVODIRECCI":"CLL 48 B Sur # 28 - 56","PVONSITIO":"El Carmen Sur \"B\"","PVONOMBRE":"Colegio Distrital Santiago Pérez Sede B","PVONPUESTO":"15","PVOCODIGO":"160010615"}},{"type":"Feature","id":1589,"geometry":{"type":"Point","coordinates":[-74.123642754000002,4.5833639539999922]},"properties":{"OBJECTID":1589,"LOCCODIGO":"18","LOCNOMBRE":"Rafael Uribe Uribe","PVODIRECCI":"CLL 41 Sur # 27 - 87 / \nCRA 26 A # 41 - 10 Sur","PVONSITIO":"Salón Comunal Ingles","PVONOMBRE":"Salón Comunal Ingles","PVONPUESTO":"36","PVOCODIGO":"160011836"}},{"type":"Feature","id":1590,"geometry":{"type":"Point","coordinates":[-74.128493669000022,4.5834128010000086]},"properties":{"OBJECTID":1590,"LOCCODIGO":"18","LOCNOMBRE":"Rafael Uribe Uribe","PVODIRECCI":"CLL 46 Sur # 27 - 30","PVONSITIO":"Salón Comunal Claret","PVONOMBRE":"Salón Comunal Claret","PVONPUESTO":"37","PVOCODIGO":"160011837"}},{"type":"Feature","id":1591,"geometry":{"type":"Point","coordinates":[-74.138742220999973,4.5846821750000117]},"properties":{"OBJECTID":1591,"LOCCODIGO":"06","LOCNOMBRE":"Tunjuelito","PVODIRECCI":"DIAG 50 # 34 A - 00 Sur /\nDIAG 52 A Sur # 33 - 81 ","PVONSITIO":"Fátima \"B\"","PVONOMBRE":"Colegio Instituto Técnico Industrial Piloto Sede B","PVONPUESTO":"16","PVOCODIGO":"160010616"}},{"type":"Feature","id":1592,"geometry":{"type":"Point","coordinates":[-74.147437013999991,4.5858402779999778]},"properties":{"OBJECTID":1592,"LOCCODIGO":"06","LOCNOMBRE":"Tunjuelito","PVODIRECCI":"CRA 59 # 52 A - 50 Sur / \nCRA 61 B # 52 A 20 Sur ","PVONSITIO":"Nuevo Muzu \"B\"","PVONOMBRE":"Polideportivo Nuevo Muzu","PVONPUESTO":"17","PVOCODIGO":"160010617"}},{"type":"Feature","id":1593,"geometry":{"type":"Point","coordinates":[-74.163333000000023,4.5868909999999801]},"properties":{"OBJECTID":1593,"LOCCODIGO":"19","LOCNOMBRE":"Ciudad Bolívar","PVODIRECCI":"TRV 70 G # 65 - 02 Sur","PVONSITIO":"Bonavista","PVONOMBRE":"Colegio Distrital María Mercedes Carranza","PVONPUESTO":"46","PVOCODIGO":"160011946"}},{"type":"Feature","id":1594,"geometry":{"type":"Point","coordinates":[-74.100283999999988,4.5899890000000028]},"properties":{"OBJECTID":1594,"LOCCODIGO":"15","LOCNOMBRE":"Antonio Nariño","PVODIRECCI":"CLL 13 Sur # 24 B - 04","PVONSITIO":"La Valvanera","PVONOMBRE":"Colegio Parroquial La Valvanera","PVONPUESTO":"14","PVOCODIGO":"160011514"}},{"type":"Feature","id":1595,"geometry":{"type":"Point","coordinates":[-74.095862580000016,4.5969049789999872]},"properties":{"OBJECTID":1595,"LOCCODIGO":"14","LOCNOMBRE":"Mártires","PVODIRECCI":"CRA 24 # 1 H - 19","PVONSITIO":"La Rebeca","PVONOMBRE":"Colegio Distrital Eduardo Santos - Sede B - Primera Infancia","PVONPUESTO":"12","PVOCODIGO":"160011412"}},{"type":"Feature","id":1596,"geometry":{"type":"Point","coordinates":[-74.12678913100001,4.5985336690000054]},"properties":{"OBJECTID":1596,"LOCCODIGO":"16","LOCNOMBRE":"Puente Aranda","PVODIRECCI":"CLL 38 Sur # 50 A - 70 / \nCRA 51 # 37 A - 52 Sur","PVONSITIO":"Autopista Sur","PVONOMBRE":"Salón Comunal Barrio Autopista Sur","PVONPUESTO":"23","PVOCODIGO":"160011623"}},{"type":"Feature","id":1597,"geometry":{"type":"Point","coordinates":[-74.197716000000014,4.5996690000000058]},"properties":{"OBJECTID":1597,"LOCCODIGO":"07","LOCNOMBRE":"Bosa","PVODIRECCI":"DIAG 71 C Bis A Sur # 77 G - 15","PVONSITIO":"Carbonell","PVONOMBRE":"Colegio Distrital Carlos Albán Holguín Sede B","PVONPUESTO":"37","PVOCODIGO":"160010737"}},{"type":"Feature","id":1598,"geometry":{"type":"Point","coordinates":[-74.192260999999974,4.6009950000000117]},"properties":{"OBJECTID":1598,"LOCCODIGO":"07","LOCNOMBRE":"Bosa","PVODIRECCI":"CLL 70 Bis Sur # 77 L - 05 /\nCLL 70 A Sur # 77 L - 06","PVONSITIO":"Nueva Granada","PVONOMBRE":"Colegio Distrital CEDID San Pablo Sede C","PVONPUESTO":"38","PVOCODIGO":"160010738"}},{"type":"Feature","id":1599,"geometry":{"type":"Point","coordinates":[-74.199997559999986,4.6033650749999993]},"properties":{"OBJECTID":1599,"LOCCODIGO":"07","LOCNOMBRE":"Bosa","PVODIRECCI":"CLL 73 B Sur # 78 A Bis - 15 / \nCLL 73 B Sur # 78 A - 15","PVONSITIO":"Llano Oriental","PVONOMBRE":"Colegio Distrital Llano Oriental","PVONPUESTO":"36","PVOCODIGO":"160010736"}},{"type":"Feature","id":1600,"geometry":{"type":"Point","coordinates":[-74.182300460000022,4.6051786919999813]},"properties":{"OBJECTID":1600,"LOCCODIGO":"07","LOCNOMBRE":"Bosa","PVODIRECCI":"CLL 63 Sur # 78J - 10","PVONSITIO":"Nueva Estación","PVONOMBRE":"Nueva Estación","PVONPUESTO":"33","PVOCODIGO":"160010733"}},{"type":"Feature","id":1601,"geometry":{"type":"Point","coordinates":[-74.196697257999972,4.6081477399999926]},"properties":{"OBJECTID":1601,"LOCCODIGO":"07","LOCNOMBRE":"Bosa","PVODIRECCI":"CLL 72 A Sur # 80 J - 20 / \nCRA 80 J # 72 - 19 Sur","PVONSITIO":"Nuevo Carlos Albán","PVONOMBRE":"Colegio Distrital Gran Colombiano Sede D","PVONPUESTO":"31","PVOCODIGO":"160010731"}},{"type":"Feature","id":1602,"geometry":{"type":"Point","coordinates":[-74.194879000000014,4.6090379999999982]},"properties":{"OBJECTID":1602,"LOCCODIGO":"07","LOCNOMBRE":"Bosa","PVODIRECCI":"CRA 80 M # 71 C - 31 Sur","PVONSITIO":"Naranjos","PVONOMBRE":"Colegio Distrital Los Naranjos","PVONPUESTO":"39","PVOCODIGO":"160010739"}},{"type":"Feature","id":1603,"geometry":{"type":"Point","coordinates":[-74.199914191999994,4.6102266650000274]},"properties":{"OBJECTID":1603,"LOCCODIGO":"07","LOCNOMBRE":"Bosa","PVODIRECCI":"CLL 73 F Sur # 80 N Bis - 49 / \nCLL 73 F Sur # 80 N - 41","PVONSITIO":"Laureles II","PVONOMBRE":"Colegio Distrital Gran Colombiano Sede A","PVONPUESTO":"32","PVOCODIGO":"160010732"}},{"type":"Feature","id":1604,"geometry":{"type":"Point","coordinates":[-74.183995159999995,4.6118604100000198]},"properties":{"OBJECTID":1604,"LOCCODIGO":"07","LOCNOMBRE":"Bosa","PVODIRECCI":"CLL 60 Sur # 80 K - 02 / \nCLL 60 Sur # 80 H - 58","PVONSITIO":"Claretiano","PVONOMBRE":"Colegio Claretiano de Bosa","PVONPUESTO":"41","PVOCODIGO":"160010741"}},{"type":"Feature","id":1605,"geometry":{"type":"Point","coordinates":[-74.158028827999999,4.6208880290000138]},"properties":{"OBJECTID":1605,"LOCCODIGO":"08","LOCNOMBRE":"Kennedy","PVODIRECCI":"CRA 78 N # 41 - 17/ 21 Sur / CRA 78 P # 41 - 20 Sur","PVONSITIO":"Colegio Paulo VI Sede A","PVONOMBRE":"Colegio Distrital Paulo VI Sede A","PVONPUESTO":"62","PVOCODIGO":"160010862"}},{"type":"Feature","id":1606,"geometry":{"type":"Point","coordinates":[-74.115006382999979,4.6222569579999799]},"properties":{"OBJECTID":1606,"LOCCODIGO":"16","LOCNOMBRE":"Puente Aranda","PVODIRECCI":"CRA 53F # 4G - 04","PVONSITIO":"Salón Comunal Colón","PVONOMBRE":"Salón Comunal Barrio Colón","PVONPUESTO":"27","PVOCODIGO":"160011627"}},{"type":"Feature","id":1607,"geometry":{"type":"Point","coordinates":[-74.194785000000024,4.6207479999999919]},"properties":{"OBJECTID":1607,"LOCCODIGO":"07","LOCNOMBRE":"Bosa","PVODIRECCI":"CRA 87 C # 69 A - 80 Sur / \nCLL 69 B Sur # 87 B - 32","PVONSITIO":"La Independencia","PVONOMBRE":"Colegio Mixto Villa Carolina","PVONPUESTO":"34","PVOCODIGO":"160010734"}},{"type":"Feature","id":1608,"geometry":{"type":"Point","coordinates":[-74.166610751999997,4.6209027140000103]},"properties":{"OBJECTID":1608,"LOCCODIGO":"08","LOCNOMBRE":"Kennedy","PVODIRECCI":"CRA 80 # 43 - 43 Sur /\nAV CRA 80 # 43 - 43 Sur","PVONSITIO":"Centro Desarrollo Comunitario Kennedy","PVONOMBRE":"Centro de Desarrollo Comunitario Kennedy","PVONPUESTO":"63","PVOCODIGO":"160010863"}},{"type":"Feature","id":1609,"geometry":{"type":"Point","coordinates":[-74.207959000000017,4.6221370000000093]},"properties":{"OBJECTID":1609,"LOCCODIGO":"07","LOCNOMBRE":"Bosa","PVODIRECCI":"CLL 82 Sur # 89 - 21","PVONSITIO":"Campo Verde - Potreritos","PVONOMBRE":"Colegio Distrital Kimy Pernia","PVONPUESTO":"40","PVOCODIGO":"160010740"}},{"type":"Feature","id":1610,"geometry":{"type":"Point","coordinates":[-74.188373000000013,4.6227210000000127]},"properties":{"OBJECTID":1610,"LOCCODIGO":"07","LOCNOMBRE":"Bosa","PVODIRECCI":"CLL 59 B Sur # 87 B - 02","PVONSITIO":"Bosanova","PVONOMBRE":"Colegio Distrital Bosa Nova","PVONPUESTO":"35","PVOCODIGO":"160010735"}},{"type":"Feature","id":1611,"geometry":{"type":"Point","coordinates":[-74.060582715999999,4.6269939229999864]},"properties":{"OBJECTID":1611,"LOCCODIGO":"02","LOCNOMBRE":"Chapinero","PVODIRECCI":"TRV 1 Este # 40 B - 90","PVONSITIO":"Salón Comunal Paraíso el Tropihueco","PVONOMBRE":"Vía Pública Salón Comunal Paraíso El Tropihueco","PVONPUESTO":"18","PVOCODIGO":"160010218"}},{"type":"Feature","id":1612,"geometry":{"type":"Point","coordinates":[-74.081238999999982,4.6299089999999978]},"properties":{"OBJECTID":1612,"LOCCODIGO":"13","LOCNOMBRE":"Teusaquillo","PVODIRECCI":"CRA 32 A # 27 A - 16/\nCRA 32 A # 27 A -20","PVONSITIO":"Acevedo Tejada","PVONOMBRE":"Salón Comunal Acevedo Tejada","PVONPUESTO":"23","PVOCODIGO":"160011323"}},{"type":"Feature","id":1613,"geometry":{"type":"Point","coordinates":[-74.061211813999989,4.6307131350000077]},"properties":{"OBJECTID":1613,"LOCCODIGO":"02","LOCNOMBRE":"Chapinero","PVODIRECCI":"CRA 2 # 44 A - 20 / \nCRA 2 # 44 - 36","PVONSITIO":"Colegio  San Martín de Porres Sede B","PVONOMBRE":"Colegio Distrital San Martín de Porres Sede B","PVONPUESTO":"19","PVOCODIGO":"160010219"}},{"type":"Feature","id":1614,"geometry":{"type":"Point","coordinates":[-74.146055999999987,4.6351059990000181]},"properties":{"OBJECTID":1614,"LOCCODIGO":"08","LOCNOMBRE":"Kennedy","PVODIRECCI":"TRV 78 C # 6 D - 49","PVONSITIO":"Colegio Fe y Alegría","PVONOMBRE":"Colegio Fe y Alegría","PVONPUESTO":"70","PVOCODIGO":"160010870"}},{"type":"Feature","id":1615,"geometry":{"type":"Point","coordinates":[-74.143840000000012,4.6383089999999925]},"properties":{"OBJECTID":1615,"LOCCODIGO":"08","LOCNOMBRE":"Kennedy","PVODIRECCI":"CLL 7 C # 78 F - 20 /\nCRA 78 F # 7 D - 03","PVONSITIO":"San Jose de Castilla Sede A","PVONOMBRE":"Colegio Distrital San José de Castilla - Sede A","PVONPUESTO":"69","PVOCODIGO":"160010869"}},{"type":"Feature","id":1616,"geometry":{"type":"Point","coordinates":[-74.072752628999979,4.6401293289999899]},"properties":{"OBJECTID":1616,"LOCCODIGO":"13","LOCNOMBRE":"Teusaquillo","PVODIRECCI":"CRA 22 # 51 - 68","PVONSITIO":"Liceo Parroquial Sara Zapata","PVONOMBRE":"Liceo Parroquial Sara Zapata","PVONPUESTO":"22","PVOCODIGO":"160011322"}},{"type":"Feature","id":1617,"geometry":{"type":"Point","coordinates":[-74.167385790000026,4.6400102119999929]},"properties":{"OBJECTID":1617,"LOCCODIGO":"08","LOCNOMBRE":"Kennedy","PVODIRECCI":"CLL 38 B Sur # 89 - 81 /\nCLL 38 Sur # 89 - 81","PVONSITIO":"Colegio Rodrigo Triana","PVONOMBRE":"Colegio Distrital Rodrigo Triana Sede A (Paraiso)","PVONPUESTO":"64","PVOCODIGO":"160010864"}},{"type":"Feature","id":1618,"geometry":{"type":"Point","coordinates":[-74.161696000000006,4.6421730000000139]},"properties":{"OBJECTID":1618,"LOCCODIGO":"08","LOCNOMBRE":"Kennedy","PVODIRECCI":"CLL 5 A Sur # 88 B - 08","PVONSITIO":"Colegio Darío Echandía","PVONOMBRE":"Colegio Distrital Darío Echandía","PVONPUESTO":"65","PVOCODIGO":"160010865"}},{"type":"Feature","id":1619,"geometry":{"type":"Point","coordinates":[-74.158209999999997,4.6499929990000055]},"properties":{"OBJECTID":1619,"LOCCODIGO":"08","LOCNOMBRE":"Kennedy","PVODIRECCI":"CLL 6 D # 90 - 51","PVONSITIO":"San Francisco en el Tintal","PVONOMBRE":"Colegio Gimnasio Moderno San Francisco El Tintal","PVONPUESTO":"66","PVOCODIGO":"160010866"}},{"type":"Feature","id":1620,"geometry":{"type":"Point","coordinates":[-74.159749557999987,4.6527740509999944]},"properties":{"OBJECTID":1620,"LOCCODIGO":"08","LOCNOMBRE":"Kennedy","PVODIRECCI":"CRA 94 # 6 C - 30 /\nCRA 93 # 6 B - 50","PVONSITIO":"Centro Comercial Ciudad Tintal","PVONOMBRE":"Centro Comercial Ciudad Tintal","PVONPUESTO":"67","PVOCODIGO":"160010867"}},{"type":"Feature","id":1621,"geometry":{"type":"Point","coordinates":[-74.145146538999995,4.6533950620000155]},"properties":{"OBJECTID":1621,"LOCCODIGO":"08","LOCNOMBRE":"Kennedy","PVODIRECCI":"AV Ciudad de Cali # 11 B - 95 \u00A0/\nCLL 11 A # 86 - 66 ","PVONSITIO":"Universidad Uniagustiniana","PVONOMBRE":"Universidad Uniagustiniana","PVONPUESTO":"68","PVOCODIGO":"160010868"}},{"type":"Feature","id":1622,"geometry":{"type":"Point","coordinates":[-74.088678798999979,4.6570942669999909]},"properties":{"OBJECTID":1622,"LOCCODIGO":"13","LOCNOMBRE":"Teusaquillo","PVODIRECCI":"AV CRA 60 # 57 - 60","PVONSITIO":"Biblioteca Virgilio Barco","PVONOMBRE":"Biblioteca Virgilio Barco","PVONPUESTO":"24","PVOCODIGO":"160011324"}},{"type":"Feature","id":1623,"geometry":{"type":"Point","coordinates":[-74.130590696000013,4.6563564059999862]},"properties":{"OBJECTID":1623,"LOCCODIGO":"09","LOCNOMBRE":"Fontibon","PVODIRECCI":"CLL 19 # 79 - 37","PVONSITIO":"La Felicidad","PVONOMBRE":"Colegio Distrital La Felicidad","PVONPUESTO":"21","PVOCODIGO":"160010921"}},{"type":"Feature","id":1624,"geometry":{"type":"Point","coordinates":[-74.117061999999976,4.6658199999999965]},"properties":{"OBJECTID":1624,"LOCCODIGO":"09","LOCNOMBRE":"Fontibon","PVODIRECCI":"CRA 74 # 24 B - 80","PVONSITIO":"Navarra Modelia","PVONOMBRE":"Liceo Navarra","PVONPUESTO":"22","PVOCODIGO":"160010922"}},{"type":"Feature","id":1625,"geometry":{"type":"Point","coordinates":[-74.121402955000008,4.6706020930000136]},"properties":{"OBJECTID":1625,"LOCCODIGO":"09","LOCNOMBRE":"Fontibon","PVODIRECCI":"CLL 24 D # 82 - 13 /\nCRA 82 # 24 C - 29 ","PVONSITIO":"Modelia Real","PVONOMBRE":"Colegio Gimnasio Modelia Real","PVONPUESTO":"23","PVOCODIGO":"160010923"}},{"type":"Feature","id":1626,"geometry":{"type":"Point","coordinates":[-74.043341300999998,4.672882847999972]},"properties":{"OBJECTID":1626,"LOCCODIGO":"02","LOCNOMBRE":"Chapinero","PVODIRECCI":"CRA 7 # 93 - 01 / \nAV CRA 7 # 93 - 51","PVONSITIO":"Museo del Chico","PVONOMBRE":"Museo del Chico","PVONPUESTO":"17","PVOCODIGO":"160010217"}},{"type":"Feature","id":1627,"geometry":{"type":"Point","coordinates":[-74.142522999999983,4.6737939999999867]},"properties":{"OBJECTID":1627,"LOCCODIGO":"09","LOCNOMBRE":"Fontibon","PVODIRECCI":"CRA 99 # 19 -72","PVONSITIO":"Santa Teresa Centro","PVONOMBRE":"Colegio Santa Teresa Centro","PVONPUESTO":"20","PVOCODIGO":"160010920"}},{"type":"Feature","id":1628,"geometry":{"type":"Point","coordinates":[-74.063356748999979,4.6754658510000127]},"properties":{"OBJECTID":1628,"LOCCODIGO":"12","LOCNOMBRE":"Barrios Unidos","PVODIRECCI":"CLL 86 A # 24 - 06","PVONSITIO":"Polideportivo Polo","PVONOMBRE":"Polideportivo Polo","PVONPUESTO":"21","PVOCODIGO":"160011221"}},{"type":"Feature","id":1629,"geometry":{"type":"Point","coordinates":[-74.051477666999972,4.6768422920000035]},"properties":{"OBJECTID":1629,"LOCCODIGO":"02","LOCNOMBRE":"Chapinero","PVODIRECCI":"CLL 93 # 14 - 20 Entrada C","PVONSITIO":"Centro Comercial de la 93","PVONOMBRE":"Centro Comercial de la 93","PVONPUESTO":"16","PVOCODIGO":"160010216"}},{"type":"Feature","id":1630,"geometry":{"type":"Point","coordinates":[-74.089026999999987,4.6801909999999793]},"properties":{"OBJECTID":1630,"LOCCODIGO":"10","LOCNOMBRE":"Engativá","PVODIRECCI":"CRA 68 H # 71 A - 01 /\nCRA 69 # 71 - 16 ","PVONSITIO":"San Joaquín","PVONOMBRE":"Colegio Distrital República de Colombia Sede C","PVONPUESTO":"52","PVOCODIGO":"160011052"}},{"type":"Feature","id":1631,"geometry":{"type":"Point","coordinates":[-74.160905000000014,4.6883750000000077]},"properties":{"OBJECTID":1631,"LOCCODIGO":"09","LOCNOMBRE":"Fontibon","PVODIRECCI":"CRA 124 # 17 - 05","PVONSITIO":"Van Uden CLL 13","PVONOMBRE":"Colegio Distrital Antonio Van Uden Sede C","PVONPUESTO":"25","PVOCODIGO":"160010925"}},{"type":"Feature","id":1632,"geometry":{"type":"Point","coordinates":[-74.150029000000018,4.6889160000000061]},"properties":{"OBJECTID":1632,"LOCCODIGO":"09","LOCNOMBRE":"Fontibon","PVODIRECCI":"CLL 22 G # 117 A - 38","PVONSITIO":"La Aldea","PVONOMBRE":"Salón Comunal la Aldea","PVONPUESTO":"24","PVOCODIGO":"160010924"}},{"type":"Feature","id":1633,"geometry":{"type":"Point","coordinates":[-74.095567000000017,4.6913779999999861]},"properties":{"OBJECTID":1633,"LOCCODIGO":"10","LOCNOMBRE":"Engativá","PVODIRECCI":"CLL 74 A # 73 A - 85","PVONSITIO":"Palo Blanco","PVONOMBRE":"Colegio Gimnasio El Lago","PVONPUESTO":"51","PVOCODIGO":"160011051"}},{"type":"Feature","id":1634,"geometry":{"type":"Point","coordinates":[-74.027907115999994,4.6942168009999818]},"properties":{"OBJECTID":1634,"LOCCODIGO":"01","LOCNOMBRE":"Usaquén","PVODIRECCI":"CLL 119 # 4 - 79","PVONSITIO":"Alessandro Volta","PVONOMBRE":"Colegio Alessandro Volta","PVONPUESTO":"22","PVOCODIGO":"160010122"}},{"type":"Feature","id":1635,"geometry":{"type":"Point","coordinates":[-74.057023200999993,4.7048062910000112]},"properties":{"OBJECTID":1635,"LOCCODIGO":"11","LOCNOMBRE":"Suba","PVODIRECCI":"CLL 123 A # 47 - 34 /\nCRA 50 # 123 A - 30","PVONSITIO":"El Batán","PVONOMBRE":"Parque El Batán","PVONPUESTO":"55","PVOCODIGO":"160011155"}},{"type":"Feature","id":1636,"geometry":{"type":"Point","coordinates":[-74.034474239000019,4.7070090779999987]},"properties":{"OBJECTID":1636,"LOCCODIGO":"01","LOCNOMBRE":"Usaquén","PVODIRECCI":"CLL 127 C # 9 A - 03","PVONSITIO":"Colegio Distrital Usaquén Sede A","PVONOMBRE":"Colegio Distrital Usaquén - Sede A","PVONPUESTO":"23","PVOCODIGO":"160010123"}},{"type":"Feature","id":1637,"geometry":{"type":"Point","coordinates":[-74.100002216000007,4.7111386319999724]},"properties":{"OBJECTID":1637,"LOCCODIGO":"10","LOCNOMBRE":"Engativá","PVODIRECCI":"CRA 92 # 87 A - 60","PVONSITIO":"Primavera","PVONOMBRE":"Colegio Distrital Simón Bolívar Sede A","PVONPUESTO":"53","PVOCODIGO":"160011053"}},{"type":"Feature","id":1638,"geometry":{"type":"Point","coordinates":[-74.121139464000009,4.5216815350000275]},"properties":{"OBJECTID":1638,"LOCCODIGO":"05","LOCNOMBRE":"Usme","PVODIRECCI":"TRV 14 T # 70 - 49 Sur","PVONSITIO":"La Aurora","PVONOMBRE":"Colegio Distrital La Aurora","PVONPUESTO":"9","PVOCODIGO":"160010509"}},{"type":"Feature","id":1639,"geometry":{"type":"Point","coordinates":[-74.111404490999973,4.5059727650000241]},"properties":{"OBJECTID":1639,"LOCCODIGO":"05","LOCNOMBRE":"Usme","PVODIRECCI":"CRA 1 G Este # 84 A - 42 Sur / CRA 9 # 84 A - 82 Sur","PVONSITIO":"Chuniza","PVONOMBRE":"Colegio Distrital Chuniza","PVONPUESTO":"10","PVOCODIGO":"160010510"}},{"type":"Feature","id":1640,"geometry":{"type":"Point","coordinates":[-74.111799010000027,4.5025023360000205]},"properties":{"OBJECTID":1640,"LOCCODIGO":"05","LOCNOMBRE":"Usme","PVODIRECCI":"CRA 7 # 92 A - 31 Sur","PVONSITIO":"El Virrey","PVONOMBRE":"Colegio Distrital El Virrey Solís","PVONPUESTO":"14","PVOCODIGO":"160010514"}},{"type":"Feature","id":1641,"geometry":{"type":"Point","coordinates":[-74.091199115999984,4.5037195680000082]},"properties":{"OBJECTID":1641,"LOCCODIGO":"05","LOCNOMBRE":"Usme","PVODIRECCI":"CLL 88 F Sur # 12 F - 20 Este","PVONSITIO":"Juan José Rondón","PVONOMBRE":"Colegio Distrital Gabriel García Marquez","PVONPUESTO":"16","PVOCODIGO":"160010516"}},{"type":"Feature","id":1642,"geometry":{"type":"Point","coordinates":[-74.111727540999993,4.5337708270000121]},"properties":{"OBJECTID":1642,"LOCCODIGO":"05","LOCNOMBRE":"Usme","PVODIRECCI":"CLL 65 Sur # 5 - 65","PVONSITIO":"La Fiscala","PVONOMBRE":"Colegio Distrital Fabio Lozano Simonelli","PVONPUESTO":"21","PVOCODIGO":"160010521"}},{"type":"Feature","id":1643,"geometry":{"type":"Point","coordinates":[-74.092143000000021,4.7254009999999766]},"properties":{"OBJECTID":1643,"LOCCODIGO":"11","LOCNOMBRE":"Suba","PVODIRECCI":"DIAG 129 B Bis # 93 B - 51","PVONSITIO":"Ramon De Zubiria Sede A - IED","PVONOMBRE":"Colegio Distrital Ramón de Subiría - Sede A","PVONPUESTO":"47","PVOCODIGO":"160011147"}},{"type":"Feature","id":1644,"geometry":{"type":"Point","coordinates":[-74.086592999999993,4.7274279989999854]},"properties":{"OBJECTID":1644,"LOCCODIGO":"11","LOCNOMBRE":"Suba","PVODIRECCI":"CLL 130 D # 88 B - 20","PVONSITIO":"Ramon de Zubiria Sede B - IED","PVONOMBRE":"Colegio Distrital Ramón de Subiría - Sede B","PVONPUESTO":"46","PVOCODIGO":"160011146"}},{"type":"Feature","id":1645,"geometry":{"type":"Point","coordinates":[-74.099842555000009,4.72853918200002]},"properties":{"OBJECTID":1645,"LOCCODIGO":"11","LOCNOMBRE":"Suba","PVODIRECCI":"CLL 128 C # 102 A - 25\n / CRA 102 A # 128 A - 40","PVONSITIO":"Nueva Colombia - IED","PVONOMBRE":"Colegio Distrital Nueva Colombia","PVONPUESTO":"50","PVOCODIGO":"160011150"}},{"type":"Feature","id":1646,"geometry":{"type":"Point","coordinates":[-74.09492315,4.7298123150000038]},"properties":{"OBJECTID":1646,"LOCCODIGO":"11","LOCNOMBRE":"Suba","PVODIRECCI":"CLL 130 A # 98 - 71 ","PVONSITIO":"Gonzalo Arango - IED","PVONOMBRE":"Colegio Distrital Gonzalo Arango","PVONPUESTO":"49","PVOCODIGO":"160011149"}},{"type":"Feature","id":1647,"geometry":{"type":"Point","coordinates":[-74.091745487000026,4.7310559109999986]},"properties":{"OBJECTID":1647,"LOCCODIGO":"11","LOCNOMBRE":"Suba","PVODIRECCI":"CLL 131 B # 94 F - 31","PVONSITIO":"Virginia Gutierrez De Pineda - IED","PVONOMBRE":"Colegio Distrital Virginia Gutiérrez de Pineda","PVONPUESTO":"48","PVOCODIGO":"160011148"}},{"type":"Feature","id":1648,"geometry":{"type":"Point","coordinates":[-74.040595999999994,4.7327260000000138]},"properties":{"OBJECTID":1648,"LOCCODIGO":"01","LOCNOMBRE":"Usaquén","PVODIRECCI":"CLL 151 # 15 - 70","PVONSITIO":"Colegio Colsubsidio Norte Usaquén","PVONOMBRE":"Colegio Colsubsidio Norte","PVONPUESTO":"27","PVOCODIGO":"160010127"}},{"type":"Feature","id":1649,"geometry":{"type":"Point","coordinates":[-74.066072589999976,4.7347114799999872]},"properties":{"OBJECTID":1649,"LOCCODIGO":"11","LOCNOMBRE":"Suba","PVODIRECCI":"AV CLL 147 con AV CRA 72 /\nAV CLL 147 # 58 C - 91","PVONSITIO":"Almacén Éxito la Colina","PVONOMBRE":"Almacén Éxito la Colina","PVONPUESTO":"58","PVOCODIGO":"160011158"}},{"type":"Feature","id":1650,"geometry":{"type":"Point","coordinates":[-74.029053753000028,4.7344863150000265]},"properties":{"OBJECTID":1650,"LOCCODIGO":"01","LOCNOMBRE":"Usaquén","PVODIRECCI":"CRA 8A # 158 - 04","PVONSITIO":"Colegio General Santander Usaquén","PVONOMBRE":"Parque Alta Blanca","PVONPUESTO":"28","PVOCODIGO":"160010128"}},{"type":"Feature","id":1651,"geometry":{"type":"Point","coordinates":[-74.086552999999981,4.7353330000000255]},"properties":{"OBJECTID":1651,"LOCCODIGO":"11","LOCNOMBRE":"Suba","PVODIRECCI":"CLL 137 # 91 - 61 /\nCRA 91 # 136 - 53 ","PVONSITIO":"Colegio Eucarístico Mercedario","PVONOMBRE":"Colegio Eucarístico Mercedario","PVONPUESTO":"45","PVOCODIGO":"160011145"}},{"type":"Feature","id":1652,"geometry":{"type":"Point","coordinates":[-74.054560459000015,4.7353841500000158]},"properties":{"OBJECTID":1652,"LOCCODIGO":"11","LOCNOMBRE":"Suba","PVODIRECCI":"CLL 152 # 53 A - 05","PVONSITIO":"Colsubsidio Mazuren","PVONOMBRE":"Colsubsidio Mazuren","PVONPUESTO":"60","PVOCODIGO":"160011160"}},{"type":"Feature","id":1653,"geometry":{"type":"Point","coordinates":[-74.080341999999973,4.7366589999999746]},"properties":{"OBJECTID":1653,"LOCCODIGO":"11","LOCNOMBRE":"Suba","PVODIRECCI":"CRA 84 A # 145 B -07","PVONSITIO":"Salón Comunal San Francisco","PVONOMBRE":"Salón Comunal Barrio San Francisco","PVONPUESTO":"42","PVOCODIGO":"160011142"}},{"type":"Feature","id":1654,"geometry":{"type":"Point","coordinates":[-74.02774595599999,4.7398528179999744]},"properties":{"OBJECTID":1654,"LOCCODIGO":"01","LOCNOMBRE":"Usaquén","PVODIRECCI":"CRA 8 C # 163 B - 20","PVONSITIO":"Colegio Distrital Divino Maestro Sede A","PVONOMBRE":"Colegio Distrital Divino Maestro - Sede A","PVONPUESTO":"25","PVOCODIGO":"160010125"}},{"type":"Feature","id":1655,"geometry":{"type":"Point","coordinates":[-74.025223731999972,4.7402532120000274]},"properties":{"OBJECTID":1655,"LOCCODIGO":"01","LOCNOMBRE":"Usaquén","PVODIRECCI":"CLL 164 # 7 F - 08 / \nCRA 7 F # 164 - 51","PVONSITIO":"Colegio Distrital Divino Maestro Sede B","PVONOMBRE":"Colegio Distrital Divino Maestro - Sede B","PVONPUESTO":"26","PVOCODIGO":"160010126"}},{"type":"Feature","id":1656,"geometry":{"type":"Point","coordinates":[-74.065004508000015,4.7405404410000074]},"properties":{"OBJECTID":1656,"LOCCODIGO":"11","LOCNOMBRE":"Suba","PVODIRECCI":"AV CRA 72 # 152 B - 60","PVONSITIO":"Carulla Rincón de la Colina","PVONOMBRE":"Parqueadero Carulla Rincón de la Colina","PVONPUESTO":"59","PVOCODIGO":"160011159"}},{"type":"Feature","id":1657,"geometry":{"type":"Point","coordinates":[-74.025933000000009,4.7413429999999721]},"properties":{"OBJECTID":1657,"LOCCODIGO":"01","LOCNOMBRE":"Usaquén","PVODIRECCI":"CLL 165 # 8 A - 03","PVONSITIO":"Colegio Distrital Cristóbal Colón","PVONOMBRE":"Colegio Distrital Cristóbal Colón","PVONPUESTO":"24","PVOCODIGO":"160010124"}},{"type":"Feature","id":1658,"geometry":{"type":"Point","coordinates":[-74.084848487999977,4.741306346999977]},"properties":{"OBJECTID":1658,"LOCCODIGO":"11","LOCNOMBRE":"Suba","PVODIRECCI":"CRA 92 # 146C - 38","PVONSITIO":"Simón Bolívar - IED","PVONOMBRE":"Colegio Distrital  Simón Bolívar Suba","PVONPUESTO":"44","PVOCODIGO":"160011144"}},{"type":"Feature","id":1659,"geometry":{"type":"Point","coordinates":[-74.035909000000004,4.7430519999999774]},"properties":{"OBJECTID":1659,"LOCCODIGO":"01","LOCNOMBRE":"Usaquén","PVODIRECCI":"CRA 14 C # 164 - 75","PVONSITIO":"Colegio Toberín \"B\"","PVONOMBRE":"Colegio Distrital Toberín Sede B","PVONPUESTO":"29","PVOCODIGO":"160010129"}},{"type":"Feature","id":1660,"geometry":{"type":"Point","coordinates":[-74.112455275999991,4.7445080400000279]},"properties":{"OBJECTID":1660,"LOCCODIGO":"11","LOCNOMBRE":"Suba","PVODIRECCI":"CRA 131 # 134 - 44 / \nCRA 131 # 133 - 44","PVONSITIO":"Fe Y alegría Jose Maria Velaz - IED","PVONOMBRE":"Colegio Fe y Alegría","PVONPUESTO":"51","PVOCODIGO":"160011151"}},{"type":"Feature","id":1661,"geometry":{"type":"Point","coordinates":[-74.082955000000027,4.7462059999999724]},"properties":{"OBJECTID":1661,"LOCCODIGO":"11","LOCNOMBRE":"Suba","PVODIRECCI":"CRA 90 # 149 - 73","PVONSITIO":"Fundación San Felipe Neri","PVONOMBRE":"Fundación San Felipe Neri","PVONPUESTO":"43","PVOCODIGO":"160011143"}},{"type":"Feature","id":1662,"geometry":{"type":"Point","coordinates":[-74.108241000000021,4.7466099999999756]},"properties":{"OBJECTID":1662,"LOCCODIGO":"11","LOCNOMBRE":"Suba","PVODIRECCI":"TRV 127 C # 139 B - 48","PVONSITIO":"Colegio Pedagógico Dulce Maria","PVONOMBRE":"Colegio Privado Pedagógico Dulce Maria","PVONPUESTO":"52","PVOCODIGO":"160011152"}},{"type":"Feature","id":1663,"geometry":{"type":"Point","coordinates":[-74.022625715000004,4.7483635720000166]},"properties":{"OBJECTID":1663,"LOCCODIGO":"01","LOCNOMBRE":"Usaquén","PVODIRECCI":"CLL 171 B # 6 B - 16 /\nCRA 6 C # 171 - 39","PVONSITIO":"Colegio Friedrich Nauman Sede A","PVONOMBRE":"Colegio Distrital Friedrich Nauman Sede A","PVONPUESTO":"30","PVOCODIGO":"160010130"}},{"type":"Feature","id":1664,"geometry":{"type":"Point","coordinates":[-74.115384000000006,4.7486680000000092]},"properties":{"OBJECTID":1664,"LOCCODIGO":"11","LOCNOMBRE":"Suba","PVODIRECCI":"CRA 143 #142 A - 62","PVONSITIO":"Gerardo Molina Ramirez - IED","PVONOMBRE":"Colegio Distrital Gerardo Molina Ramírez","PVONPUESTO":"54","PVOCODIGO":"160011154"}},{"type":"Feature","id":1665,"geometry":{"type":"Point","coordinates":[-74.063842989000022,4.7492956770000205]},"properties":{"OBJECTID":1665,"LOCCODIGO":"11","LOCNOMBRE":"Suba","PVODIRECCI":"CRA 65 entre la CLL 165 Y 166","PVONSITIO":"Cancha múltiple Villa Delia","PVONOMBRE":"Cancha múltiple Villa Delia","PVONPUESTO":"61","PVOCODIGO":"160011161"}},{"type":"Feature","id":1666,"geometry":{"type":"Point","coordinates":[-74.106013152999992,4.7552867160000005]},"properties":{"OBJECTID":1666,"LOCCODIGO":"11","LOCNOMBRE":"Suba","PVODIRECCI":"CRA 128 # 146 - 52","PVONSITIO":"Compartir Sede A - IED","PVONOMBRE":"Institución Educativa Compartir Suba","PVONPUESTO":"53","PVOCODIGO":"160011153"}},{"type":"Feature","id":1667,"geometry":{"type":"Point","coordinates":[-74.062725,4.7566190000000006]},"properties":{"OBJECTID":1667,"LOCCODIGO":"11","LOCNOMBRE":"Suba","PVODIRECCI":"AV CLL 170 # 67 - 51","PVONSITIO":"Biblioteca Julio Mario Santo Domingo","PVONOMBRE":"Biblioteca Julio Mario Santo Domingo","PVONPUESTO":"62","PVOCODIGO":"160011162"}},{"type":"Feature","id":1668,"geometry":{"type":"Point","coordinates":[-74.040412000000003,4.7576060000000098]},"properties":{"OBJECTID":1668,"LOCCODIGO":"01","LOCNOMBRE":"Usaquén","PVODIRECCI":"CLL 181 # 18 B - 83","PVONSITIO":"Colegio Distrital Saludcoop Norte","PVONOMBRE":"Colegio Distrital Salud Coop Norte","PVONPUESTO":"33","PVOCODIGO":"160010133"}},{"type":"Feature","id":1669,"geometry":{"type":"Point","coordinates":[-74.025429275000022,4.758461226999998]},"properties":{"OBJECTID":1669,"LOCCODIGO":"01","LOCNOMBRE":"Usaquén","PVODIRECCI":"CLL 181 # 6 - 03 /\nCLL 182 # 6 - 30","PVONSITIO":"Colegio Friedrich Nauman Sede B","PVONOMBRE":"Colegio Distrital Friedrich Nauman Sede B","PVONPUESTO":"31","PVOCODIGO":"160010131"}},{"type":"Feature","id":1670,"geometry":{"type":"Point","coordinates":[-74.03284929900002,4.7626724429999854]},"properties":{"OBJECTID":1670,"LOCCODIGO":"01","LOCNOMBRE":"Usaquén","PVODIRECCI":"CRA 11 # 185 B - 17","PVONSITIO":"Verbenal Santa María","PVONOMBRE":"Colegio Santa María","PVONPUESTO":"32","PVOCODIGO":"160010132"}},{"type":"Feature","id":1671,"geometry":{"type":"Point","coordinates":[-74.030272110999988,4.8005230840000195]},"properties":{"OBJECTID":1671,"LOCCODIGO":"01","LOCNOMBRE":"Usaquén","PVODIRECCI":"KM 12 Carretera Central del Norte 0 0-00 2334 *","PVONSITIO":"Colegio Nuevo Horizonte - Sede D Torca","PVONOMBRE":"Colegio Distrital Nuevo Horizonte - Sede D Torca","PVONPUESTO":"34","PVOCODIGO":"160010134"}},{"type":"Feature","id":1672,"geometry":{"type":"Point","coordinates":[-74.148300000000006,4.6883000000000266]},"properties":{"OBJECTID":1672,"LOCCODIGO":"09","LOCNOMBRE":"Fontibon","PVODIRECCI":"AV CRA 116 # 22I - 56","PVONSITIO":"Atahualpa","PVONOMBRE":"Colegio Distrital Atahualpa","PVONPUESTO":"26","PVOCODIGO":"160010926"}},{"type":"Feature","id":1673,"geometry":{"type":"Point","coordinates":[-74.078835004999974,4.6230571070000224]},"properties":{"OBJECTID":1673,"LOCCODIGO":"14","LOCNOMBRE":"Mártires","PVODIRECCI":"CRA 27 # 24 C - 19","PVONSITIO":"Panamericano","PVONOMBRE":"Colegio Distrital Panamericano","PVONPUESTO":"13","PVOCODIGO":"160011413"}},{"type":"Feature","id":1674,"geometry":{"type":"Point","coordinates":[-74.18180000000001,4.5982999999999947]},"properties":{"OBJECTID":1674,"LOCCODIGO":"07","LOCNOMBRE":"Bosa","PVODIRECCI":"CRA 77J # 65A - 38 Sur","PVONSITIO":"La Acuarela","PVONOMBRE":"Colegio Distrital Luis Lopez de Mesa - Sede Nueva","PVONPUESTO":"47","PVOCODIGO":"160010747"}},{"type":"Feature","id":1675,"geometry":{"type":"Point","coordinates":[-74.08929999999998,4.5441000000000145]},"properties":{"OBJECTID":1675,"LOCCODIGO":"04","LOCNOMBRE":"San Cristóbal","PVODIRECCI":"CLL 44 Sur # 9 - 23 Este","PVONSITIO":"La Gloria – Escuela Altamira","PVONOMBRE":"Colegio Distrital Altamira Sur Oriental Sede C - República de Israel","PVONPUESTO":"37","PVOCODIGO":"160010437"}},{"type":"Feature","id":1676,"geometry":{"type":"Point","coordinates":[-74.082899999999995,4.559599999999989]},"properties":{"OBJECTID":1676,"LOCCODIGO":"04","LOCNOMBRE":"San Cristóbal","PVODIRECCI":"CLL 30A Sur # 9A - 78 Este","PVONSITIO":"Ramajal - Amapolas","PVONOMBRE":"Colegio Distrital José Acevedo y Gómez Sede B","PVONPUESTO":"38","PVOCODIGO":"160010438"}},{"type":"Feature","id":1677,"geometry":{"type":"Point","coordinates":[-74.092882798000005,4.5460790989999964]},"properties":{"OBJECTID":1677,"LOCCODIGO":"04","LOCNOMBRE":"San Cristóbal","PVODIRECCI":"CLL 44 SUR # 6 - 74 Este / CLL 44 SUR # 6 - 54 ESTE","PVONSITIO":"El Rodeo Sede B - La Gloria","PVONOMBRE":"Polideportivo Colegio Lorenzo de Alcantuz","PVONPUESTO":"39","PVOCODIGO":"160010439"}},{"type":"Feature","id":1678,"geometry":{"type":"Point","coordinates":[-74.035422541999992,4.7192608639999776]},"properties":{"OBJECTID":1678,"LOCCODIGO":"01","LOCNOMBRE":"Usaquén","PVODIRECCI":"CRA 11\u00A0 # 140 - 20 /\nCLL 140 # 11 - 20","PVONSITIO":"Carulla 140","PVONOMBRE":"Almacén Carulla CLL 140 - Parqueadero","PVONPUESTO":"35","PVOCODIGO":"160010135"}},{"type":"Feature","id":1679,"geometry":{"type":"Point","coordinates":[-74.094899999999996,4.5658000000000243]},"properties":{"OBJECTID":1679,"LOCCODIGO":"04","LOCNOMBRE":"San Cristóbal","PVODIRECCI":"CRA 3B # 30A - 42 Sur","PVONSITIO":"El Portal","PVONOMBRE":"Colegio Distrital Francisco Javier Matiz Sede B","PVONPUESTO":"40","PVOCODIGO":"160010440"}},{"type":"Feature","id":1680,"geometry":{"type":"Point","coordinates":[-74.160000000000025,4.6023999999999887]},"properties":{"OBJECTID":1680,"LOCCODIGO":"07","LOCNOMBRE":"Bosa","PVODIRECCI":"CRA 68D # 54A - 31 Sur","PVONSITIO":"Villa del Río II","PVONOMBRE":"Gimnasio Santa Rocio","PVONPUESTO":"42","PVOCODIGO":"160010742"}},{"type":"Feature","id":1681,"geometry":{"type":"Point","coordinates":[-74.185600000000022,4.6268000000000029]},"properties":{"OBJECTID":1681,"LOCCODIGO":"07","LOCNOMBRE":"Bosa","PVODIRECCI":"CRA 87J # 55 - 06 Sur","PVONSITIO":"Holanda","PVONOMBRE":"Colegio Distrital Brasilia Bosa Sede B","PVONPUESTO":"43","PVOCODIGO":"160010743"}},{"type":"Feature","id":1682,"geometry":{"type":"Point","coordinates":[-74.185099999999977,4.6304999999999836]},"properties":{"OBJECTID":1682,"LOCCODIGO":"07","LOCNOMBRE":"Bosa","PVODIRECCI":"CRA 88I # 54B - 44 Sur","PVONSITIO":"Portal de Brasil","PVONOMBRE":"Colegio Distrital German Arciniegas Sede A","PVONPUESTO":"44","PVOCODIGO":"160010744"}},{"type":"Feature","id":1683,"geometry":{"type":"Point","coordinates":[-74.20659999999998,4.6313999989999957]},"properties":{"OBJECTID":1683,"LOCCODIGO":"07","LOCNOMBRE":"Bosa","PVODIRECCI":"CRA 98B # 74 - 68 Sur","PVONSITIO":"Recreo – Michelsen","PVONOMBRE":"Colegio Distrital Alfonso López Michelsen","PVONPUESTO":"45","PVOCODIGO":"160010745"}},{"type":"Feature","id":1684,"geometry":{"type":"Point","coordinates":[-74.187599999999975,4.5998000000000161]},"properties":{"OBJECTID":1684,"LOCCODIGO":"07","LOCNOMBRE":"Bosa","PVODIRECCI":"CRA 77L # 65J - 73 Sur","PVONSITIO":"CEDID San Pablo","PVONOMBRE":"Colegio Distrital CEDID San Pablo Sede A","PVONPUESTO":"46","PVOCODIGO":"160010746"}},{"type":"Feature","id":1685,"geometry":{"type":"Point","coordinates":[-74.131683477000024,4.6245960759999889]},"properties":{"OBJECTID":1685,"LOCCODIGO":"08","LOCNOMBRE":"Kennedy","PVODIRECCI":"CLL 2B # 70 - 22","PVONSITIO":"Colegio Jean Piaget","PVONOMBRE":"Colegio Privado Jean Piaget","PVONPUESTO":"71","PVOCODIGO":"160010871"}},{"type":"Feature","id":1686,"geometry":{"type":"Point","coordinates":[-74.161099999999976,4.6220000000000141]},"properties":{"OBJECTID":1686,"LOCCODIGO":"08","LOCNOMBRE":"Kennedy","PVODIRECCI":"CRA 79C # 41B - 51 Sur","PVONSITIO":"Colegio San Pedro Claver Sede A","PVONOMBRE":"Colegio Distrital San Pedro Claver Sede A","PVONPUESTO":"72","PVOCODIGO":"160010872"}},{"type":"Feature","id":1687,"geometry":{"type":"Point","coordinates":[-74.157300000000021,4.6571999989999995]},"properties":{"OBJECTID":1687,"LOCCODIGO":"08","LOCNOMBRE":"Kennedy","PVODIRECCI":"CLL 8A Bis # 94 - 72 / CRA 94 # 8C - 49","PVONSITIO":"Colegio La Magdalena","PVONOMBRE":"Colegio Distrital La Magdalena","PVONPUESTO":"73","PVOCODIGO":"160010873"}},{"type":"Feature","id":1688,"geometry":{"type":"Point","coordinates":[-74.132299999999987,4.6628000000000043]},"properties":{"OBJECTID":1688,"LOCCODIGO":"09","LOCNOMBRE":"Fontibon","PVODIRECCI":"AV CRA 86 # 19A - 50","PVONSITIO":"Hayuelos - JUMBO","PVONOMBRE":"Parqueadero Supermercado JUMBO","PVONPUESTO":"27","PVOCODIGO":"160010927"}},{"type":"Feature","id":1689,"geometry":{"type":"Point","coordinates":[-74.134500000000003,4.7081999999999766]},"properties":{"OBJECTID":1689,"LOCCODIGO":"10","LOCNOMBRE":"Engativá","PVODIRECCI":"TRV 113 # 66 - 95","PVONSITIO":"ALMAZAN - Engativá","PVONOMBRE":"Colegio Distrital Tomás Cipriano de Mosquera","PVONPUESTO":"58","PVOCODIGO":"160011058"}},{"type":"Feature","id":1690,"geometry":{"type":"Point","coordinates":[-74.118849968999996,4.7452214150000032]},"properties":{"OBJECTID":1690,"LOCCODIGO":"11","LOCNOMBRE":"Suba","PVODIRECCI":"CLL 134A # 147C - 07","PVONSITIO":"Colegio Rafael Maya","PVONOMBRE":"Colegio Rafael Maya","PVONPUESTO":"63","PVOCODIGO":"160011163"}},{"type":"Feature","id":1691,"geometry":{"type":"Point","coordinates":[-74.128199999999993,4.7397000000000276]},"properties":{"OBJECTID":1691,"LOCCODIGO":"11","LOCNOMBRE":"Suba","PVODIRECCI":"CRA 158B # 131A - 45","PVONSITIO":"Salón Comunal Santa Cecilia","PVONOMBRE":"Salón Comunal Santa Cecilia","PVONPUESTO":"64","PVOCODIGO":"160011164"}},{"type":"Feature","id":1692,"geometry":{"type":"Point","coordinates":[-74.124569022000003,4.7438964469999974]},"properties":{"OBJECTID":1692,"LOCCODIGO":"11","LOCNOMBRE":"Suba","PVODIRECCI":"CLL 136A # 152A -77","PVONSITIO":"Instituto San Basilio","PVONOMBRE":"Instituto San Basilio","PVONPUESTO":"65","PVOCODIGO":"160011165"}},{"type":"Feature","id":1693,"geometry":{"type":"Point","coordinates":[-74.105399999999975,4.6490000000000009]},"properties":{"OBJECTID":1693,"LOCCODIGO":"13","LOCNOMBRE":"Teusaquillo","PVODIRECCI":"CRA 66 # 24 - 09","PVONSITIO":"Imprenta Nacional","PVONOMBRE":"Imprenta Nacional","PVONPUESTO":"25","PVOCODIGO":"160011325"}},{"type":"Feature","id":1694,"geometry":{"type":"Point","coordinates":[-74.093183306000014,4.6054916840000146]},"properties":{"OBJECTID":1694,"LOCCODIGO":"14","LOCNOMBRE":"Mártires","PVODIRECCI":"CRA 26 # 07 - 61","PVONSITIO":"Antonio Ricaurte","PVONOMBRE":"Colegio Distrital Antonio Ricaurte - Sede A","PVONPUESTO":"14","PVOCODIGO":"160011414"}},{"type":"Feature","id":1695,"geometry":{"type":"Point","coordinates":[-74.092787242999975,4.5939829210000198]},"properties":{"OBJECTID":1695,"LOCCODIGO":"14","LOCNOMBRE":"Mártires","PVODIRECCI":"CRA 19 A # 1 C -56 / \nCRA 19 A # 1 C -64 /\nCRA 19 A # 1 C - 19","PVONSITIO":"Colegio Distrital Técnico Menorah","PVONOMBRE":"Colegio Distrital Técnico Menorah","PVONPUESTO":"15","PVOCODIGO":"160011415"}},{"type":"Feature","id":1696,"geometry":{"type":"Point","coordinates":[-74.095672937000018,4.5908763809999868]},"properties":{"OBJECTID":1696,"LOCCODIGO":"15","LOCNOMBRE":"Antonio Nariño","PVODIRECCI":"CRA 18A # 4 - 81 Sur / \nCLL 6 Sur #18A - 04","PVONSITIO":"Salón Comunal San Antonio","PVONOMBRE":"Salón Comunal San Antonio","PVONPUESTO":"15","PVOCODIGO":"160011515"}},{"type":"Feature","id":1697,"geometry":{"type":"Point","coordinates":[-74.114899999999977,4.6182999999999765]},"properties":{"OBJECTID":1697,"LOCCODIGO":"16","LOCNOMBRE":"Puente Aranda","PVODIRECCI":"CLL 4 A # 51 A - 90","PVONSITIO":"Colonia Oriental","PVONOMBRE":"Salón Comunal Colonia Oriental","PVONPUESTO":"28","PVOCODIGO":"160011628"}},{"type":"Feature","id":1698,"geometry":{"type":"Point","coordinates":[-74.118779860000018,4.6230405109999992]},"properties":{"OBJECTID":1698,"LOCCODIGO":"16","LOCNOMBRE":"Puente Aranda","PVODIRECCI":"CRA 58 # 4 B - 31","PVONSITIO":"Salón Comunal La Trinidad","PVONOMBRE":"Salón Comunal La Trinidad","PVONPUESTO":"29","PVOCODIGO":"160011629"}},{"type":"Feature","id":1699,"geometry":{"type":"Point","coordinates":[-74.107700000000023,4.6162999989999776]},"properties":{"OBJECTID":1699,"LOCCODIGO":"16","LOCNOMBRE":"Puente Aranda","PVODIRECCI":"CRA 41B # 5 - 57","PVONSITIO":"Primavera y Gorgonzola","PVONOMBRE":"Salón Comunal Primavera y Gorgonzola","PVONPUESTO":"30","PVOCODIGO":"160011630"}},{"type":"Feature","id":1700,"geometry":{"type":"Point","coordinates":[-74.074999999999989,4.6000999999999976]},"properties":{"OBJECTID":1700,"LOCCODIGO":"17","LOCNOMBRE":"Candelaria","PVODIRECCI":"CRA 8 # 12 A - 14 / \nCRA 7 # 12 A - 37","PVONSITIO":"Murillo Toro","PVONOMBRE":"Ministerio de las Tecnologías de la Información","PVONPUESTO":"5","PVOCODIGO":"160011705"}},{"type":"Feature","id":1701,"geometry":{"type":"Point","coordinates":[-74.125200000000007,4.5871000000000208]},"properties":{"OBJECTID":1701,"LOCCODIGO":"18","LOCNOMBRE":"Rafael Uribe Uribe","PVODIRECCI":"CLL 41 Sur # 31 - 81 / \nCLL 41 Bis Sur # 31 - 46","PVONSITIO":"Rafael Delgado Sede C","PVONOMBRE":"Colegio Distrital Rafael Delgado Salguero - Sede C","PVONPUESTO":"42","PVOCODIGO":"160011842"}},{"type":"Feature","id":1702,"geometry":{"type":"Point","coordinates":[-74.113721391000013,4.5413644600000111]},"properties":{"OBJECTID":1702,"LOCCODIGO":"18","LOCNOMBRE":"Rafael Uribe Uribe","PVODIRECCI":"DIAG 54 Sur # 3F - 17","PVONSITIO":"Salón Comunal La Paz Naranjos","PVONOMBRE":"Salón Comunal La Paz Naranjos","PVONPUESTO":"43","PVOCODIGO":"160011843"}},{"type":"Feature","id":1703,"geometry":{"type":"Point","coordinates":[-74.028166667999983,4.7628659380000045]},"properties":{"OBJECTID":1703,"LOCCODIGO":"01","LOCNOMBRE":"Usaquén","PVODIRECCI":"CLL 186 # 7 - 52","PVONSITIO":"Colegio San Francisco CLL 186","PVONOMBRE":"Colegio San Francisco de Asis","PVONPUESTO":"36","PVOCODIGO":"160010136"}},{"type":"Feature","id":1704,"geometry":{"type":"Point","coordinates":[-74.049048492999987,4.6899738430000184]},"properties":{"OBJECTID":1704,"LOCCODIGO":"01","LOCNOMBRE":"Usaquén","PVODIRECCI":"CLL 104 # 17 - 22\nentrada por la CLL 105 con CRA 17","PVONSITIO":"Colegio Buen Consejo","PVONOMBRE":"Colegio Buen Consejo","PVONPUESTO":"37","PVOCODIGO":"160010137"}},{"type":"Feature","id":1798,"geometry":{"type":"Point","coordinates":[-74.154868910999994,4.6061086029999956]},"properties":{"OBJECTID":1798,"LOCCODIGO":"08","LOCNOMBRE":"Kennedy","PVODIRECCI":"CRA 72 Q Bis #43 - 06 Sur /\nCLL 43 Sur # 72Q - 45","PVONSITIO":"Salón Comunal Santa Catalina","PVONOMBRE":"Salón Comunal Santa Catalina","PVONPUESTO":"92","PVOCODIGO":"160010892"}},{"type":"Feature","id":1799,"geometry":{"type":"Point","coordinates":[-74.13479141900001,4.6267421300000251]},"properties":{"OBJECTID":1799,"LOCCODIGO":"08","LOCNOMBRE":"Kennedy","PVODIRECCI":"CLL 4 # 71 A - 41","PVONSITIO":"Colegio Integración Moderna","PVONOMBRE":"Colegio Privado de Integración Moderna","PVONPUESTO":"93","PVOCODIGO":"160010893"}},{"type":"Feature","id":1800,"geometry":{"type":"Point","coordinates":[-74.146244049000018,4.683119406000003]},"properties":{"OBJECTID":1800,"LOCCODIGO":"09","LOCNOMBRE":"Fontibon","PVODIRECCI":"CLL 22 F # 109 B - 29","PVONSITIO":"Integrado Sede B","PVONOMBRE":"Colegio Distrital Integrado - Sede B","PVONPUESTO":"28","PVOCODIGO":"160010928"}},{"type":"Feature","id":1801,"geometry":{"type":"Point","coordinates":[-74.157440628000018,4.6680037990000187]},"properties":{"OBJECTID":1801,"LOCCODIGO":"09","LOCNOMBRE":"Fontibon","PVODIRECCI":"CRA 104 # 13 D - 35 / \nCRA 106 # 15 A - 32","PVONSITIO":"ACUNAR","PVONOMBRE":"Jardín Infantil ACUNAR Sabana Grande","PVONPUESTO":"29","PVOCODIGO":"160010929"}},{"type":"Feature","id":1802,"geometry":{"type":"Point","coordinates":[-74.151743603999989,4.6663529049999966]},"properties":{"OBJECTID":1802,"LOCCODIGO":"09","LOCNOMBRE":"Fontibon","PVODIRECCI":"DIAG 15 D # 98 - 40","PVONSITIO":"Casa Pensamiento Intercultural","PVONOMBRE":"Casa de Pensamiento Intercultural","PVONPUESTO":"30","PVOCODIGO":"160010930"}},{"type":"Feature","id":1803,"geometry":{"type":"Point","coordinates":[-74.137551249000012,4.6818526939999856]},"properties":{"OBJECTID":1803,"LOCCODIGO":"09","LOCNOMBRE":"Fontibon","PVODIRECCI":"CLL 23 G # 103 - 60 /\nCRA 103 # 23 G - 01","PVONSITIO":"Colegio Luis Ángel Arango","PVONOMBRE":"Colegio Distrital Luis Ángel Arango","PVONPUESTO":"31","PVOCODIGO":"160010931"}},{"type":"Feature","id":1804,"geometry":{"type":"Point","coordinates":[-74.138407588000007,4.6760201989999928]},"properties":{"OBJECTID":1804,"LOCCODIGO":"09","LOCNOMBRE":"Fontibon","PVODIRECCI":"CRA 97 # 22 G - 15","PVONSITIO":"Ferrocaja","PVONOMBRE":"Vía Pública Colegio Distrital Villemar El Carmen Sede C","PVONPUESTO":"32","PVOCODIGO":"160010932"}},{"type":"Feature","id":1805,"geometry":{"type":"Point","coordinates":[-74.161437944999989,4.692487529999994]},"properties":{"OBJECTID":1805,"LOCCODIGO":"09","LOCNOMBRE":"Fontibon","PVODIRECCI":"CLL 17 F # 128 - 45","PVONSITIO":"El Charco","PVONOMBRE":"Colegio Distrital Antonio Van Üden Sede B","PVONPUESTO":"33","PVOCODIGO":"160010933"}},{"type":"Feature","id":1806,"geometry":{"type":"Point","coordinates":[-74.124992416999987,4.6533302419999814]},"properties":{"OBJECTID":1806,"LOCCODIGO":"09","LOCNOMBRE":"Fontibon","PVODIRECCI":"CLL 19 A # 72 - 57","PVONSITIO":"Multiplaza","PVONOMBRE":"Centro Comercial Multiplaza","PVONPUESTO":"34","PVOCODIGO":"160010934"}},{"type":"Feature","id":1807,"geometry":{"type":"Point","coordinates":[-74.10918052300002,4.6527147350000178]},"properties":{"OBJECTID":1807,"LOCCODIGO":"09","LOCNOMBRE":"Fontibon","PVODIRECCI":"CRA 68 B # 24 - 39","PVONSITIO":"Salitre Plaza","PVONOMBRE":"Centro Comercial Salitre Plaza","PVONPUESTO":"35","PVOCODIGO":"160010935"}},{"type":"Feature","id":1808,"geometry":{"type":"Point","coordinates":[-74.14642965500002,4.6724486410000168]},"properties":{"OBJECTID":1808,"LOCCODIGO":"09","LOCNOMBRE":"Fontibon","PVODIRECCI":"CLL 16 J # 99 - 95","PVONSITIO":"Pablo Neruda","PVONOMBRE":"Colegio Distrital Pablo Neruda Sede B","PVONPUESTO":"36","PVOCODIGO":"160010936"}},{"type":"Feature","id":1809,"geometry":{"type":"Point","coordinates":[-74.145144824999988,4.6729967069999816]},"properties":{"OBJECTID":1809,"LOCCODIGO":"09","LOCNOMBRE":"Fontibon","PVODIRECCI":"CLL 17A # 99 - 53","PVONSITIO":"Cacique Hyntiba","PVONOMBRE":"Casa de La Cultura de Fontibón Cacique Hyntiba","PVONPUESTO":"37","PVOCODIGO":"160010937"}},{"type":"Feature","id":1810,"geometry":{"type":"Point","coordinates":[-74.164176062000024,4.6828145840000275]},"properties":{"OBJECTID":1810,"LOCCODIGO":"09","LOCNOMBRE":"Fontibon","PVODIRECCI":"CLL 15 # 119 - 14 /\nCLL 15 # 119 A - 90","PVONSITIO":"Tres Estancias","PVONOMBRE":"Salón Comunal Tres Estancias","PVONPUESTO":"38","PVOCODIGO":"160010938"}},{"type":"Feature","id":1811,"geometry":{"type":"Point","coordinates":[-74.113539472000014,4.7229813239999885]},"properties":{"OBJECTID":1811,"LOCCODIGO":"10","LOCNOMBRE":"Engativá","PVODIRECCI":"CRA 111 C # 86 - 05","PVONSITIO":"Unicentro de Occidente","PVONOMBRE":"Centro Comercial Unicentro de Occidente","PVONPUESTO":"59","PVOCODIGO":"160011059"}},{"type":"Feature","id":1812,"geometry":{"type":"Point","coordinates":[-74.119431417999976,4.6963246180000056]},"properties":{"OBJECTID":1812,"LOCCODIGO":"10","LOCNOMBRE":"Engativá","PVODIRECCI":"CLL 66 A # 97 - 64 /\nCLL 66 A # 97 A - 34 \n","PVONSITIO":"Salón Comunal Álamos","PVONOMBRE":"Salón Comunal Álamos","PVONPUESTO":"60","PVOCODIGO":"160011060"}},{"type":"Feature","id":1813,"geometry":{"type":"Point","coordinates":[-74.108611363000023,4.7043112979999933]},"properties":{"OBJECTID":1813,"LOCCODIGO":"10","LOCNOMBRE":"Engativá","PVODIRECCI":"CRA 93 A # 75 B - 80 /\nCRA 92 # 75C - 31","PVONSITIO":"León Valencia","PVONOMBRE":"Colegio Distrital Guillermo León Valencia","PVONPUESTO":"61","PVOCODIGO":"160011061"}},{"type":"Feature","id":1814,"geometry":{"type":"Point","coordinates":[-74.105754194999975,4.6921672070000113]},"properties":{"OBJECTID":1814,"LOCCODIGO":"10","LOCNOMBRE":"Engativá","PVODIRECCI":"CRA 83 # 70 - 15","PVONSITIO":"La Clarita","PVONOMBRE":"Salón Comunal Barrio La Clarita","PVONPUESTO":"62","PVOCODIGO":"160011062"}},{"type":"Feature","id":1815,"geometry":{"type":"Point","coordinates":[-74.10620783600001,4.6900148120000154]},"properties":{"OBJECTID":1815,"LOCCODIGO":"10","LOCNOMBRE":"Engativá","PVODIRECCI":"CRA 82 # 68 B - 09","PVONSITIO":"Centro Educativo Scalas","PVONOMBRE":"Centro Educativo Scalas","PVONPUESTO":"63","PVOCODIGO":"160011063"}},{"type":"Feature","id":1816,"geometry":{"type":"Point","coordinates":[-74.088585850000015,4.6843662780000273]},"properties":{"OBJECTID":1816,"LOCCODIGO":"10","LOCNOMBRE":"Engativá","PVODIRECCI":"CLL 73 A # 69 J - 10","PVONSITIO":"Naciones Unidas Sede B","PVONOMBRE":"Colegio Distrital Naciones Unidas Sede B","PVONPUESTO":"64","PVOCODIGO":"160011064"}},{"type":"Feature","id":1817,"geometry":{"type":"Point","coordinates":[-74.094363814000019,4.6837435030000165]},"properties":{"OBJECTID":1817,"LOCCODIGO":"10","LOCNOMBRE":"Engativá","PVODIRECCI":"CRA 70 G # 71 - 04","PVONSITIO":"Colegio Norte Adventista","PVONOMBRE":"Colegio Adventista del Norte","PVONPUESTO":"65","PVOCODIGO":"160011065"}},{"type":"Feature","id":1818,"geometry":{"type":"Point","coordinates":[-74.093169659000012,4.6819930649999719]},"properties":{"OBJECTID":1818,"LOCCODIGO":"10","LOCNOMBRE":"Engativá","PVODIRECCI":"DIAG 70 # 70 - 40","PVONSITIO":"Alcalá Sede B","PVONOMBRE":"Colegio Distrital Nestor Forero Alcala Sede B","PVONPUESTO":"66","PVOCODIGO":"160011066"}},{"type":"Feature","id":1819,"geometry":{"type":"Point","coordinates":[-74.115112000000011,4.7001409989999843]},"properties":{"OBJECTID":1819,"LOCCODIGO":"10","LOCNOMBRE":"Engativá","PVODIRECCI":"TRV 99 Bis # 70A - 89 / \nAV CRA 96 # 70A - 89","PVONSITIO":"Diverplaza","PVONOMBRE":"Centro Comercial Diverplaza","PVONPUESTO":"67","PVOCODIGO":"160011067"}},{"type":"Feature","id":1820,"geometry":{"type":"Point","coordinates":[-74.105955885000014,4.6767077989999848]},"properties":{"OBJECTID":1820,"LOCCODIGO":"10","LOCNOMBRE":"Engativá","PVODIRECCI":"AV CLL 63 # 73 A - 44","PVONSITIO":"Margarita Bosco","PVONOMBRE":"Colegio Margarita Bosco","PVONPUESTO":"68","PVOCODIGO":"160011068"}},{"type":"Feature","id":1821,"geometry":{"type":"Point","coordinates":[-74.118103994000023,4.7049842079999848]},"properties":{"OBJECTID":1821,"LOCCODIGO":"10","LOCNOMBRE":"Engativá","PVODIRECCI":"CLL 72 # 102 - 23 / \nAV CLL 72 # 102 - 23","PVONSITIO":"Colegio COPES","PVONOMBRE":"Colegio Pedagógico del Espíritu Santo","PVONPUESTO":"69","PVOCODIGO":"160011069"}},{"type":"Feature","id":1871,"geometry":{"type":"Point","coordinates":[-74.097553525000023,4.5888315909999733]},"properties":{"OBJECTID":1871,"LOCCODIGO":"15","LOCNOMBRE":"Antonio Nariño","PVODIRECCI":"CLL 10 B Sur # 18 A - 15","PVONSITIO":"Colegio Adventista Emmanuel","PVONOMBRE":"Colegio Adventista Emmanuel","PVONPUESTO":"16","PVOCODIGO":"160011516"}},{"type":"Feature","id":1872,"geometry":{"type":"Point","coordinates":[-74.11921227800002,4.592108651999979]},"properties":{"OBJECTID":1872,"LOCCODIGO":"15","LOCNOMBRE":"Antonio Nariño","PVODIRECCI":"CRA 34 C # 34 - 18 Sur/\nCRA 34 C # 32A - 18 Sur","PVONSITIO":"Salón Comunal Villa Mayor","PVONOMBRE":"Salón Comunal Ciudad Villa Mayor","PVONPUESTO":"17","PVOCODIGO":"160011517"}},{"type":"Feature","id":1873,"geometry":{"type":"Point","coordinates":[-74.125913400000002,4.5933813969999733]},"properties":{"OBJECTID":1873,"LOCCODIGO":"15","LOCNOMBRE":"Antonio Nariño","PVODIRECCI":"CLL 39 A Sur # 39 A - 12/\nCRA 34F # 39 - 12 Sur","PVONSITIO":"Cinco de Noviembre","PVONOMBRE":"Salón Comunal Cinco de Noviembre","PVONPUESTO":"18","PVOCODIGO":"160011518"}},{"type":"Feature","id":1874,"geometry":{"type":"Point","coordinates":[-74.099618163000002,4.5807449050000173]},"properties":{"OBJECTID":1874,"LOCCODIGO":"15","LOCNOMBRE":"Antonio Nariño","PVODIRECCI":"CRA 12 F # 19 - 37 Sur","PVONSITIO":"Casa Comunal Ciudad Jardín","PVONOMBRE":"Casa Comunal Ciudad Jardín","PVONPUESTO":"19","PVOCODIGO":"160011519"}},{"type":"Feature","id":1875,"geometry":{"type":"Point","coordinates":[-74.118124783999974,4.6054882399999997]},"properties":{"OBJECTID":1875,"LOCCODIGO":"16","LOCNOMBRE":"Puente Aranda","PVODIRECCI":"CRA 41 # 10 - 06 Sur","PVONSITIO":"Salón Comunal Ciudad Montes II","PVONOMBRE":"Salón Comunal Ciudad Montes II","PVONPUESTO":"31","PVOCODIGO":"160011631"}},{"type":"Feature","id":1876,"geometry":{"type":"Point","coordinates":[-74.11132253400001,4.598127068999986]},"properties":{"OBJECTID":1876,"LOCCODIGO":"16","LOCNOMBRE":"Puente Aranda","PVODIRECCI":"DIAG 16 Sur # 31 - 75","PVONSITIO":"Salón Comunal El Remanso Sur","PVONOMBRE":"Salón Comunal El Remanso Sur","PVONPUESTO":"32","PVOCODIGO":"160011632"}},{"type":"Feature","id":1877,"geometry":{"type":"Point","coordinates":[-74.103209069000002,4.6066678789999855]},"properties":{"OBJECTID":1877,"LOCCODIGO":"16","LOCNOMBRE":"Puente Aranda","PVODIRECCI":"CLL 4 A # 32 A - 77 / \nCLL 4 A # 32 A - 75","PVONSITIO":"Salón Comunal Veraguas","PVONOMBRE":"Salón Comunal Veraguas Central","PVONPUESTO":"33","PVOCODIGO":"160011633"}},{"type":"Feature","id":1878,"geometry":{"type":"Point","coordinates":[-74.100995768000018,4.6079290100000208]},"properties":{"OBJECTID":1878,"LOCCODIGO":"16","LOCNOMBRE":"Puente Aranda","PVODIRECCI":"CLL 5 C # 31 C - 16","PVONSITIO":"Instituto de Integración Cultural","PVONOMBRE":"Instituto de Integración Cultural","PVONPUESTO":"34","PVOCODIGO":"160011634"}},{"type":"Feature","id":1879,"geometry":{"type":"Point","coordinates":[-74.113286846999983,4.6229910519999748]},"properties":{"OBJECTID":1879,"LOCCODIGO":"16","LOCNOMBRE":"Puente Aranda","PVODIRECCI":"CLL 5 B # 53 C - 74","PVONSITIO":"Colegio Distrital Sorrento","PVONOMBRE":"Colegio Distrital Sorrento Sede A","PVONPUESTO":"35","PVOCODIGO":"160011635"}},{"type":"Feature","id":1880,"geometry":{"type":"Point","coordinates":[-74.118096630000025,4.611871055999984]},"properties":{"OBJECTID":1880,"LOCCODIGO":"16","LOCNOMBRE":"Puente Aranda","PVODIRECCI":"CLL 2 A # 47 - 59","PVONSITIO":"Luis Carlos Galán Sarmiento","PVONOMBRE":"Colegio Luis Carlos Galán Sarmiento Sede B","PVONPUESTO":"36","PVOCODIGO":"160011636"}},{"type":"Feature","id":1881,"geometry":{"type":"Point","coordinates":[-74.125383622000015,4.6014075449999723]},"properties":{"OBJECTID":1881,"LOCCODIGO":"16","LOCNOMBRE":"Puente Aranda","PVODIRECCI":"CLL 32 Sur # 51 - 12","PVONSITIO":"Cultura Popular","PVONOMBRE":"Colegio Distrital Cultura Popular Sede A","PVONPUESTO":"37","PVOCODIGO":"160011637"}},{"type":"Feature","id":1882,"geometry":{"type":"Point","coordinates":[-74.123820511000019,4.6034001229999717]},"properties":{"OBJECTID":1882,"LOCCODIGO":"16","LOCNOMBRE":"Puente Aranda","PVODIRECCI":"CRA 51 A # 26 - 38 Sur","PVONSITIO":"San Eusebio","PVONOMBRE":"Colegio Distrital Benjamín Herrera Sede A","PVONPUESTO":"38","PVOCODIGO":"160011638"}},{"type":"Feature","id":1883,"geometry":{"type":"Point","coordinates":[-74.130758395999976,4.5996800249999978]},"properties":{"OBJECTID":1883,"LOCCODIGO":"16","LOCNOMBRE":"Puente Aranda","PVODIRECCI":"CLL 39 Sur # 51 F - 59 / \nCLL 39 Sur # 51 F - 21","PVONSITIO":"Los Ángeles","PVONOMBRE":"Colegio Distrital Julio Garavito Sede B","PVONPUESTO":"39","PVOCODIGO":"160011639"}},{"type":"Feature","id":1884,"geometry":{"type":"Point","coordinates":[-74.118369603000019,4.6292423720000215]},"properties":{"OBJECTID":1884,"LOCCODIGO":"16","LOCNOMBRE":"Puente Aranda","PVODIRECCI":"AV CLL 9 # 62 - 84 entrada 1 y 2","PVONSITIO":"C.C. Outlet Factory","PVONOMBRE":"Centro Comercial Outlet Factory","PVONPUESTO":"40","PVOCODIGO":"160011640"}},{"type":"Feature","id":1885,"geometry":{"type":"Point","coordinates":[-74.167455890999975,4.5812853670000209]},"properties":{"OBJECTID":1885,"LOCCODIGO":"19","LOCNOMBRE":"Ciudad Bolívar","PVODIRECCI":"CRA 73 D # 69 B - 04 Sur","PVONSITIO":"Salón Comunal Sierra Morena I","PVONOMBRE":"Salón Comunal Sierra Morena I","PVONPUESTO":"62","PVOCODIGO":"160011962"}},{"type":"Feature","id":1886,"geometry":{"type":"Point","coordinates":[-74.173729901000002,4.5928127089999862]},"properties":{"OBJECTID":1886,"LOCCODIGO":"19","LOCNOMBRE":"Ciudad Bolívar","PVODIRECCI":"CLL 59 Sur # 74 - 19 / \nCLL 59 Sur # 74C - 06","PVONSITIO":"Polideportivo La Estancia","PVONOMBRE":"Polideportivo La Estancia","PVONPUESTO":"63","PVOCODIGO":"160011963"}},{"type":"Feature","id":1887,"geometry":{"type":"Point","coordinates":[-74.139486295999973,4.5403137239999865]},"properties":{"OBJECTID":1887,"LOCCODIGO":"19","LOCNOMBRE":"Ciudad Bolívar","PVODIRECCI":"CRA 17 F #77 - 75 Sur/\nCRA 17 F #77A - 11 Sur","PVONSITIO":"Calasanz (Buenavista)","PVONOMBRE":"Colegio Distrital Calasanz (Buenavista)","PVONPUESTO":"64","PVOCODIGO":"160011964"}},{"type":"Feature","id":1888,"geometry":{"type":"Point","coordinates":[-74.145158099000014,4.5646408619999761]},"properties":{"OBJECTID":1888,"LOCCODIGO":"19","LOCNOMBRE":"Ciudad Bolívar","PVODIRECCI":"CRA 20 D # 63 - 11 Sur","PVONSITIO":"Salón Comunal San Francisco I Sector","PVONOMBRE":"Salón Comunal San Francisco I Sector","PVONPUESTO":"65","PVOCODIGO":"160011965"}},{"type":"Feature","id":1889,"geometry":{"type":"Point","coordinates":[-74.162401310000007,4.6175715879999757]},"properties":{"OBJECTID":1889,"LOCCODIGO":"08","LOCNOMBRE":"Kennedy","PVODIRECCI":"TRV 78 I # 42 B - 81 Sur / \nCRA 78 L # 42 B - 84 Sur","PVONSITIO":"Colegio San Rafael Sede A","PVONOMBRE":"Colegio Distrital San Rafael Sede A","PVONPUESTO":"97","PVOCODIGO":"160010897"}},{"type":"Feature","id":1890,"geometry":{"type":"Point","coordinates":[-74.129142290999994,4.6172739959999944]},"properties":{"OBJECTID":1890,"LOCCODIGO":"08","LOCNOMBRE":"Kennedy","PVODIRECCI":"CLL 9 A Sur # 68 F - 23","PVONSITIO":"Salón Comunal Villa Claudia","PVONOMBRE":"Salón Comunal Villa Claudia","PVONPUESTO":"98","PVOCODIGO":"160010898"}},{"type":"Feature","id":1891,"geometry":{"type":"Point","coordinates":[-74.171399801999996,4.6314968770000178]},"properties":{"OBJECTID":1891,"LOCCODIGO":"08","LOCNOMBRE":"Kennedy","PVODIRECCI":"CLL 42 G Sur # 87 - 06","PVONSITIO":"Colegio San Pedro Claver Sede B","PVONOMBRE":"Colegio Distrital San Pedro Claver Sede B","PVONPUESTO":"99","PVOCODIGO":"160010899"}},{"type":"Feature","id":1892,"geometry":{"type":"Point","coordinates":[-74.165003501000001,4.5782415880000258]},"properties":{"OBJECTID":1892,"LOCCODIGO":"19","LOCNOMBRE":"Ciudad Bolívar","PVODIRECCI":"CLL 70 Sur # 54 - 12 /\nCLL 70 Sur # 56 - 45","PVONSITIO":"Colegio Ciudad Bolívar Argentina IED","PVONOMBRE":"Colegio Distrital Ciudad Bolívar Argentina","PVONPUESTO":"67","PVOCODIGO":"160011967"}},{"type":"Feature","id":1893,"geometry":{"type":"Point","coordinates":[-74.105918395000003,4.7602521750000051]},"properties":{"OBJECTID":1893,"LOCCODIGO":"11","LOCNOMBRE":"Suba","PVODIRECCI":"CRA 136 C # 152 F - 44","PVONSITIO":"Salón Comunal Compartir 1","PVONOMBRE":"Salón Comunal Suba Compartir 1","PVONPUESTO":"98","PVOCODIGO":"160011198"}},{"type":"Feature","id":1894,"geometry":{"type":"Point","coordinates":[-74.029497761000016,4.7682012070000042]},"properties":{"OBJECTID":1894,"LOCCODIGO":"01","LOCNOMBRE":"Usaquén","PVODIRECCI":"CRA 8 B # 191 - 04","PVONSITIO":"Salón Comunal Tibabita","PVONOMBRE":"Salón Comunal Tibabita","PVONPUESTO":"50","PVOCODIGO":"160010150"}},{"type":"Feature","id":1895,"geometry":{"type":"Point","coordinates":[-74.039349419000018,4.7654086100000086]},"properties":{"OBJECTID":1895,"LOCCODIGO":"01","LOCNOMBRE":"Usaquén","PVODIRECCI":"TRV 18 B # 187 - 43","PVONSITIO":"I E Aquileo Parra Sede Primaria","PVONOMBRE":"Colegio Distrital Aquileo Parra Sede Primaria","PVONPUESTO":"51","PVOCODIGO":"160010151"}},{"type":"Feature","id":1896,"geometry":{"type":"Point","coordinates":[-74.032621638000023,4.7630959989999724]},"properties":{"OBJECTID":1896,"LOCCODIGO":"01","LOCNOMBRE":"Usaquén","PVODIRECCI":"CRA 11 # 185 B - 88","PVONSITIO":"Colegio Mayor José Celestino Mutis","PVONOMBRE":"Colegio Mayor José Celestino Mutis","PVONPUESTO":"52","PVOCODIGO":"160010152"}},{"type":"Feature","id":1897,"geometry":{"type":"Point","coordinates":[-74.029563414999984,4.7445585219999771]},"properties":{"OBJECTID":1897,"LOCCODIGO":"01","LOCNOMBRE":"Usaquén","PVODIRECCI":"CRA 8 G # 166 - 70","PVONSITIO":"Colegio María Auxiliadora Norte","PVONOMBRE":"Colegio María Auxiliadora Norte","PVONPUESTO":"53","PVOCODIGO":"160010153"}},{"type":"Feature","id":1898,"geometry":{"type":"Point","coordinates":[-74.026512063999974,4.7379043029999934]},"properties":{"OBJECTID":1898,"LOCCODIGO":"01","LOCNOMBRE":"Usaquén","PVODIRECCI":"CLL 162 # 7 G - 37","PVONSITIO":"Salón Comunal San Cristóbal Norte","PVONOMBRE":"Salón Comunal San Cristóbal Norte","PVONPUESTO":"54","PVOCODIGO":"160010154"}},{"type":"Feature","id":1899,"geometry":{"type":"Point","coordinates":[-74.020814883000014,4.7346583770000166]},"properties":{"OBJECTID":1899,"LOCCODIGO":"01","LOCNOMBRE":"Usaquén","PVODIRECCI":"CRA 4 # 160B - 23","PVONSITIO":"Salón Comunal Villa Nidia","PVONOMBRE":"Salón Comunal Villa Nidia","PVONPUESTO":"55","PVOCODIGO":"160010155"}},{"type":"Feature","id":1900,"geometry":{"type":"Point","coordinates":[-74.016165068000021,4.7350554220000163]},"properties":{"OBJECTID":1900,"LOCCODIGO":"01","LOCNOMBRE":"Usaquén","PVODIRECCI":"CRA 1 Este # 163 - 60","PVONSITIO":"Colegio Distrital La Equidad SALUDCOOP","PVONOMBRE":"Colegio Distrital La Equidad SALUDCOOP","PVONPUESTO":"56","PVOCODIGO":"160010156"}},{"type":"Feature","id":1901,"geometry":{"type":"Point","coordinates":[-74.039972405000015,4.7328840519999744]},"properties":{"OBJECTID":1901,"LOCCODIGO":"01","LOCNOMBRE":"Usaquén","PVODIRECCI":"AV CRA 15 # 151 - 68","PVONSITIO":"Escuela Colombiana de Rehabilitación","PVONOMBRE":"Escuela Colombiana de Rehabilitación","PVONPUESTO":"57","PVOCODIGO":"160010157"}},{"type":"Feature","id":1902,"geometry":{"type":"Point","coordinates":[-74.062303004,4.6559558160000165]},"properties":{"OBJECTID":1902,"LOCCODIGO":"02","LOCNOMBRE":"Chapinero","PVODIRECCI":"AV Caracas # 69 - 44","PVONSITIO":"Universidad Área Andina","PVONOMBRE":"Universidad Área Andina","PVONPUESTO":"29","PVOCODIGO":"160010229"}},{"type":"Feature","id":1903,"geometry":{"type":"Point","coordinates":[-74.048590747999981,4.6815248959999849]},"properties":{"OBJECTID":1903,"LOCCODIGO":"02","LOCNOMBRE":"Chapinero","PVODIRECCI":"CRA 14 # 96 - 55 /\nCRA 14 # 96 - 31","PVONSITIO":"Parqueadero Chicó CLL 97","PVONOMBRE":"Parqueadero Chicó CLL 97","PVONPUESTO":"30","PVOCODIGO":"160010230"}},{"type":"Feature","id":1904,"geometry":{"type":"Point","coordinates":[-74.064335636999999,4.6268283420000103]},"properties":{"OBJECTID":1904,"LOCCODIGO":"02","LOCNOMBRE":"Chapinero","PVODIRECCI":"CLL 40 B # 5 - 37","PVONSITIO":"Universidad Javeriana","PVONOMBRE":"Universidad Javeriana","PVONPUESTO":"31","PVOCODIGO":"160010231"}},{"type":"Feature","id":1905,"geometry":{"type":"Point","coordinates":[-74.102042842999992,4.5641238889999727]},"properties":{"OBJECTID":1905,"LOCCODIGO":"04","LOCNOMBRE":"San Cristóbal","PVODIRECCI":"CRA 7 A # 35 A - 33 Sur","PVONSITIO":"Salón Comunal San Isidro II Sector","PVONOMBRE":"Salón Comunal San Isidro II Sector","PVONPUESTO":"54","PVOCODIGO":"160010454"}},{"type":"Feature","id":1906,"geometry":{"type":"Point","coordinates":[-74.093427030999976,4.5522570379999934]},"properties":{"OBJECTID":1906,"LOCCODIGO":"04","LOCNOMBRE":"San Cristóbal","PVODIRECCI":"CRA 3 B Este # 38 - 25 Sur","PVONSITIO":"Colegio La Victoria Sede A","PVONOMBRE":"Colegio Distrital La Victoria Sede A","PVONPUESTO":"55","PVOCODIGO":"160010455"}},{"type":"Feature","id":1907,"geometry":{"type":"Point","coordinates":[-74.114646671000003,4.5383862200000067]},"properties":{"OBJECTID":1907,"LOCCODIGO":"05","LOCNOMBRE":"Usme","PVODIRECCI":"CRA 3 B 55 B 30 Sur","PVONSITIO":"Colegio Andrés Escobar","PVONOMBRE":"Colegio Andrés Escobar","PVONPUESTO":"43","PVOCODIGO":"160010543"}},{"type":"Feature","id":1908,"geometry":{"type":"Point","coordinates":[-74.118427956000005,4.5329007230000116]},"properties":{"OBJECTID":1908,"LOCCODIGO":"05","LOCNOMBRE":"Usme","PVODIRECCI":"CRA 1 # 65 D - 58 Sur\nEntrada del Parqueadero / CLL 65C Sur 11 71","PVONSITIO":"Centro Comercial Altavista","PVONOMBRE":"Centro Comercial Altavista","PVONPUESTO":"44","PVOCODIGO":"160010544"}},{"type":"Feature","id":1909,"geometry":{"type":"Point","coordinates":[-74.122779760000014,4.4753164090000155]},"properties":{"OBJECTID":1909,"LOCCODIGO":"05","LOCNOMBRE":"Usme","PVODIRECCI":"CRA 3 # 136 - 98 Sur Entrada Parqueadero /\nCRA 14 135 05 Sur","PVONSITIO":"Colegio José Eustasio Rivera","PVONOMBRE":"Colegio José Eustasio Rivera","PVONPUESTO":"42","PVOCODIGO":"160010542"}},{"type":"Feature","id":1910,"geometry":{"type":"Point","coordinates":[-74.152014446999999,4.5896882079999841]},"properties":{"OBJECTID":1910,"LOCCODIGO":"06","LOCNOMBRE":"Tunjuelito","PVODIRECCI":"CLL 67 B Sur # 62 - 39 / \nCLL 67 B Sur # 62 - 23","PVONSITIO":"Salón Comuna Isla del Sol","PVONOMBRE":"Salón Comuna Isla del Sol","PVONPUESTO":"32","PVOCODIGO":"160010632"}},{"type":"Feature","id":1911,"geometry":{"type":"Point","coordinates":[-74.135406038999974,4.5911662259999844]},"properties":{"OBJECTID":1911,"LOCCODIGO":"06","LOCNOMBRE":"Tunjuelito","PVODIRECCI":"DIAG 48 Sur # 51 D- 57","PVONSITIO":"Jardín Infantil Pablo de Tarso","PVONOMBRE":"Jardín Infantil Pablo de Tarso","PVONPUESTO":"33","PVOCODIGO":"160010633"}},{"type":"Feature","id":1912,"geometry":{"type":"Point","coordinates":[-74.201928072999976,4.626632614000016]},"properties":{"OBJECTID":1912,"LOCCODIGO":"07","LOCNOMBRE":"Bosa","PVODIRECCI":"CLL 73 Sur # 91- 35 / \nCLL 73 Sur # 91- 05","PVONSITIO":"Colegio Jorge Isaacs","PVONOMBRE":"Colegio Distrital Jorge Isaacs","PVONPUESTO":"68","PVOCODIGO":"160010768"}},{"type":"Feature","id":1913,"geometry":{"type":"Point","coordinates":[-74.186438163999981,4.6058115390000012]},"properties":{"OBJECTID":1913,"LOCCODIGO":"07","LOCNOMBRE":"Bosa","PVODIRECCI":"CLL 65 G Sur # 79 B - 20","PVONSITIO":"Gimnasio Garabatos de Colores","PVONOMBRE":"Colegio Privado Garabatos de Colores","PVONPUESTO":"69","PVOCODIGO":"160010769"}},{"type":"Feature","id":1914,"geometry":{"type":"Point","coordinates":[-74.21173341399998,4.6260938180000153]},"properties":{"OBJECTID":1914,"LOCCODIGO":"07","LOCNOMBRE":"Bosa","PVODIRECCI":"CLL 85 Sur # 94 - 55","PVONSITIO":"Parques de Bogotá","PVONOMBRE":"Colegio Distrital Parques De Bogotá","PVONPUESTO":"70","PVOCODIGO":"160010770"}},{"type":"Feature","id":1915,"geometry":{"type":"Point","coordinates":[-74.20381150999998,4.6149844779999967]},"properties":{"OBJECTID":1915,"LOCCODIGO":"07","LOCNOMBRE":"Bosa","PVODIRECCI":"CLL 81 Sur # 81 - 75\n","PVONSITIO":"Bicentenario de La Independencia","PVONOMBRE":"Colegio Distrital Bicentenario de La Independencia","PVONPUESTO":"71","PVOCODIGO":"160010771"}},{"type":"Feature","id":1822,"geometry":{"type":"Point","coordinates":[-74.103399000000024,4.7488230000000158]},"properties":{"OBJECTID":1822,"LOCCODIGO":"11","LOCNOMBRE":"Suba","PVODIRECCI":"CLL 143 A #113 C - 51 /\nCRA 113C # 142B - 21","PVONSITIO":"Filarmónico Jorge Mario Bergoglio - IED","PVONOMBRE":"Colegio Distrital Jorge Mario Bergoglio","PVONPUESTO":"66","PVOCODIGO":"160011166"}},{"type":"Feature","id":1823,"geometry":{"type":"Point","coordinates":[-74.080349078999973,4.7494526680000035]},"properties":{"OBJECTID":1823,"LOCCODIGO":"11","LOCNOMBRE":"Suba","PVODIRECCI":"CRA 90 # 154 A - 09","PVONSITIO":"Veintiún Ángeles Sede A - IED","PVONOMBRE":"Colegio Distrital Veintiún Ángeles","PVONPUESTO":"67","PVOCODIGO":"160011167"}},{"type":"Feature","id":1824,"geometry":{"type":"Point","coordinates":[-74.091256999999985,4.784889000000021]},"properties":{"OBJECTID":1824,"LOCCODIGO":"11","LOCNOMBRE":"Suba","PVODIRECCI":"Kilometro 7 Via Suba - Cota","PVONSITIO":"Chorrillos","PVONOMBRE":"Colegio Distrital Nicolás Buenaventura Sede B","PVONPUESTO":"68","PVOCODIGO":"160011168"}},{"type":"Feature","id":1825,"geometry":{"type":"Point","coordinates":[-74.083343426999988,4.7233608610000033]},"properties":{"OBJECTID":1825,"LOCCODIGO":"11","LOCNOMBRE":"Suba","PVODIRECCI":"CRA 84 A # 129 A - 40","PVONSITIO":"Hunza Sede A - IED","PVONOMBRE":"Colegio Distrital Hunza - Sede A","PVONPUESTO":"69","PVOCODIGO":"160011169"}},{"type":"Feature","id":1826,"geometry":{"type":"Point","coordinates":[-74.090986741999984,4.7515360610000243]},"properties":{"OBJECTID":1826,"LOCCODIGO":"11","LOCNOMBRE":"Suba","PVODIRECCI":"CLL 152 A # 102 - 51 / \nCL 152A # 102B - 51","PVONSITIO":"Colegio Maximino Poitiers","PVONOMBRE":"Colegio Máximino Poitiers","PVONPUESTO":"70","PVOCODIGO":"160011170"}},{"type":"Feature","id":1827,"geometry":{"type":"Point","coordinates":[-74.101961508999977,4.7332173570000009]},"properties":{"OBJECTID":1827,"LOCCODIGO":"11","LOCNOMBRE":"Suba","PVODIRECCI":"CRA 105 B #129 D - 92","PVONSITIO":"Salón Comunal Aures II","PVONOMBRE":"Salón Comunal Aures II","PVONPUESTO":"71","PVOCODIGO":"160011171"}},{"type":"Feature","id":1828,"geometry":{"type":"Point","coordinates":[-74.103681139999992,4.7405870989999812]},"properties":{"OBJECTID":1828,"LOCCODIGO":"11","LOCNOMBRE":"Suba","PVODIRECCI":"CRA 111 # 135 - 25","PVONSITIO":"Salón Comunal Villa Maria","PVONOMBRE":"Salón Comunal Villa Maria","PVONPUESTO":"72","PVOCODIGO":"160011172"}},{"type":"Feature","id":1829,"geometry":{"type":"Point","coordinates":[-74.127736640000023,4.7437529680000239]},"properties":{"OBJECTID":1829,"LOCCODIGO":"11","LOCNOMBRE":"Suba","PVODIRECCI":"CLL 137 B #1 57 - 17","PVONSITIO":"Salón Comunal Villa Cindy","PVONOMBRE":"Salón Comunal Villa Cindy","PVONPUESTO":"73","PVOCODIGO":"160011173"}},{"type":"Feature","id":1830,"geometry":{"type":"Point","coordinates":[-74.074763252000025,4.6913815440000235]},"properties":{"OBJECTID":1830,"LOCCODIGO":"11","LOCNOMBRE":"Suba","PVODIRECCI":"CRA 69 # 98 A - 45","PVONSITIO":"Floresta Outlet","PVONOMBRE":"Centro Comercial Outlet La Floresta","PVONPUESTO":"74","PVOCODIGO":"160011174"}},{"type":"Feature","id":1831,"geometry":{"type":"Point","coordinates":[-74.063978354000028,4.6987804149999874]},"properties":{"OBJECTID":1831,"LOCCODIGO":"11","LOCNOMBRE":"Suba","PVODIRECCI":"TRV 54 # 111 - 85","PVONSITIO":"Colegio John Dewey","PVONOMBRE":"Colegio John Dewey","PVONPUESTO":"75","PVOCODIGO":"160011175"}},{"type":"Feature","id":1832,"geometry":{"type":"Point","coordinates":[-74.053600102000019,4.7333724910000115]},"properties":{"OBJECTID":1832,"LOCCODIGO":"11","LOCNOMBRE":"Suba","PVODIRECCI":"CLL 150 A # 50 - 57","PVONSITIO":"Colegio Caro y Cuervo","PVONOMBRE":"Colegio Externado Caro y Cuervo","PVONPUESTO":"76","PVOCODIGO":"160011176"}},{"type":"Feature","id":1833,"geometry":{"type":"Point","coordinates":[-74.064817017999985,4.7277195130000109]},"properties":{"OBJECTID":1833,"LOCCODIGO":"11","LOCNOMBRE":"Suba","PVODIRECCI":"CRA 58 # 137 B - 01","PVONSITIO":"CC Portoalegre","PVONOMBRE":"Centro Comercial Portoalegre","PVONPUESTO":"77","PVOCODIGO":"160011177"}},{"type":"Feature","id":1834,"geometry":{"type":"Point","coordinates":[-74.065490871000009,4.7325162490000139]},"properties":{"OBJECTID":1834,"LOCCODIGO":"11","LOCNOMBRE":"Suba","PVODIRECCI":"CRA 58 D # 146 - 51","PVONSITIO":"CC Parque La Colina","PVONOMBRE":"Centro Comercial Parque La Colina","PVONPUESTO":"78","PVOCODIGO":"160011178"}},{"type":"Feature","id":1835,"geometry":{"type":"Point","coordinates":[-74.063909738999996,4.7404023560000041]},"properties":{"OBJECTID":1835,"LOCCODIGO":"11","LOCNOMBRE":"Suba","PVODIRECCI":"CRA 59 Entre CLL 152B y 153 / \nCRA 59 # 152B - 50","PVONSITIO":"Cancha Múltiple Sirena II","PVONOMBRE":"Cancha Múltiple Sirena II","PVONPUESTO":"79","PVOCODIGO":"160011179"}},{"type":"Feature","id":1836,"geometry":{"type":"Point","coordinates":[-74.06644191800001,4.7557022660000143]},"properties":{"OBJECTID":1836,"LOCCODIGO":"11","LOCNOMBRE":"Suba","PVODIRECCI":"CLL 169 B # 74 A - 02","PVONSITIO":"Colegio Marymount","PVONOMBRE":"Fundación Colegio Marymount","PVONPUESTO":"80","PVOCODIGO":"160011180"}},{"type":"Feature","id":1837,"geometry":{"type":"Point","coordinates":[-74.061041633999992,4.7566191860000231]},"properties":{"OBJECTID":1837,"LOCCODIGO":"11","LOCNOMBRE":"Suba","PVODIRECCI":"CLL 170 # 65 - 31 /\nAC 170 # 65 - 31","PVONSITIO":"San José Bavaria- Abraham Lincoln","PVONOMBRE":"Colegio Abraham Lincoln Sede Bachillerato","PVONPUESTO":"81","PVOCODIGO":"160011181"}},{"type":"Feature","id":1838,"geometry":{"type":"Point","coordinates":[-74.06019420299998,4.7571632820000218]},"properties":{"OBJECTID":1838,"LOCCODIGO":"11","LOCNOMBRE":"Suba","PVODIRECCI":"CRA 65 # 170 - 20","PVONSITIO":"Colegio del Bosque","PVONOMBRE":"Colegio del Bosque - Universidad Antonio Nariño - Sede Bachillerato","PVONPUESTO":"82","PVOCODIGO":"160011182"}},{"type":"Feature","id":1839,"geometry":{"type":"Point","coordinates":[-74.059833029000004,4.7532845769999881]},"properties":{"OBJECTID":1839,"LOCCODIGO":"11","LOCNOMBRE":"Suba","PVODIRECCI":"CRA 62 # 169 A - 14","PVONSITIO":"Colegio Santiago Alberioni","PVONOMBRE":"Colegio Santiago Alberioni","PVONPUESTO":"83","PVOCODIGO":"160011183"}},{"type":"Feature","id":1840,"geometry":{"type":"Point","coordinates":[-74.092198831000019,4.5304447610000125]},"properties":{"OBJECTID":1840,"LOCCODIGO":"04","LOCNOMBRE":"San Cristóbal","PVODIRECCI":"CLL 64 Sur # 10 A 39 Este","PVONSITIO":"La Belleza","PVONOMBRE":"Colegio Distrital Los Libertadores - Sede A","PVONPUESTO":"44","PVOCODIGO":"160010444"}},{"type":"Feature","id":1841,"geometry":{"type":"Point","coordinates":[-74.06739883900002,4.5621572270000001]},"properties":{"OBJECTID":1841,"LOCCODIGO":"04","LOCNOMBRE":"San Cristóbal","PVODIRECCI":"CLL 14 Sur # 25 - 05 Este","PVONSITIO":"Aguas Claras","PVONOMBRE":"Colegio Distrital Aguas Claras","PVONPUESTO":"45","PVOCODIGO":"160010445"}},{"type":"Feature","id":1842,"geometry":{"type":"Point","coordinates":[-74.125335291999988,4.469545079999989]},"properties":{"OBJECTID":1842,"LOCCODIGO":"05","LOCNOMBRE":"Usme","PVODIRECCI":"CRA 13 # 137 D - 40 Sur","PVONSITIO":"Usme - Centro","PVONOMBRE":"Colegio Distrital Francisco Antonio Zea - Sede B","PVONPUESTO":"34","PVOCODIGO":"160010534"}},{"type":"Feature","id":1843,"geometry":{"type":"Point","coordinates":[-74.119873998999992,4.4949488519999932]},"properties":{"OBJECTID":1843,"LOCCODIGO":"05","LOCNOMBRE":"Usme","PVODIRECCI":"CLL 104 Sur # 14 - 90","PVONSITIO":"Brazuelos","PVONOMBRE":"Colegio Distrital Brazuelos","PVONPUESTO":"35","PVOCODIGO":"160010535"}},{"type":"Feature","id":1844,"geometry":{"type":"Point","coordinates":[-74.109172089000026,4.5011028010000018]},"properties":{"OBJECTID":1844,"LOCCODIGO":"05","LOCNOMBRE":"Usme","PVODIRECCI":"CLL 91 Sur # 4C - 26","PVONSITIO":"CDC Julio César Sánchez","PVONOMBRE":"Centro de Desarrollo Comunitario Julio César Sánchez","PVONPUESTO":"36","PVOCODIGO":"160010536"}},{"type":"Feature","id":1845,"geometry":{"type":"Point","coordinates":[-74.107218030000013,4.507312378999984]},"properties":{"OBJECTID":1845,"LOCCODIGO":"05","LOCNOMBRE":"Usme","PVODIRECCI":"CRA 5 # 83 - 03 Sur","PVONSITIO":"Vía al llano","PVONOMBRE":"Colegio Distrital Federico García Lorca Sede A","PVONPUESTO":"37","PVOCODIGO":"160010537"}},{"type":"Feature","id":1846,"geometry":{"type":"Point","coordinates":[-74.120113253,4.5247967450000033]},"properties":{"OBJECTID":1846,"LOCCODIGO":"05","LOCNOMBRE":"Usme","PVODIRECCI":"CLL 69 A Bis Sur # 14 C - 18","PVONSITIO":"Nusadal","PVONOMBRE":"Colegio Distrital Nuevo San Andrés de Los Altos","PVONPUESTO":"38","PVOCODIGO":"160010538"}},{"type":"Feature","id":1847,"geometry":{"type":"Point","coordinates":[-74.152473724000004,4.589430047999997]},"properties":{"OBJECTID":1847,"LOCCODIGO":"06","LOCNOMBRE":"Tunjuelito","PVODIRECCI":"CLL 67 B Sur # 63 - 15","PVONSITIO":"Jardín Infantil Isla del Sol","PVONOMBRE":"Jardín Infantil Isla del Sol","PVONPUESTO":"18","PVOCODIGO":"160010618"}},{"type":"Feature","id":1848,"geometry":{"type":"Point","coordinates":[-74.143083463999972,4.5899904159999778]},"properties":{"OBJECTID":1848,"LOCCODIGO":"06","LOCNOMBRE":"Tunjuelito","PVODIRECCI":"DIAG 51 A Sur # 54 A - 32","PVONSITIO":"Liceo Santa Bernardita","PVONOMBRE":"Liceo Santa Bernardita","PVONPUESTO":"19","PVOCODIGO":"160010619"}},{"type":"Feature","id":1849,"geometry":{"type":"Point","coordinates":[-74.140626789999999,4.5928789139999822]},"properties":{"OBJECTID":1849,"LOCCODIGO":"06","LOCNOMBRE":"Tunjuelito","PVODIRECCI":"DIAG 47 A Sur # 53 A - 95","PVONSITIO":"Colegio Cooperativo Venecia","PVONOMBRE":"Colegio Cooperativo Venecia","PVONPUESTO":"20","PVOCODIGO":"160010620"}},{"type":"Feature","id":1850,"geometry":{"type":"Point","coordinates":[-74.147941779999996,4.5873983029999863]},"properties":{"OBJECTID":1850,"LOCCODIGO":"06","LOCNOMBRE":"Tunjuelito","PVODIRECCI":"CRA 59 # 51 B - 46 Sur / \nCRA 61B # 51B - 46 Sur","PVONSITIO":"Cooperativo Nuevo MUZU","PVONOMBRE":"Colegio Cooperativo Nuevo MUZU","PVONPUESTO":"21","PVOCODIGO":"160010621"}},{"type":"Feature","id":1851,"geometry":{"type":"Point","coordinates":[-74.143399622999993,4.5779502949999937]},"properties":{"OBJECTID":1851,"LOCCODIGO":"06","LOCNOMBRE":"Tunjuelito","PVODIRECCI":"DIAG 58 Sur # 29 - 26","PVONSITIO":"Liceo Campestre CAFAM","PVONOMBRE":"Liceo Campestre CAFAM","PVONPUESTO":"22","PVOCODIGO":"160010622"}},{"type":"Feature","id":1852,"geometry":{"type":"Point","coordinates":[-74.128959361,4.5592680199999904]},"properties":{"OBJECTID":1852,"LOCCODIGO":"06","LOCNOMBRE":"Tunjuelito","PVODIRECCI":"CRA 12 B # 57 - 52 Sur","PVONSITIO":"Nuestra Señora de Las Victorias","PVONOMBRE":"Colegio Nuestra Señora de Las Victorias","PVONPUESTO":"23","PVOCODIGO":"160010623"}},{"type":"Feature","id":1853,"geometry":{"type":"Point","coordinates":[-74.124191513000028,4.5586165060000212]},"properties":{"OBJECTID":1853,"LOCCODIGO":"06","LOCNOMBRE":"Tunjuelito","PVODIRECCI":"CRA 11 # 52 - 41 Sur","PVONSITIO":"Santa Cecilia de Tunjuelito","PVONOMBRE":"Colegio Santa Cecilia De Tunjuelito","PVONPUESTO":"24","PVOCODIGO":"160010624"}},{"type":"Feature","id":1854,"geometry":{"type":"Point","coordinates":[-74.12162619999998,4.5560953949999998]},"properties":{"OBJECTID":1854,"LOCCODIGO":"06","LOCNOMBRE":"Tunjuelito","PVODIRECCI":"CLL 51 Sur # 7 - 35","PVONSITIO":"Casa de Justicia de Tunjuelito","PVONOMBRE":"Casa de Justicia de Tunjuelito","PVONPUESTO":"25","PVOCODIGO":"160010625"}},{"type":"Feature","id":1855,"geometry":{"type":"Point","coordinates":[-74.129992426999991,4.5658890189999966]},"properties":{"OBJECTID":1855,"LOCCODIGO":"06","LOCNOMBRE":"Tunjuelito","PVODIRECCI":"CRA 18 # 54 - 14 Sur / \nCRA 18 # 54 - 10 Sur","PVONSITIO":"Porfirio Barba Jacob","PVONOMBRE":"Externado Porfirio Barba Jacob","PVONPUESTO":"26","PVOCODIGO":"160010626"}},{"type":"Feature","id":1856,"geometry":{"type":"Point","coordinates":[-74.180206788000021,4.6035791119999772]},"properties":{"OBJECTID":1856,"LOCCODIGO":"07","LOCNOMBRE":"Bosa","PVODIRECCI":"CRA 78 D # 59 A - 18 Sur","PVONSITIO":"Miguel Ángel Asturias","PVONOMBRE":"Colegio Miguel Ángel Asturias","PVONPUESTO":"48","PVOCODIGO":"160010748"}},{"type":"Feature","id":1857,"geometry":{"type":"Point","coordinates":[-74.191328017999979,4.612073759999987]},"properties":{"OBJECTID":1857,"LOCCODIGO":"07","LOCNOMBRE":"Bosa","PVODIRECCI":"CLL 68 Sur # 81 G - 09","PVONSITIO":"Coliseo la Palestina","PVONOMBRE":"Coliseo la Palestina","PVONPUESTO":"49","PVOCODIGO":"160010749"}},{"type":"Feature","id":1858,"geometry":{"type":"Point","coordinates":[-74.187668278999979,4.606167819999996]},"properties":{"OBJECTID":1858,"LOCCODIGO":"07","LOCNOMBRE":"Bosa","PVODIRECCI":"TRV 80 B # 65 I - 25 Sur","PVONSITIO":"Alfredo Nóbel","PVONOMBRE":"Colegio Privado Liceo Alfredo Nóbel","PVONPUESTO":"50","PVOCODIGO":"160010750"}},{"type":"Feature","id":1859,"geometry":{"type":"Point","coordinates":[-74.206021050999993,4.613195066000003]},"properties":{"OBJECTID":1859,"LOCCODIGO":"07","LOCNOMBRE":"Bosa","PVODIRECCI":"CRA 81 A # 82 A - 18 Sur","PVONSITIO":"Manuel Elkin Patarroyo","PVONOMBRE":"Liceo Manuel Elkin Patarroyo","PVONPUESTO":"51","PVOCODIGO":"160010751"}},{"type":"Feature","id":1860,"geometry":{"type":"Point","coordinates":[-74.163980144999982,4.5965691320000133]},"properties":{"OBJECTID":1860,"LOCCODIGO":"07","LOCNOMBRE":"Bosa","PVODIRECCI":"CRA 72 # 57 H - 94 Sur /\nCRA 72 # 57 H - 92 Sur","PVONSITIO":"Parque Autopista Sur PAVCO","PVONOMBRE":"Parque IDRD","PVONPUESTO":"52","PVOCODIGO":"160010752"}},{"type":"Feature","id":1861,"geometry":{"type":"Point","coordinates":[-74.163234794000005,4.6031488890000105]},"properties":{"OBJECTID":1861,"LOCCODIGO":"07","LOCNOMBRE":"Bosa","PVODIRECCI":"CRA 71 D # 54 - 15 Sur","PVONSITIO":"Jardín Infantil Olarte","PVONOMBRE":"Jardín Infantil Olarte – SDIS","PVONPUESTO":"53","PVOCODIGO":"160010753"}},{"type":"Feature","id":1862,"geometry":{"type":"Point","coordinates":[-74.182286250999994,4.6310038039999881]},"properties":{"OBJECTID":1862,"LOCCODIGO":"07","LOCNOMBRE":"Bosa","PVODIRECCI":"CRA 88 F Bis # 51 C - 01 Sur / \nCRA 88 I # 51C - 10 Sur","PVONSITIO":"Gimnasio Los Sauces","PVONOMBRE":"Gimnasio Los Sauces","PVONPUESTO":"54","PVOCODIGO":"160010754"}},{"type":"Feature","id":1863,"geometry":{"type":"Point","coordinates":[-74.073033925000004,4.7112580190000131]},"properties":{"OBJECTID":1863,"LOCCODIGO":"11","LOCNOMBRE":"Suba","PVODIRECCI":"AV CLL 127 # 60 - 30","PVONSITIO":"Niza Centro Comercial Niza","PVONOMBRE":"Parqueadero Centro Comercial Niza","PVONPUESTO":"56","PVOCODIGO":"160011156"}},{"type":"Feature","id":1864,"geometry":{"type":"Point","coordinates":[-74.120159000000001,4.713626999999974]},"properties":{"OBJECTID":1864,"LOCCODIGO":"10","LOCNOMBRE":"Engativá","PVODIRECCI":"CRA 109 A # 77 A - 16 /\nCRA 108 # 77 - 21 ","PVONSITIO":"El Cedro","PVONOMBRE":"Colegio Distrital Charry","PVONPUESTO":"56","PVOCODIGO":"160011056"}},{"type":"Feature","id":1865,"geometry":{"type":"Point","coordinates":[-74.108315000000005,4.719820000000027]},"properties":{"OBJECTID":1865,"LOCCODIGO":"10","LOCNOMBRE":"Engativá","PVODIRECCI":"CRA 103 D # 86 A - 72","PVONSITIO":"Bolivia","PVONOMBRE":"Colegio Distrital Rodolfo Llinas","PVONPUESTO":"54","PVOCODIGO":"160011054"}},{"type":"Feature","id":1866,"geometry":{"type":"Point","coordinates":[-74.122721309999974,4.7209943600000202]},"properties":{"OBJECTID":1866,"LOCCODIGO":"10","LOCNOMBRE":"Engativá","PVODIRECCI":"CRA 114 A # 78 B -85 /\nAV CRA 114 # 78 B - 80","PVONSITIO":"Gran Granada","PVONOMBRE":"Costado Almacén Éxito de Occidente","PVONPUESTO":"55","PVOCODIGO":"160011055"}},{"type":"Feature","id":1867,"geometry":{"type":"Point","coordinates":[-74.143409534,4.721749836000015]},"properties":{"OBJECTID":1867,"LOCCODIGO":"10","LOCNOMBRE":"Engativá","PVODIRECCI":"CLL 64 # 128 - 50","PVONSITIO":"Torquigua","PVONOMBRE":"Colegio Colsubsidio Torquigua","PVONPUESTO":"57","PVOCODIGO":"160011057"}},{"type":"Feature","id":1868,"geometry":{"type":"Point","coordinates":[-74.062274840999976,4.7230209919999879]},"properties":{"OBJECTID":1868,"LOCCODIGO":"11","LOCNOMBRE":"Suba","PVODIRECCI":"AV CLL 134 # 55 - 30/\nAV CLL 134 # 55 - 32","PVONSITIO":"Centro Comercial Paseo San Rafael","PVONOMBRE":"Parqueadero Centro Comercial Paseo San Rafael","PVONPUESTO":"57","PVOCODIGO":"160011157"}},{"type":"Feature","id":1869,"geometry":{"type":"Point","coordinates":[-74.077252516999977,4.6186833730000103]},"properties":{"OBJECTID":1869,"LOCCODIGO":"14","LOCNOMBRE":"Mártires","PVODIRECCI":"CRA 19 B # 24 - 32","PVONSITIO":"Centro Memoria","PVONOMBRE":"Centro Memoria","PVONPUESTO":"16","PVOCODIGO":"160011416"}},{"type":"Feature","id":1870,"geometry":{"type":"Point","coordinates":[-74.102903287000004,4.5997472779999953]},"properties":{"OBJECTID":1870,"LOCCODIGO":"14","LOCNOMBRE":"Mártires","PVODIRECCI":"CLL 1 D Bis # 29 - 92","PVONSITIO":"Salón Comunal Santa Isabel","PVONOMBRE":"Salón Comunal Santa Isabel","PVONPUESTO":"17","PVOCODIGO":"160011417"}},{"type":"Feature","id":1750,"geometry":{"type":"Point","coordinates":[-74.169576844999995,4.5747858340000107]},"properties":{"OBJECTID":1750,"LOCCODIGO":"19","LOCNOMBRE":"Ciudad Bolívar","PVODIRECCI":"CLL 77 Sur # 65 - 01 / \nCLL 75 C Sur # 71 - 03","PVONSITIO":"Tanque - Sierra Morena","PVONOMBRE":"Colegio Distrital Sierra Morena Sede A","PVONPUESTO":"55","PVOCODIGO":"160011955"}},{"type":"Feature","id":1751,"geometry":{"type":"Point","coordinates":[-74.171090821999996,4.5682414780000045]},"properties":{"OBJECTID":1751,"LOCCODIGO":"19","LOCNOMBRE":"Ciudad Bolívar","PVODIRECCI":"CLL 81 Sur # 42 - 09","PVONSITIO":"ICES Las Brisas","PVONOMBRE":"Colegio Cerro del Sur","PVONPUESTO":"56","PVOCODIGO":"160011956"}},{"type":"Feature","id":1752,"geometry":{"type":"Point","coordinates":[-74.181927067000004,4.5917308730000173]},"properties":{"OBJECTID":1752,"LOCCODIGO":"19","LOCNOMBRE":"Ciudad Bolívar","PVODIRECCI":"CRA 77 C # 59 A - 15 Sur","PVONSITIO":"Altos de La Estancia","PVONOMBRE":"Colegio Compartir San Isidro","PVONPUESTO":"57","PVOCODIGO":"160011957"}},{"type":"Feature","id":1753,"geometry":{"type":"Point","coordinates":[-74.150839124000015,4.5600979120000034]},"properties":{"OBJECTID":1753,"LOCCODIGO":"19","LOCNOMBRE":"Ciudad Bolívar","PVODIRECCI":"CRA 19 F # 68 F 34 Sur","PVONSITIO":"Salón Comunal Los Sauces","PVONOMBRE":"Salón Comunal Los Sauces","PVONPUESTO":"58","PVOCODIGO":"160011958"}},{"type":"Feature","id":1754,"geometry":{"type":"Point","coordinates":[-74.156757207999988,4.5812175529999877]},"properties":{"OBJECTID":1754,"LOCCODIGO":"19","LOCNOMBRE":"Ciudad Bolívar","PVODIRECCI":"CRA 51 # 59 C - 93 Sur\n/ CLL 59 Sur # 51 - 21","PVONSITIO":"Gran Plaza El Ensueño","PVONOMBRE":"Centro Comercial Gran Plaza El Ensueño","PVONPUESTO":"59","PVOCODIGO":"160011959"}},{"type":"Feature","id":1755,"geometry":{"type":"Point","coordinates":[-74.144705002000023,4.5691390260000162]},"properties":{"OBJECTID":1755,"LOCCODIGO":"19","LOCNOMBRE":"Ciudad Bolívar","PVODIRECCI":"CLL 60 Sur # 22 B - 55","PVONSITIO":"Casa Linda Tunal Unidad 2","PVONOMBRE":"Conjunto Residencial Casa Linda Del Tunal Unidad 2","PVONPUESTO":"60","PVOCODIGO":"160011960"}},{"type":"Feature","id":1756,"geometry":{"type":"Point","coordinates":[-74.028985385999988,4.7479617359999793]},"properties":{"OBJECTID":1756,"LOCCODIGO":"01","LOCNOMBRE":"Usaquén","PVODIRECCI":"CLL 170 # 8 - 80 /\nCLL 170 # 8 - 70","PVONSITIO":"Anglo Americano","PVONOMBRE":"Colegio Anglo Americano","PVONPUESTO":"45","PVOCODIGO":"160010145"}},{"type":"Feature","id":1757,"geometry":{"type":"Point","coordinates":[-74.026030386000002,4.7225437359999773]},"properties":{"OBJECTID":1757,"LOCCODIGO":"01","LOCNOMBRE":"Usaquén","PVODIRECCI":"CRA 7\u00A0 # 147 - 02","PVONSITIO":"Colegio Pureza de María","PVONOMBRE":"Colegio Privado Pureza de María","PVONPUESTO":"46","PVOCODIGO":"160010146"}},{"type":"Feature","id":1758,"geometry":{"type":"Point","coordinates":[-74.057793382999989,4.6488568359999931]},"properties":{"OBJECTID":1758,"LOCCODIGO":"02","LOCNOMBRE":"Chapinero","PVODIRECCI":"CRA 5 # 65 - 55","PVONSITIO":"Bethlemitas - CLL 65","PVONOMBRE":"Colegio Bethlemitas","PVONPUESTO":"20","PVOCODIGO":"160010220"}},{"type":"Feature","id":1759,"geometry":{"type":"Point","coordinates":[-74.064253699999995,4.6379943719999801]},"properties":{"OBJECTID":1759,"LOCCODIGO":"02","LOCNOMBRE":"Chapinero","PVODIRECCI":"CRA 9 # 51 - 11","PVONSITIO":"U. Santo Tomás - Claustro","PVONOMBRE":"Universidad Santo Tomás","PVONPUESTO":"21","PVOCODIGO":"160010221"}},{"type":"Feature","id":1760,"geometry":{"type":"Point","coordinates":[-74.061413899000001,4.6491808690000198]},"properties":{"OBJECTID":1760,"LOCCODIGO":"02","LOCNOMBRE":"Chapinero","PVODIRECCI":"CRA 9 A # 63 - 28","PVONSITIO":"El Aquinate - U. Santo Tomás","PVONOMBRE":"Universidad Santo Tomás","PVONPUESTO":"22","PVOCODIGO":"160010222"}},{"type":"Feature","id":1761,"geometry":{"type":"Point","coordinates":[-74.054614936999997,4.6648842490000106]},"properties":{"OBJECTID":1761,"LOCCODIGO":"02","LOCNOMBRE":"Chapinero","PVODIRECCI":"CLL 81\u00A0 # 11 - 71 / CLL 80 # 11 - 70","PVONSITIO":"Colegio Nuevo Gimnasio","PVONOMBRE":"Colegio Nuevo Gimnasio","PVONPUESTO":"23","PVOCODIGO":"160010223"}},{"type":"Feature","id":1762,"geometry":{"type":"Point","coordinates":[-74.067079020999984,4.6348489810000046]},"properties":{"OBJECTID":1762,"LOCCODIGO":"02","LOCNOMBRE":"Chapinero","PVODIRECCI":"CRA 14 # 47 - 44","PVONSITIO":"Universidad Católica","PVONOMBRE":"Universidad Católica de Colombia","PVONPUESTO":"24","PVOCODIGO":"160010224"}},{"type":"Feature","id":1763,"geometry":{"type":"Point","coordinates":[-74.060065050999981,4.6447318790000054]},"properties":{"OBJECTID":1763,"LOCCODIGO":"02","LOCNOMBRE":"Chapinero","PVODIRECCI":"CRA 5 # 59 A - 44","PVONSITIO":"Universidad de La Salle","PVONOMBRE":"Universidad de La Salle","PVONPUESTO":"25","PVOCODIGO":"160010225"}},{"type":"Feature","id":1764,"geometry":{"type":"Point","coordinates":[-74.079125825999995,4.5986629679999851]},"properties":{"OBJECTID":1764,"LOCCODIGO":"03","LOCNOMBRE":"Santa Fe","PVODIRECCI":"CRA 10 # 9 - 37","PVONSITIO":"El Gran San","PVONOMBRE":"Centro Comercial El Gran San","PVONPUESTO":"16","PVOCODIGO":"160010316"}},{"type":"Feature","id":1765,"geometry":{"type":"Point","coordinates":[-74.064998241000012,4.60948735300002]},"properties":{"OBJECTID":1765,"LOCCODIGO":"03","LOCNOMBRE":"Santa Fe","PVODIRECCI":"CLL 26 # 2 - 44 /\nCRA 3 # 26A - 04","PVONSITIO":"Colegio Ramón Jimeno","PVONOMBRE":"Colegio Ramón Jimeno","PVONPUESTO":"17","PVOCODIGO":"160010317"}},{"type":"Feature","id":1766,"geometry":{"type":"Point","coordinates":[-74.079183933000024,4.5832962520000251]},"properties":{"OBJECTID":1766,"LOCCODIGO":"03","LOCNOMBRE":"Santa Fe","PVODIRECCI":"CLL 1 # 3 - 58 /\nCLL 1 # 3 - 60","PVONSITIO":"Colegio la Giralda","PVONOMBRE":"Colegio Distrital la Giralda","PVONPUESTO":"18","PVOCODIGO":"160010318"}},{"type":"Feature","id":1767,"geometry":{"type":"Point","coordinates":[-74.067919894999989,4.607395404999977]},"properties":{"OBJECTID":1767,"LOCCODIGO":"03","LOCNOMBRE":"Santa Fe","PVODIRECCI":"CRA 4 # 22 Int. 1 Ed Módulo 21 / \nCLL 23 # 4 - 47","PVONSITIO":"Universidad Jorge Tadeo Lozano","PVONOMBRE":"Universidad Jorge Tadeo Lozano (Parqueadero)","PVONPUESTO":"19","PVOCODIGO":"160010319"}},{"type":"Feature","id":1768,"geometry":{"type":"Point","coordinates":[-74.073126323999986,4.6118203949999952]},"properties":{"OBJECTID":1768,"LOCCODIGO":"03","LOCNOMBRE":"Santa Fe","PVODIRECCI":"CLL 24 A # 13 - 72","PVONSITIO":"Universidad INCCA de Colombia","PVONOMBRE":"Universidad INCCA de Colombia Sede XXX Aniversario","PVONPUESTO":"20","PVOCODIGO":"160010320"}},{"type":"Feature","id":1769,"geometry":{"type":"Point","coordinates":[-74.079841015,4.5665948189999881]},"properties":{"OBJECTID":1769,"LOCCODIGO":"04","LOCNOMBRE":"San Cristóbal","PVODIRECCI":"CLL 20 A Sur # 12 - 20 Este","PVONSITIO":"La Castaña","PVONOMBRE":"Salón Comunal La Castaña","PVONPUESTO":"41","PVOCODIGO":"160010441"}},{"type":"Feature","id":1770,"geometry":{"type":"Point","coordinates":[-74.095434340999986,4.5569817730000182]},"properties":{"OBJECTID":1770,"LOCCODIGO":"04","LOCNOMBRE":"San Cristóbal","PVODIRECCI":"CRA 1 # 36 H - 12 Sur","PVONSITIO":"Salón Comunal Atenas","PVONOMBRE":"Salón Comunal Atenas","PVONPUESTO":"42","PVOCODIGO":"160010442"}},{"type":"Feature","id":1771,"geometry":{"type":"Point","coordinates":[-74.084773736999978,4.5800065939999968]},"properties":{"OBJECTID":1771,"LOCCODIGO":"04","LOCNOMBRE":"San Cristóbal","PVODIRECCI":"Cl 8 A S 5 A 23","PVONSITIO":"Villa Javier La María","PVONOMBRE":"Parque urbanización Villa Javier","PVONPUESTO":"43","PVOCODIGO":"160010443"}},{"type":"Feature","id":1772,"geometry":{"type":"Point","coordinates":[-74.184316979000016,4.6101177279999774]},"properties":{"OBJECTID":1772,"LOCCODIGO":"07","LOCNOMBRE":"Bosa","PVODIRECCI":"CLL 61 Sur # 80 H - 40","PVONSITIO":"Claretiano - El Libertador","PVONOMBRE":"Colegio Claretiano El Libertador","PVONPUESTO":"55","PVOCODIGO":"160010755"}},{"type":"Feature","id":1773,"geometry":{"type":"Point","coordinates":[-74.195283672000016,4.6298485109999774]},"properties":{"OBJECTID":1773,"LOCCODIGO":"07","LOCNOMBRE":"Bosa","PVODIRECCI":"CLL 62 A Sur # 91 A - 35","PVONSITIO":"Gimnasio Real Americano","PVONOMBRE":"Gimnasio Real Americano - Sede B","PVONPUESTO":"56","PVOCODIGO":"160010756"}},{"type":"Feature","id":1774,"geometry":{"type":"Point","coordinates":[-74.201144821000014,4.6375182470000027]},"properties":{"OBJECTID":1774,"LOCCODIGO":"07","LOCNOMBRE":"Bosa","PVODIRECCI":"CLL 65 Sur # 100 A - 51","PVONSITIO":"Liceo Ciudad Capital","PVONOMBRE":"Liceo Ciudad Capital","PVONPUESTO":"57","PVOCODIGO":"160010757"}},{"type":"Feature","id":1775,"geometry":{"type":"Point","coordinates":[-74.184738982999988,4.6228182680000032]},"properties":{"OBJECTID":1775,"LOCCODIGO":"07","LOCNOMBRE":"Bosa","PVODIRECCI":"CLL 57 Sur # 86 F - 30","PVONSITIO":"Juan Maximiliano Ambrosio","PVONOMBRE":"Colegio Distrital Orlando Higuita Rojas Sede B - Juan Maximiliano Ambrosio","PVONPUESTO":"58","PVOCODIGO":"160010758"}},{"type":"Feature","id":1776,"geometry":{"type":"Point","coordinates":[-74.195764406000023,4.6022980870000083]},"properties":{"OBJECTID":1776,"LOCCODIGO":"07","LOCNOMBRE":"Bosa","PVODIRECCI":"CLL 71 C Sur # 77 M - 53","PVONSITIO":"Instituto GUIMARC","PVONOMBRE":"Instituto GUIMARC","PVONPUESTO":"59","PVOCODIGO":"160010759"}},{"type":"Feature","id":1777,"geometry":{"type":"Point","coordinates":[-74.181015301000002,4.6252230779999763]},"properties":{"OBJECTID":1777,"LOCCODIGO":"07","LOCNOMBRE":"Bosa","PVODIRECCI":"CRA 87 # 53 C - 26 Sur","PVONSITIO":"Colegio Colsubsidio Chicalá","PVONOMBRE":"Colegio Colsubsidio Chicalá","PVONPUESTO":"60","PVOCODIGO":"160010760"}},{"type":"Feature","id":1778,"geometry":{"type":"Point","coordinates":[-74.190709190000007,4.6280297530000212]},"properties":{"OBJECTID":1778,"LOCCODIGO":"07","LOCNOMBRE":"Bosa","PVODIRECCI":"CRA 88 I # 58 A - 12 Sur","PVONSITIO":"Colegio Ciudadanos del Futuro","PVONOMBRE":"Colegio Mixto Ciudadanos del Futuro","PVONPUESTO":"61","PVOCODIGO":"160010761"}},{"type":"Feature","id":1779,"geometry":{"type":"Point","coordinates":[-74.183792181999991,4.6050027320000027]},"properties":{"OBJECTID":1779,"LOCCODIGO":"07","LOCNOMBRE":"Bosa","PVODIRECCI":"CLL 65 Sur # 78H - 51","PVONSITIO":"C.C. Gran Plaza Bosa","PVONOMBRE":"Centro Comercial Gran Plaza Bosa","PVONPUESTO":"62","PVOCODIGO":"160010762"}},{"type":"Feature","id":1780,"geometry":{"type":"Point","coordinates":[-74.162731823999991,4.6089903000000163]},"properties":{"OBJECTID":1780,"LOCCODIGO":"08","LOCNOMBRE":"Kennedy","PVODIRECCI":"CRA 77 Q # 45 A - 21 Sur","PVONSITIO":"Colegio Distrital Jackeline","PVONOMBRE":"Colegio Distrital Jackeline Sede B","PVONPUESTO":"74","PVOCODIGO":"160010874"}},{"type":"Feature","id":1781,"geometry":{"type":"Point","coordinates":[-74.159262721000005,4.6386956879999843]},"properties":{"OBJECTID":1781,"LOCCODIGO":"08","LOCNOMBRE":"Kennedy","PVODIRECCI":"CLL 1 Sur\u00A0 # 86 - 15","PVONSITIO":"Colegio Luz y Vida","PVONOMBRE":"Gimnasio Cristiano Luz y Vida Sede C","PVONPUESTO":"75","PVOCODIGO":"160010875"}},{"type":"Feature","id":1782,"geometry":{"type":"Point","coordinates":[-74.17262599999998,4.6172379999999862]},"properties":{"OBJECTID":1782,"LOCCODIGO":"08","LOCNOMBRE":"Kennedy","PVODIRECCI":"CRA 80 A # 51 B - 29 Sur","PVONSITIO":"Fernando Soto Aparicio Sede B","PVONOMBRE":"Colegio Fernando Soto Aparicio Sede B","PVONPUESTO":"76","PVOCODIGO":"160010876"}},{"type":"Feature","id":1783,"geometry":{"type":"Point","coordinates":[-74.147835724999993,4.6430975009999997]},"properties":{"OBJECTID":1783,"LOCCODIGO":"08","LOCNOMBRE":"Kennedy","PVODIRECCI":"CLL 8 Bis # 81 - 40 ","PVONSITIO":"Salón Comunal Monterrey","PVONOMBRE":"Salón Comunal Monterrey","PVONPUESTO":"77","PVOCODIGO":"160010877"}},{"type":"Feature","id":1784,"geometry":{"type":"Point","coordinates":[-74.155411784000023,4.6417692210000041]},"properties":{"OBJECTID":1784,"LOCCODIGO":"08","LOCNOMBRE":"Kennedy","PVODIRECCI":"AV CRA 86 # 6 - 37 /\nAV Ciudad Cali con Américas","PVONSITIO":"Centro Comercial Tintal Plaza","PVONOMBRE":"Centro Comercial Tintal Plaza","PVONPUESTO":"78","PVOCODIGO":"160010878"}},{"type":"Feature","id":1785,"geometry":{"type":"Point","coordinates":[-74.177120504000015,4.6203476829999772]},"properties":{"OBJECTID":1785,"LOCCODIGO":"08","LOCNOMBRE":"Kennedy","PVODIRECCI":"CLL 54 Sur # 81 H - 15","PVONSITIO":"Sagrado Corazón","PVONOMBRE":"Colegio Sagrado Corazón Sede Principal","PVONPUESTO":"79","PVOCODIGO":"160010879"}},{"type":"Feature","id":1786,"geometry":{"type":"Point","coordinates":[-74.165558852000004,4.6482935170000133]},"properties":{"OBJECTID":1786,"LOCCODIGO":"08","LOCNOMBRE":"Kennedy","PVODIRECCI":"CLL 2 # 93 - 28","PVONSITIO":"Col. Dis. CODEMA","PVONOMBRE":"Colegio Distrital CODEMA","PVONPUESTO":"80","PVOCODIGO":"160010880"}},{"type":"Feature","id":1787,"geometry":{"type":"Point","coordinates":[-74.170602523000014,4.6113071130000094]},"properties":{"OBJECTID":1787,"LOCCODIGO":"08","LOCNOMBRE":"Kennedy","PVODIRECCI":"CRA 78 J # 54 - 16 Sur","PVONSITIO":"Salón Comunal Roma IV","PVONOMBRE":"Salón Comunal Roma IV Segundo Sector","PVONPUESTO":"81","PVOCODIGO":"160010881"}},{"type":"Feature","id":1788,"geometry":{"type":"Point","coordinates":[-74.155503509000027,4.6249828279999861]},"properties":{"OBJECTID":1788,"LOCCODIGO":"08","LOCNOMBRE":"Kennedy","PVODIRECCI":"CLL 38 C Sur # 79 - 08","PVONSITIO":"INEM Francisco de Paula Santander Sede A","PVONOMBRE":"Colegio Distrital INEM Francisco de Paula Santander","PVONPUESTO":"82","PVOCODIGO":"160010882"}},{"type":"Feature","id":1789,"geometry":{"type":"Point","coordinates":[-74.147489369000027,4.6188140360000034]},"properties":{"OBJECTID":1789,"LOCCODIGO":"08","LOCNOMBRE":"Kennedy","PVODIRECCI":"TRV 73 A Bis B # 36 - 47 Sur","PVONSITIO":"Fernando Soto Aparicio","PVONOMBRE":"Colegio Fernando Soto Aparicio – Nuevo Kennedy","PVONPUESTO":"83","PVOCODIGO":"160010883"}},{"type":"Feature","id":1790,"geometry":{"type":"Point","coordinates":[-74.138357999999982,4.6069289989999902]},"properties":{"OBJECTID":1790,"LOCCODIGO":"08","LOCNOMBRE":"Kennedy","PVODIRECCI":"CRA 68 L\u00A0 #37 D - 38 Sur /\nCRA 68 I # 37 D - 02 Sur / \nCLL 38 Sur # 68 J - 50","PVONSITIO":"Salón Comunal Carvajal Osorio","PVONOMBRE":"Salón Comunal Carvajal Osorio","PVONPUESTO":"84","PVOCODIGO":"160010884"}},{"type":"Feature","id":1791,"geometry":{"type":"Point","coordinates":[-74.135912357999985,4.616023250000012]},"properties":{"OBJECTID":1791,"LOCCODIGO":"08","LOCNOMBRE":"Kennedy","PVODIRECCI":"CRA 70 B # 24 A 40 Sur","PVONSITIO":"Salón Comunal Carvajal II Sector","PVONOMBRE":"Salón Comunal Carvajal II Sector","PVONPUESTO":"85","PVOCODIGO":"160010885"}},{"type":"Feature","id":1792,"geometry":{"type":"Point","coordinates":[-74.122603233999996,4.6323261050000042]},"properties":{"OBJECTID":1792,"LOCCODIGO":"08","LOCNOMBRE":"Kennedy","PVODIRECCI":"CLL 9 C # 68 - 52","PVONSITIO":"Nicolás Esguerra","PVONOMBRE":"Colegio Nicolás Esguerra","PVONPUESTO":"86","PVOCODIGO":"160010886"}},{"type":"Feature","id":1793,"geometry":{"type":"Point","coordinates":[-74.127025480999976,4.6329763769999772]},"properties":{"OBJECTID":1793,"LOCCODIGO":"08","LOCNOMBRE":"Kennedy","PVODIRECCI":"CRA 69 # 8 - 28","PVONSITIO":"Salón Comunal Marsella","PVONOMBRE":"Salón Comunal Marsella","PVONPUESTO":"87","PVOCODIGO":"160010887"}},{"type":"Feature","id":1794,"geometry":{"type":"Point","coordinates":[-74.152949750000005,4.6335696819999725]},"properties":{"OBJECTID":1794,"LOCCODIGO":"08","LOCNOMBRE":"Kennedy","PVODIRECCI":"DIAG 2 D # 79 C - 83","PVONSITIO":"Isabel II","PVONOMBRE":"Colegio Isabel II","PVONPUESTO":"88","PVOCODIGO":"160010888"}},{"type":"Feature","id":1795,"geometry":{"type":"Point","coordinates":[-74.138567539999997,4.6026339969999981]},"properties":{"OBJECTID":1795,"LOCCODIGO":"08","LOCNOMBRE":"Kennedy","PVODIRECCI":"CLL 39 Sur # 68 F - 15","PVONSITIO":"Liceo Reynel","PVONOMBRE":"Liceo Reynel","PVONPUESTO":"89","PVOCODIGO":"160010889"}},{"type":"Feature","id":1796,"geometry":{"type":"Point","coordinates":[-74.140820554000015,4.6090806870000165]},"properties":{"OBJECTID":1796,"LOCCODIGO":"08","LOCNOMBRE":"Kennedy","PVODIRECCI":"CRA 69 # 39 - 27\u00A0 Sur / CRA 69 Bis # 39 - 30 Sur","PVONSITIO":"Colegio OEA Antonia Santos","PVONOMBRE":"Colegio OEA Sede  Antonia Santos","PVONPUESTO":"90","PVOCODIGO":"160010890"}},{"type":"Feature","id":1797,"geometry":{"type":"Point","coordinates":[-74.156392273999984,4.6040874170000166]},"properties":{"OBJECTID":1797,"LOCCODIGO":"08","LOCNOMBRE":"Kennedy","PVODIRECCI":"CRA 72 R Bis # 48 - 11 Sur","PVONSITIO":"Salón Comunal Boita II Sector","PVONOMBRE":"Salón Comunal Boita II Sector","PVONPUESTO":"91","PVOCODIGO":"160010891"}},{"type":"Feature","id":2056,"geometry":{"type":"Point","coordinates":[-74.059141314999977,4.6295457159999955]},"properties":{"OBJECTID":2056,"LOCCODIGO":"02","LOCNOMBRE":"Chapinero","PVODIRECCI":"CLL 43 # 3 - 35 Este","PVONSITIO":"Colegio San Martin de Porres Sede A","PVONOMBRE":"Colegio San Martin de Porres Sede A","PVONPUESTO":"36","PVOCODIGO":"160010236"}},{"type":"Feature","id":2057,"geometry":{"type":"Point","coordinates":[-74.057579251999982,4.6815094329999738]},"properties":{"OBJECTID":2057,"LOCCODIGO":"02","LOCNOMBRE":"Chapinero","PVODIRECCI":"CLL 94 # 23 - 43","PVONSITIO":"Compensar CLL 94","PVONOMBRE":"Compensar CLL 94","PVONPUESTO":"37","PVOCODIGO":"160010237"}},{"type":"Feature","id":2058,"geometry":{"type":"Point","coordinates":[-74.068104475999974,4.5877027039999803]},"properties":{"OBJECTID":2058,"LOCCODIGO":"03","LOCNOMBRE":"Santa Fe","PVODIRECCI":"DIAG 4 A # 5 B - 93 Este","PVONSITIO":"Colegio Los Pinos I.E.D. Sede A","PVONOMBRE":"Colegio Los Pinos I.E.D. Sede A","PVONPUESTO":"24","PVOCODIGO":"160010324"}},{"type":"Feature","id":2059,"geometry":{"type":"Point","coordinates":[-74.093715410000016,4.5567246250000153]},"properties":{"OBJECTID":2059,"LOCCODIGO":"04","LOCNOMBRE":"San Cristóbal","PVODIRECCI":"CLL 36 H # Sur 2 -15 Este","PVONSITIO":"Colegio Atenas I.E.D.","PVONOMBRE":"Colegio Atenas I.E.D.","PVONPUESTO":"56","PVOCODIGO":"160010456"}},{"type":"Feature","id":2060,"geometry":{"type":"Point","coordinates":[-74.095402485000022,4.5739968180000119]},"properties":{"OBJECTID":2060,"LOCCODIGO":"04","LOCNOMBRE":"San Cristóbal","PVODIRECCI":"CRA 9A # 22 B - 30 Sur","PVONSITIO":"Colegio Rafael Núñez IED Sede B","PVONOMBRE":"Institución Educativa Distrital I.E.D Rafael Núñez Sede B","PVONPUESTO":"57","PVOCODIGO":"160010457"}},{"type":"Feature","id":2061,"geometry":{"type":"Point","coordinates":[-74.086989851999988,4.5270269490000032]},"properties":{"OBJECTID":2061,"LOCCODIGO":"04","LOCNOMBRE":"San Cristóbal","PVODIRECCI":"CRA 15 Este # 63-30 Sur","PVONSITIO":"IED Gloria Valencia de Castaño","PVONOMBRE":"IED Gloria Valencia de Castaño","PVONPUESTO":"58","PVOCODIGO":"160010458"}},{"type":"Feature","id":2062,"geometry":{"type":"Point","coordinates":[-74.113100028000019,4.5138664390000258]},"properties":{"OBJECTID":2062,"LOCCODIGO":"05","LOCNOMBRE":"Usme","PVODIRECCI":"CLL 75B Sur # 9B - 06","PVONSITIO":"Santa Librada 2","PVONOMBRE":"Santa Librada 2","PVONPUESTO":"45","PVOCODIGO":"160010545"}},{"type":"Feature","id":2063,"geometry":{"type":"Point","coordinates":[-74.119731478999995,4.5132677560000047]},"properties":{"OBJECTID":2063,"LOCCODIGO":"05","LOCNOMBRE":"Usme","PVODIRECCI":"DIAG 76 Sur # 3B -30 / \nDIAG 76 Sur # 14P - 10","PVONSITIO":"Miravalle","PVONOMBRE":"Colegio Miravalle I.E.D.","PVONPUESTO":"46","PVOCODIGO":"160010546"}},{"type":"Feature","id":2064,"geometry":{"type":"Point","coordinates":[-74.104320842999982,4.4926839490000248]},"properties":{"OBJECTID":2064,"LOCCODIGO":"05","LOCNOMBRE":"Usme","PVODIRECCI":"CRA 5 B Este 98 B 10 Sur","PVONSITIO":"Nuevo Porvenir","PVONOMBRE":"Salón Comunal Nuevo Porvenir","PVONPUESTO":"47","PVOCODIGO":"160010547"}},{"type":"Feature","id":2065,"geometry":{"type":"Point","coordinates":[-74.101975037999978,4.5009903789999726]},"properties":{"OBJECTID":2065,"LOCCODIGO":"05","LOCNOMBRE":"Usme","PVODIRECCI":"CRA 6C Este # 89 - 57 Sur","PVONSITIO":"Salón Comunal Alfonso Lopez 1 y 2","PVONOMBRE":"Centro Comunitario Alfonso Lopez 1 y 2","PVONPUESTO":"48","PVOCODIGO":"160010548"}},{"type":"Feature","id":2066,"geometry":{"type":"Point","coordinates":[-74.108814306999989,4.498282985000003]},"properties":{"OBJECTID":2066,"LOCCODIGO":"05","LOCNOMBRE":"Usme","PVODIRECCI":"CRA 2 A Bis # 91 C - 35 Sur","PVONSITIO":"Salón Comunal Los Comuneros","PVONOMBRE":"Salón Comunal Los Comuneros","PVONPUESTO":"49","PVOCODIGO":"160010549"}},{"type":"Feature","id":2067,"geometry":{"type":"Point","coordinates":[-74.120393535000005,4.5237721940000029]},"properties":{"OBJECTID":2067,"LOCCODIGO":"05","LOCNOMBRE":"Usme","PVODIRECCI":"CLL 69D # 3 - 15 Sur / \nCRA 3 Sur # 69D - 21 / \nCRA 14 L 69C - 13 Sur","PVONSITIO":"Salón Comunal Urbanización Nueva Costarica","PVONOMBRE":"Salón Comunal Urbanización Nueva Costarica","PVONPUESTO":"50","PVOCODIGO":"160010550"}},{"type":"Feature","id":2068,"geometry":{"type":"Point","coordinates":[-74.115749477000008,4.5261786130000132]},"properties":{"OBJECTID":2068,"LOCCODIGO":"05","LOCNOMBRE":"Usme","PVODIRECCI":"CRA 9 # 68 B 44 Sur","PVONSITIO":"Salón Comunal Central Santamarta","PVONOMBRE":"Salón Comunal Central Santamarta","PVONPUESTO":"51","PVOCODIGO":"160010551"}},{"type":"Feature","id":2069,"geometry":{"type":"Point","coordinates":[-74.117213714000002,4.5397609729999999]},"properties":{"OBJECTID":2069,"LOCCODIGO":"05","LOCNOMBRE":"Usme","PVODIRECCI":"CRA 4 C # 56 30 Sur","PVONSITIO":"Salón Comunal Danubio Azul","PVONOMBRE":"Salón Comunal y Cultural Danubio Azul","PVONPUESTO":"52","PVOCODIGO":"160010552"}},{"type":"Feature","id":2070,"geometry":{"type":"Point","coordinates":[-74.110767855000006,4.510814876999973]},"properties":{"OBJECTID":2070,"LOCCODIGO":"05","LOCNOMBRE":"Usme","PVODIRECCI":"CRA 8 B Bis # 77 - 40 Sur","PVONSITIO":"Colegio Isidro Molina","PVONOMBRE":"Colegio Isidro Molina","PVONPUESTO":"53","PVOCODIGO":"160010553"}},{"type":"Feature","id":2071,"geometry":{"type":"Point","coordinates":[-74.135432112999979,4.5786670869999853]},"properties":{"OBJECTID":2071,"LOCCODIGO":"06","LOCNOMBRE":"Tunjuelito","PVODIRECCI":"CRA 25 # 52 C - 92 Sur","PVONSITIO":"Colegio Distrital Marco Fidel Suarez","PVONOMBRE":"Colegio Distrital Marco Fidel Suarez","PVONPUESTO":"34","PVOCODIGO":"160010634"}},{"type":"Feature","id":2072,"geometry":{"type":"Point","coordinates":[-74.132025847000023,4.5830274589999931]},"properties":{"OBJECTID":2072,"LOCCODIGO":"06","LOCNOMBRE":"Tunjuelito","PVODIRECCI":"CLL 48 B Sur # 28 - 56","PVONSITIO":"Colegio Distrital Agustín Codazzi","PVONOMBRE":"Colegio Distrital Agustín Codazzi","PVONPUESTO":"35","PVOCODIGO":"160010635"}},{"type":"Feature","id":2073,"geometry":{"type":"Point","coordinates":[-74.140741810000009,4.5920524360000172]},"properties":{"OBJECTID":2073,"LOCCODIGO":"06","LOCNOMBRE":"Tunjuelito","PVODIRECCI":"DIAG 49 # 53 B -02 Sur","PVONSITIO":"Salón Comunal Venecia","PVONOMBRE":"Salón Comunal Venecia","PVONPUESTO":"36","PVOCODIGO":"160010636"}},{"type":"Feature","id":2074,"geometry":{"type":"Point","coordinates":[-74.138734600000021,4.5706378780000136]},"properties":{"OBJECTID":2074,"LOCCODIGO":"06","LOCNOMBRE":"Tunjuelito","PVODIRECCI":"CLL 58 A Sur # 19C - 66","PVONSITIO":"Centro Felicidad","PVONOMBRE":"Centro Felicidad","PVONPUESTO":"37","PVOCODIGO":"160010637"}},{"type":"Feature","id":2075,"geometry":{"type":"Point","coordinates":[-74.194897996999998,4.6159168610000165]},"properties":{"OBJECTID":2075,"LOCCODIGO":"07","LOCNOMBRE":"Bosa","PVODIRECCI":"CLL 71A Sur # 83B - 30","PVONSITIO":"Esmeralda Arboleda","PVONOMBRE":"Institución Educativa Distrital Esmeralda Arboleda Cadavid I.E.D.","PVONPUESTO":"72","PVOCODIGO":"160010772"}},{"type":"Feature","id":2076,"geometry":{"type":"Point","coordinates":[-74.175608848000024,4.597894746999998]},"properties":{"OBJECTID":2076,"LOCCODIGO":"07","LOCNOMBRE":"Bosa","PVODIRECCI":"CLL 57 Ñ Sur # 75 F - 27","PVONSITIO":"El Motorista","PVONOMBRE":"Institución Educativa Distrital El Motorista","PVONPUESTO":"73","PVOCODIGO":"160010773"}},{"type":"Feature","id":2077,"geometry":{"type":"Point","coordinates":[-74.201659654000025,4.6064253119999989]},"properties":{"OBJECTID":2077,"LOCCODIGO":"07","LOCNOMBRE":"Bosa","PVODIRECCI":"DIAG 73 D Bis Sur # 79 - 23","PVONSITIO":"Charles de Gaulle","PVONOMBRE":"Institución Educativa Distrital Grancolombiano Sede Charles de Gaulle I.E.D.","PVONPUESTO":"74","PVOCODIGO":"160010774"}},{"type":"Feature","id":2078,"geometry":{"type":"Point","coordinates":[-74.187376218999987,4.631588129000022]},"properties":{"OBJECTID":2078,"LOCCODIGO":"07","LOCNOMBRE":"Bosa","PVODIRECCI":"CRA 89 B # 54 F 20 Sur- Bosa Brasil","PVONSITIO":"Laura Herrera","PVONOMBRE":"Institución Educativa Distrital Laura Herrera de Varela I.E.D.","PVONPUESTO":"75","PVOCODIGO":"160010775"}},{"type":"Feature","id":2079,"geometry":{"type":"Point","coordinates":[-74.16482197900001,4.6016548009999951]},"properties":{"OBJECTID":2079,"LOCCODIGO":"07","LOCNOMBRE":"Bosa","PVODIRECCI":"CLL 56 A Sur # 72 A 54","PVONSITIO":"Rodrigo de Bastidas","PVONOMBRE":"Institución Educativa Distrital Nuevo Chile I.E.D. Sede B","PVONPUESTO":"76","PVOCODIGO":"160010776"}},{"type":"Feature","id":2080,"geometry":{"type":"Point","coordinates":[-74.199155355000016,4.6339546469999959]},"properties":{"OBJECTID":2080,"LOCCODIGO":"07","LOCNOMBRE":"Bosa","PVODIRECCI":"CRA 97 C # 65-02 Sur","PVONSITIO":"Sonia Osorio","PVONOMBRE":"Institución Educativa Distrital Ciudadela El Recreo Sonia Osorio de Saint-Malo I.E.D. ","PVONPUESTO":"77","PVOCODIGO":"160010777"}},{"type":"Feature","id":2081,"geometry":{"type":"Point","coordinates":[-74.193987364000009,4.6436090500000091]},"properties":{"OBJECTID":2081,"LOCCODIGO":"07","LOCNOMBRE":"Bosa","PVODIRECCI":"CLL 55 Sur # 103-96","PVONSITIO":"Villas del Progreso Primera Infancia","PVONOMBRE":"Colegio I.E.D. Villas del Progreso Sede Primera Infancia ","PVONPUESTO":"78","PVOCODIGO":"160010778"}},{"type":"Feature","id":2082,"geometry":{"type":"Point","coordinates":[-74.189897567999992,4.6390135440000222]},"properties":{"OBJECTID":2082,"LOCCODIGO":"07","LOCNOMBRE":"Bosa","PVODIRECCI":"CRA 98 # 54C-04 Sur","PVONSITIO":"Senderos de Porvenir Primera Infancia ","PVONOMBRE":"Institución Educativa Distrital Brasilia Bosa Sede D I.E.D.","PVONPUESTO":"79","PVOCODIGO":"160010779"}},{"type":"Feature","id":2083,"geometry":{"type":"Point","coordinates":[-74.166338526000004,4.5962080919999835]},"properties":{"OBJECTID":2083,"LOCCODIGO":"07","LOCNOMBRE":"Bosa","PVODIRECCI":"CLL 57R Sur # 72-20","PVONSITIO":"Jumbo Autopista Sur ","PVONOMBRE":"Almacén Jumbo Autopista Sur","PVONPUESTO":"80","PVOCODIGO":"160010780"}},{"type":"Feature","id":2084,"geometry":{"type":"Point","coordinates":[-74.129483876999984,4.6218480709999881]},"properties":{"OBJECTID":2084,"LOCCODIGO":"08","LOCNOMBRE":"Kennedy","PVODIRECCI":"CLL 1 # 69 A - 07","PVONSITIO":"Colegio Feliza Bursztyn IED","PVONOMBRE":"Colegio Feliza Bursztyn","PVONPUESTO":"B2","PVOCODIGO":"1600108B2"}},{"type":"Feature","id":2085,"geometry":{"type":"Point","coordinates":[-74.155035520000013,4.6051206299999876]},"properties":{"OBJECTID":2085,"LOCCODIGO":"08","LOCNOMBRE":"Kennedy","PVODIRECCI":"CLL 45 Sur # 72Q - 20","PVONSITIO":"Colegio María Betsabe Espinal IED","PVONOMBRE":"Colegio María Betsabe Espinal IED","PVONPUESTO":"B3","PVOCODIGO":"1600108B3"}},{"type":"Feature","id":2086,"geometry":{"type":"Point","coordinates":[-74.126343458999997,4.6348043149999967]},"properties":{"OBJECTID":2086,"LOCCODIGO":"08","LOCNOMBRE":"Kennedy","PVODIRECCI":"CRA 69 # 9C -30 / \nCRA 69 # 9C - 60 / \nCRA 69 # 9C - 52","PVONSITIO":"Colegio El Ferrol La Paz IED","PVONOMBRE":"Colegio El Ferrol La Paz IED","PVONPUESTO":"B4","PVOCODIGO":"1600108B4"}},{"type":"Feature","id":2087,"geometry":{"type":"Point","coordinates":[-74.157771243000013,4.610583092000013]},"properties":{"OBJECTID":2087,"LOCCODIGO":"08","LOCNOMBRE":"Kennedy","PVODIRECCI":"CRA 74 # 42C - 80 Sur","PVONSITIO":"Liceo Samario","PVONOMBRE":"Liceo Samario","PVONPUESTO":"B5","PVOCODIGO":"1600108B5"}},{"type":"Feature","id":2088,"geometry":{"type":"Point","coordinates":[-74.130636819000017,4.6315455580000275]},"properties":{"OBJECTID":2088,"LOCCODIGO":"08","LOCNOMBRE":"Kennedy","PVODIRECCI":"CRA 70 # 6 C - 50","PVONSITIO":"Salón INSTMAR - Instituto Marsella","PVONOMBRE":"Salón INSTMAR - Instituto Marsella","PVONPUESTO":"B6","PVOCODIGO":"1600108B6"}},{"type":"Feature","id":2089,"geometry":{"type":"Point","coordinates":[-74.14266834099999,4.6388370010000131]},"properties":{"OBJECTID":2089,"LOCCODIGO":"08","LOCNOMBRE":"Kennedy","PVODIRECCI":"AV CLL 8 # 78C - 04","PVONSITIO":"Gimnasio Moderno Castilla","PVONOMBRE":"Colegio Gimnasio Moderno Castilla","PVONPUESTO":"B7","PVOCODIGO":"1600108B7"}},{"type":"Feature","id":2090,"geometry":{"type":"Point","coordinates":[-74.129525973999989,4.6253979640000011]},"properties":{"OBJECTID":2090,"LOCCODIGO":"08","LOCNOMBRE":"Kennedy","PVODIRECCI":"CLL 3 A # 69 B - 19","PVONSITIO":"Salón Comunal Las Américas","PVONOMBRE":"Salón Comunal Las Américas","PVONPUESTO":"B8","PVOCODIGO":"1600108B8"}},{"type":"Feature","id":2091,"geometry":{"type":"Point","coordinates":[-74.144300680000015,4.6063725729999874]},"properties":{"OBJECTID":2091,"LOCCODIGO":"08","LOCNOMBRE":"Kennedy","PVODIRECCI":"CRA 72G # 39C Sur - 02 / CRA 72G # 39C - 20 Sur","PVONSITIO":"Salón Comunal Valencia y Bombay","PVONOMBRE":"Salón Comunal Valencia y Bombay","PVONPUESTO":"B9","PVOCODIGO":"1600108B9"}},{"type":"Feature","id":2092,"geometry":{"type":"Point","coordinates":[-74.147033220000026,4.5995121479999739]},"properties":{"OBJECTID":2092,"LOCCODIGO":"08","LOCNOMBRE":"Kennedy","PVODIRECCI":"CLL 44 F Sur # 72 B - 36","PVONSITIO":"Salón Comunal Nuevas Delicias","PVONOMBRE":"Salón Comunal Nuevas Delicias","PVONPUESTO":"C1","PVOCODIGO":"1600108C1"}},{"type":"Feature","id":2093,"geometry":{"type":"Point","coordinates":[-74.173294482000017,4.6062412780000273]},"properties":{"OBJECTID":2093,"LOCCODIGO":"08","LOCNOMBRE":"Kennedy","PVODIRECCI":"CRA 77 K # 57 D - 23 Sur","PVONSITIO":"Liceo Carmelitas","PVONOMBRE":"Liceo Carmelitas","PVONPUESTO":"C2","PVOCODIGO":"1600108C2"}},{"type":"Feature","id":2094,"geometry":{"type":"Point","coordinates":[-74.169944612999984,4.6160314520000156]},"properties":{"OBJECTID":2094,"LOCCODIGO":"08","LOCNOMBRE":"Kennedy","PVODIRECCI":"CRA 79B # 50 - 00 / \nCRA 79B # 50 - 51 Sur","PVONSITIO":"Casablanca I","PVONOMBRE":"Salón Comunal Casablanca","PVONPUESTO":"C3","PVOCODIGO":"1600108C3"}},{"type":"Feature","id":2095,"geometry":{"type":"Point","coordinates":[-74.167141065999999,4.6180400810000037]},"properties":{"OBJECTID":2095,"LOCCODIGO":"08","LOCNOMBRE":"Kennedy","PVODIRECCI":"CRA 79 B # 46 - 70 Sur / \nCRA 79B # 46 - 16 S","PVONSITIO":"Casablanca 33","PVONOMBRE":"Salón Comunal Casablanca 33","PVONPUESTO":"C4","PVOCODIGO":"1600108C4"}},{"type":"Feature","id":2096,"geometry":{"type":"Point","coordinates":[-74.165738394000016,4.6165177639999797]},"properties":{"OBJECTID":2096,"LOCCODIGO":"08","LOCNOMBRE":"Kennedy","PVODIRECCI":"CRA 78 N Bis # 45 - 60 Sur","PVONSITIO":"IED Colegio San Jose Sede B","PVONOMBRE":"Colegio San Jose - Sede B","PVONPUESTO":"C5","PVOCODIGO":"1600108C5"}},{"type":"Feature","id":2097,"geometry":{"type":"Point","coordinates":[-74.139483304000009,4.6525973720000025]},"properties":{"OBJECTID":2097,"LOCCODIGO":"08","LOCNOMBRE":"Kennedy","PVODIRECCI":"CRA 84 D # 13 - 65 / CRA 81 D # 13 - 65","PVONSITIO":"Col. Gustavo Rojas Pinilla -Sede B","PVONOMBRE":"Colegio Gustavo Rojas Pinilla -Sede B","PVONPUESTO":"C6","PVOCODIGO":"1600108C6"}},{"type":"Feature","id":2098,"geometry":{"type":"Point","coordinates":[-74.12752524299998,4.6672348550000038]},"properties":{"OBJECTID":2098,"LOCCODIGO":"09","LOCNOMBRE":"Fontibon","PVODIRECCI":"CLL 22F # 85 -05 /\nCLL 22F # 85 - 09","PVONSITIO":"Colegio San Gabriel Modelia","PVONOMBRE":"Colegio San Gabriel Modelia","PVONPUESTO":"44","PVOCODIGO":"160010944"}},{"type":"Feature","id":2099,"geometry":{"type":"Point","coordinates":[-74.125821916999996,4.6659373950000145]},"properties":{"OBJECTID":2099,"LOCCODIGO":"09","LOCNOMBRE":"Fontibon","PVODIRECCI":"CLL 23 # 81 D - 11","PVONSITIO":"Gimnasio Fidel Cano Modelia","PVONOMBRE":"Institución Educativa Gimnasio Fidel Cano","PVONPUESTO":"45","PVOCODIGO":"160010945"}},{"type":"Feature","id":2100,"geometry":{"type":"Point","coordinates":[-74.150044141000024,4.6838568059999943]},"properties":{"OBJECTID":2100,"LOCCODIGO":"09","LOCNOMBRE":"Fontibon","PVODIRECCI":"CRA 113 # 19 A - 80","PVONSITIO":"Integrado Sede D Palestina","PVONOMBRE":"Institución Educativa Distrital Integrado Sede D","PVONPUESTO":"46","PVOCODIGO":"160010946"}},{"type":"Feature","id":2101,"geometry":{"type":"Point","coordinates":[-74.131545785000014,4.650957080000012]},"properties":{"OBJECTID":2101,"LOCCODIGO":"09","LOCNOMBRE":"Fontibon","PVODIRECCI":"CLL 16C # 78 - 80 /\nCLL 16C # 78 - 82","PVONSITIO":"IED Maria J. Canelones","PVONOMBRE":"Institución Educativa Distrital Maria J. Canelones","PVONPUESTO":"47","PVOCODIGO":"160010947"}},{"type":"Feature","id":1916,"geometry":{"type":"Point","coordinates":[-74.172432671000024,4.6332080710000128]},"properties":{"OBJECTID":1916,"LOCCODIGO":"08","LOCNOMBRE":"Kennedy","PVODIRECCI":"CLL 42 G Sur # 87 G - 16","PVONSITIO":"Colegio Ernesto Guhl","PVONOMBRE":"Colegio Privado Ernesto Guhl","PVONPUESTO":"A1","PVOCODIGO":"1600108A1"}},{"type":"Feature","id":1917,"geometry":{"type":"Point","coordinates":[-74.175449442999991,4.6407194939999954]},"properties":{"OBJECTID":1917,"LOCCODIGO":"08","LOCNOMBRE":"Kennedy","PVODIRECCI":"CRA 93 B # 42 F -16 Sur /\nCRA 93 42F - 16 S","PVONSITIO":"Colegio Ciudad de Fómeque","PVONOMBRE":"Colegio Privado Ciudad de Fómeque","PVONPUESTO":"A2","PVOCODIGO":"1600108A2"}},{"type":"Feature","id":1918,"geometry":{"type":"Point","coordinates":[-74.161407600000018,4.6539496419999864]},"properties":{"OBJECTID":1918,"LOCCODIGO":"08","LOCNOMBRE":"Kennedy","PVODIRECCI":"CLL 6 C # 94 A - 25","PVONSITIO":"Esc.Tecnologica Inst. Tecnico Central","PVONOMBRE":"Escuela Tecnológica Instituto Técnico Central","PVONPUESTO":"A3","PVOCODIGO":"1600108A3"}},{"type":"Feature","id":1919,"geometry":{"type":"Point","coordinates":[-74.150850219999995,4.6367218940000043]},"properties":{"OBJECTID":1919,"LOCCODIGO":"08","LOCNOMBRE":"Kennedy","PVODIRECCI":"CRA 80 B # 6 - 71","PVONSITIO":"Colegio Emma Reyes IED","PVONOMBRE":"Colegio Distrital Ciudad de Techo","PVONPUESTO":"A4","PVOCODIGO":"1600108A4"}},{"type":"Feature","id":1920,"geometry":{"type":"Point","coordinates":[-74.136944535999987,4.6536182510000117]},"properties":{"OBJECTID":1920,"LOCCODIGO":"08","LOCNOMBRE":"Kennedy","PVODIRECCI":"CLL 14 A # 81 - 38","PVONSITIO":"Salón Comunal Andalucia II Sector","PVONOMBRE":"Salón Comunal Andalucia II Sector","PVONPUESTO":"A5","PVOCODIGO":"1600108A5"}},{"type":"Feature","id":1921,"geometry":{"type":"Point","coordinates":[-74.136158909000017,4.6434659750000264]},"properties":{"OBJECTID":1921,"LOCCODIGO":"08","LOCNOMBRE":"Kennedy","PVODIRECCI":"CLL 11 A # 72 D - 20","PVONSITIO":"Salón Comunal Villa Alsacia","PVONOMBRE":"Salón Comunal Villa Alsacia","PVONPUESTO":"A6","PVOCODIGO":"1600108A6"}},{"type":"Feature","id":1922,"geometry":{"type":"Point","coordinates":[-74.137202391000017,4.6184426130000134]},"properties":{"OBJECTID":1922,"LOCCODIGO":"08","LOCNOMBRE":"Kennedy","PVODIRECCI":"CRA 71 D # 6 - 94 Sur","PVONSITIO":"CC Plaza de Las Americas","PVONOMBRE":"Centro Comercial Plaza de Las Américas","PVONPUESTO":"A7","PVOCODIGO":"1600108A7"}},{"type":"Feature","id":1923,"geometry":{"type":"Point","coordinates":[-74.14319126700002,4.6391707459999907]},"properties":{"OBJECTID":1923,"LOCCODIGO":"08","LOCNOMBRE":"Kennedy","PVODIRECCI":"CLL 8 # 78 C - 60","PVONSITIO":"Loreto de Castilla","PVONOMBRE":"Instituto Comercial Loreto de Castilla","PVONPUESTO":"A9","PVOCODIGO":"1600108A9"}},{"type":"Feature","id":1924,"geometry":{"type":"Point","coordinates":[-74.139414111999997,4.639782514999979]},"properties":{"OBJECTID":1924,"LOCCODIGO":"08","LOCNOMBRE":"Kennedy","PVODIRECCI":"CLL 8 B Bis # 73 B - 1 / \nCRA 75 8 A - 31","PVONSITIO":"Polideportivo Castilla","PVONOMBRE":"Polideportivo Castilla","PVONPUESTO":"B1","PVOCODIGO":"1600108B1"}},{"type":"Feature","id":1925,"geometry":{"type":"Point","coordinates":[-74.13464627899998,4.6026799800000049]},"properties":{"OBJECTID":1925,"LOCCODIGO":"08","LOCNOMBRE":"Kennedy","PVODIRECCI":"AV CRA 68 # 38 - 87 Sur / \nCRA 68 # 38A - 15\n","PVONSITIO":"Metro Alqueria","PVONOMBRE":"Almacén Metro Alquería","PVONPUESTO":"A8","PVOCODIGO":"1600108A8"}},{"type":"Feature","id":1926,"geometry":{"type":"Point","coordinates":[-74.136452490000011,4.665852918999974]},"properties":{"OBJECTID":1926,"LOCCODIGO":"09","LOCNOMBRE":"Fontibon","PVODIRECCI":"CRA 90 # 17 - 95 /\nCl 19A # 91 - 05","PVONSITIO":"Trebolis","PVONOMBRE":"Centro Comercial Trebolis","PVONPUESTO":"42","PVOCODIGO":"160010942"}},{"type":"Feature","id":1927,"geometry":{"type":"Point","coordinates":[-74.131207501000006,4.7024373020000212]},"properties":{"OBJECTID":1927,"LOCCODIGO":"10","LOCNOMBRE":"Engativá","PVODIRECCI":"CRA 110 C # 64 D - 03","PVONSITIO":"Salón Comunal El Verdum","PVONOMBRE":"Salón Comunal El Verdum","PVONPUESTO":"82","PVOCODIGO":"160011082"}},{"type":"Feature","id":1928,"geometry":{"type":"Point","coordinates":[-74.137918834000004,4.717575447999991]},"properties":{"OBJECTID":1928,"LOCCODIGO":"10","LOCNOMBRE":"Engativá","PVODIRECCI":"CRA 122 A Bis # 69 C - 21","PVONSITIO":"La Faena","PVONOMBRE":"Colegio Distrital General Santander Sede C","PVONPUESTO":"83","PVOCODIGO":"160011083"}},{"type":"Feature","id":1929,"geometry":{"type":"Point","coordinates":[-74.12430789199999,4.707854483999995]},"properties":{"OBJECTID":1929,"LOCCODIGO":"10","LOCNOMBRE":"Engativá","PVODIRECCI":"CRA 107 B Bis # 70 F - 50","PVONSITIO":"Bosques de Mariana","PVONOMBRE":"Salón Comunal Bosques de Mariana","PVONPUESTO":"84","PVOCODIGO":"160011084"}},{"type":"Feature","id":1930,"geometry":{"type":"Point","coordinates":[-74.115295935000006,4.6836013249999837]},"properties":{"OBJECTID":1930,"LOCCODIGO":"10","LOCNOMBRE":"Engativá","PVODIRECCI":"AV CRA 86 # 55 A - 75","PVONSITIO":"Centro Comercial Nuestro Bogotá","PVONOMBRE":"Centro Comercial Nuestro Bogotá","PVONPUESTO":"85","PVOCODIGO":"160011085"}},{"type":"Feature","id":1931,"geometry":{"type":"Point","coordinates":[-74.099243661000003,4.6816679560000125]},"properties":{"OBJECTID":1931,"LOCCODIGO":"10","LOCNOMBRE":"Engativá","PVODIRECCI":"AV Boyacá # 66 A - 61","PVONSITIO":"Universidad UDCA","PVONOMBRE":"Universidad De Ciencias Aplicadas Y Ambientales - U.D.C.A.","PVONPUESTO":"86","PVOCODIGO":"160011086"}},{"type":"Feature","id":1932,"geometry":{"type":"Point","coordinates":[-74.108173595999972,4.6835122119999824]},"properties":{"OBJECTID":1932,"LOCCODIGO":"10","LOCNOMBRE":"Engativá","PVODIRECCI":"CRA 79 # 64 C - 48","PVONSITIO":"Gimnasio Santa Maria del Alcazar","PVONOMBRE":"Gimnasio Santa Maria del Alcazar","PVONPUESTO":"87","PVOCODIGO":"160011087"}},{"type":"Feature","id":1933,"geometry":{"type":"Point","coordinates":[-74.106835133999994,4.6693829309999728]},"properties":{"OBJECTID":1933,"LOCCODIGO":"10","LOCNOMBRE":"Engativá","PVODIRECCI":"CRA 71 B # 52 - 30","PVONSITIO":"Colegio RR Oblatas Al Divino Amor","PVONOMBRE":"Colegio Privado RR Oblatas Al Divino Amor","PVONPUESTO":"88","PVOCODIGO":"160011088"}},{"type":"Feature","id":1934,"geometry":{"type":"Point","coordinates":[-74.104290475000028,4.7533611640000117]},"properties":{"OBJECTID":1934,"LOCCODIGO":"11","LOCNOMBRE":"Suba","PVODIRECCI":"CLL 149 # 117 - 35","PVONSITIO":"Compartir Sede B IED","PVONOMBRE":"Colegio Distrital Compartir Sede B","PVONPUESTO":"99","PVOCODIGO":"160011199"}},{"type":"Feature","id":1935,"geometry":{"type":"Point","coordinates":[-74.088763326999981,4.7344912259999887]},"properties":{"OBJECTID":1935,"LOCCODIGO":"11","LOCNOMBRE":"Suba","PVODIRECCI":"CLL 135 # 94 C - 57","PVONSITIO":"Villa Elisa Sede B IED","PVONOMBRE":"Colegio Distrital Villa Elisa Sede B","PVONPUESTO":"A1","PVOCODIGO":"1600111A1"}},{"type":"Feature","id":1936,"geometry":{"type":"Point","coordinates":[-74.070456623999974,4.7248658269999737]},"properties":{"OBJECTID":1936,"LOCCODIGO":"11","LOCNOMBRE":"Suba","PVODIRECCI":"CRA 59 B BIS # 132 - 53","PVONSITIO":"Salón Comunal Ciudad Jardín Norte","PVONOMBRE":"Salón Comunal Ciudad Jardín Norte","PVONPUESTO":"A2","PVOCODIGO":"1600111A2"}},{"type":"Feature","id":1937,"geometry":{"type":"Point","coordinates":[-74.038073224000016,4.8064482689999863]},"properties":{"OBJECTID":1937,"LOCCODIGO":"11","LOCNOMBRE":"Suba","PVODIRECCI":"Autopista Norte # 232 - 35","PVONSITIO":"Centro Comercial BIMA","PVONOMBRE":"Centro Comercial BIMA","PVONPUESTO":"A3","PVOCODIGO":"1600111A3"}},{"type":"Feature","id":1938,"geometry":{"type":"Point","coordinates":[-74.076449622999974,4.7151013569999805]},"properties":{"OBJECTID":1938,"LOCCODIGO":"11","LOCNOMBRE":"Suba","PVODIRECCI":"CLL 128 # 71 A - 91","PVONSITIO":"Colegio Helvetia","PVONOMBRE":"Colegio Privado Helvetia","PVONPUESTO":"A4","PVOCODIGO":"1600111A4"}},{"type":"Feature","id":1939,"geometry":{"type":"Point","coordinates":[-74.073501238000006,4.6718475389999981]},"properties":{"OBJECTID":1939,"LOCCODIGO":"12","LOCNOMBRE":"Barrios Unidos","PVODIRECCI":"CRA 53 # 75 - 17","PVONSITIO":"Rafael Bernal Jimenez Sede A","PVONOMBRE":"Colegio Distrital Rafael Bernal Jimenez Sede A","PVONPUESTO":"32","PVOCODIGO":"160011232"}},{"type":"Feature","id":1940,"geometry":{"type":"Point","coordinates":[-74.07494141799998,4.6431627989999811]},"properties":{"OBJECTID":1940,"LOCCODIGO":"13","LOCNOMBRE":"Teusaquillo","PVODIRECCI":"CLL 53 B # 25 - 21","PVONSITIO":"Centro Comercial Galerías","PVONOMBRE":"Centro Comercial Galerías","PVONPUESTO":"32","PVOCODIGO":"160011332"}},{"type":"Feature","id":1941,"geometry":{"type":"Point","coordinates":[-74.082368034000012,4.6499327860000221]},"properties":{"OBJECTID":1941,"LOCCODIGO":"13","LOCNOMBRE":"Teusaquillo","PVODIRECCI":"CLL 58 A Bis # 37 - 94","PVONSITIO":"Universidad Antonio Nariño","PVONOMBRE":"Universidad Antonio Nariño","PVONPUESTO":"33","PVOCODIGO":"160011333"}},{"type":"Feature","id":1942,"geometry":{"type":"Point","coordinates":[-74.099190037000028,4.6012681199999861]},"properties":{"OBJECTID":1942,"LOCCODIGO":"14","LOCNOMBRE":"Mártires","PVODIRECCI":"CLL 2 B # 27 A - 26","PVONSITIO":"Colegio Bilingüe CEDAM","PVONOMBRE":"Colegio Privado Bilingüe CEDAM","PVONPUESTO":"19","PVOCODIGO":"160011419"}},{"type":"Feature","id":1943,"geometry":{"type":"Point","coordinates":[-74.113265425000009,4.5888952469999822]},"properties":{"OBJECTID":1943,"LOCCODIGO":"15","LOCNOMBRE":"Antonio Nariño","PVODIRECCI":"AV CRA 27 # 29 - 17 Sur /\n AV CRA 27 # 29 - 65 Sur","PVONSITIO":"Colegio Nuestra Señora de La Paz","PVONOMBRE":"Colegio Privado Comunidad Hermanas de Nuestra Señora de La Paz","PVONPUESTO":"22","PVOCODIGO":"160011522"}},{"type":"Feature","id":1944,"geometry":{"type":"Point","coordinates":[-74.090867936999985,4.5853317809999794]},"properties":{"OBJECTID":1944,"LOCCODIGO":"15","LOCNOMBRE":"Antonio Nariño","PVODIRECCI":"CLL 8 Sur # 11 A - 39 / \nCRA 11 A # 8 - 39 Sur","PVONSITIO":"Salón Comunal Ciudad Berna","PVONOMBRE":"Salón Comunal Ciudad Berna","PVONPUESTO":"23","PVOCODIGO":"160011523"}},{"type":"Feature","id":1945,"geometry":{"type":"Point","coordinates":[-74.117021775000012,4.590770971999973]},"properties":{"OBJECTID":1945,"LOCCODIGO":"15","LOCNOMBRE":"Antonio Nariño","PVODIRECCI":"CL 32 Sur 29A # 75","PVONSITIO":"Salón Comunal Eduardo Frei","PVONOMBRE":"Salón Comunal Eduardo Frei","PVONPUESTO":"21","PVOCODIGO":"160011521"}},{"type":"Feature","id":1946,"geometry":{"type":"Point","coordinates":[-74.123501261000001,4.6086886360000108]},"properties":{"OBJECTID":1946,"LOCCODIGO":"16","LOCNOMBRE":"Puente Aranda","PVODIRECCI":"CRA 52 Bis # 19 - 53 / \nCl 19A Sur # 52A - 51","PVONSITIO":"Salón Comunal Torremolinos I","PVONOMBRE":"Salón Comunal Torremolinos I","PVONPUESTO":"45","PVOCODIGO":"160011645"}},{"type":"Feature","id":1947,"geometry":{"type":"Point","coordinates":[-74.123300554000025,4.6178096589999882]},"properties":{"OBJECTID":1947,"LOCCODIGO":"16","LOCNOMBRE":"Puente Aranda","PVODIRECCI":"DIAG 2 # 57 - 39","PVONSITIO":"Salón Comunal José Antonio Galán","PVONOMBRE":"Salón Comunal José Antonio Galán","PVONPUESTO":"46","PVOCODIGO":"160011646"}},{"type":"Feature","id":1948,"geometry":{"type":"Point","coordinates":[-74.114518105000002,4.6195248099999731]},"properties":{"OBJECTID":1948,"LOCCODIGO":"16","LOCNOMBRE":"Puente Aranda","PVODIRECCI":"CRA 53 B Bis # 4 C - 04","PVONSITIO":"Salón Comunal Rafael Eucaliptos","PVONOMBRE":"Salón Comunal Rafael Eucaliptos","PVONPUESTO":"47","PVOCODIGO":"160011647"}},{"type":"Feature","id":1949,"geometry":{"type":"Point","coordinates":[-74.110173352000004,4.6178384940000115]},"properties":{"OBJECTID":1949,"LOCCODIGO":"16","LOCNOMBRE":"Puente Aranda","PVODIRECCI":"CRA 43 B # 4 - 26 /\nCRA 43 # 4 B - 72","PVONSITIO":"Salón Comunal Nueva Primavera","PVONOMBRE":"Salón Comunal Nueva Primavera","PVONPUESTO":"48","PVOCODIGO":"160011648"}},{"type":"Feature","id":1950,"geometry":{"type":"Point","coordinates":[-74.111752120999995,4.6063710650000189]},"properties":{"OBJECTID":1950,"LOCCODIGO":"16","LOCNOMBRE":"Puente Aranda","PVODIRECCI":"CRA 38 A # 1 D - 30","PVONSITIO":"Salón Comunal Villa Inés","PVONOMBRE":"Salón Comunal Villa Inés","PVONPUESTO":"49","PVOCODIGO":"160011649"}},{"type":"Feature","id":1951,"geometry":{"type":"Point","coordinates":[-74.10840605300001,4.6030280279999829]},"properties":{"OBJECTID":1951,"LOCCODIGO":"16","LOCNOMBRE":"Puente Aranda","PVODIRECCI":"CRA 35 # 1 C - 30","PVONSITIO":"Salón Comunal Bochica Central","PVONOMBRE":"Salón Comunal Bochica Central","PVONPUESTO":"50","PVOCODIGO":"160011650"}},{"type":"Feature","id":1952,"geometry":{"type":"Point","coordinates":[-74.108869046999985,4.5531681900000081]},"properties":{"OBJECTID":1952,"LOCCODIGO":"18","LOCNOMBRE":"Rafael Uribe Uribe","PVODIRECCI":"CRA 5 A Bis # 48N-48 Sur","PVONSITIO":"IDIPRON UPI Molinos","PVONOMBRE":"IDIPRON UPI Molinos (Unidad de Prevención Infantil)","PVONPUESTO":"57","PVOCODIGO":"160011857"}},{"type":"Feature","id":1953,"geometry":{"type":"Point","coordinates":[-74.116260969999985,4.5596600630000239]},"properties":{"OBJECTID":1953,"LOCCODIGO":"18","LOCNOMBRE":"Rafael Uribe Uribe","PVODIRECCI":"DIAG 48 J Sur # 9 - 14","PVONSITIO":"El Mirador","PVONOMBRE":"Colegio Distrital Alfredo Iriarte Sede B","PVONPUESTO":"58","PVOCODIGO":"160011858"}},{"type":"Feature","id":1954,"geometry":{"type":"Point","coordinates":[-74.104654788000005,4.5436948720000032]},"properties":{"OBJECTID":1954,"LOCCODIGO":"18","LOCNOMBRE":"Rafael Uribe Uribe","PVODIRECCI":"CLL 48 X Sur # 2 - 13 Este","PVONSITIO":"Salón Comunal Diana T Sector Ayacucho","PVONOMBRE":"Salón Comunal Diana T Sector Ayacucho","PVONPUESTO":"59","PVOCODIGO":"160011859"}},{"type":"Feature","id":1955,"geometry":{"type":"Point","coordinates":[-74.154928476999999,4.5873427349999929]},"properties":{"OBJECTID":1955,"LOCCODIGO":"19","LOCNOMBRE":"Ciudad Bolívar","PVODIRECCI":"CLL 59 Sur # 65 - 42","PVONSITIO":"Rogelio Salmona","PVONOMBRE":"Colegio Distrital Rogelio Salmona","PVONPUESTO":"68","PVOCODIGO":"160011968"}},{"type":"Feature","id":1956,"geometry":{"type":"Point","coordinates":[-74.154790660000003,4.5784447670000077]},"properties":{"OBJECTID":1956,"LOCCODIGO":"19","LOCNOMBRE":"Ciudad Bolívar","PVODIRECCI":"TRV 49 # 59 C - 15 Sur","PVONSITIO":"Jardín Infantil Lara Bonilla","PVONOMBRE":"Jardín Infantil Lara Bonilla","PVONPUESTO":"69","PVOCODIGO":"160011969"}},{"type":"Feature","id":1957,"geometry":{"type":"Point","coordinates":[-74.358316995999985,3.8903672380000103]},"properties":{"OBJECTID":1957,"LOCCODIGO":"20","LOCNOMBRE":"Sumapaz","PVODIRECCI":"Centro Poblado Nueva Granada","PVONSITIO":"Nueva Granada","PVONOMBRE":"Salón Comunal Nueva Granada","PVONPUESTO":"6","PVOCODIGO":"160012006"}},{"type":"Feature","id":1958,"geometry":{"type":"Point","coordinates":[-74.058781260999979,4.7500991640000052]},"properties":{"OBJECTID":1958,"LOCCODIGO":"11","LOCNOMBRE":"Suba","PVODIRECCI":"CRA 58 # 167 - 20 /\n AV CRA 58 # 167 - 20","PVONSITIO":"Colegio Vista Bella","PVONOMBRE":"Colegio Vista Bella","PVONPUESTO":"84","PVOCODIGO":"160011184"}},{"type":"Feature","id":1959,"geometry":{"type":"Point","coordinates":[-74.046929831999989,4.7655221310000115]},"properties":{"OBJECTID":1959,"LOCCODIGO":"11","LOCNOMBRE":"Suba","PVODIRECCI":"CLL 187 # 49 - 42","PVONSITIO":"Mirandela - Nueva Zelandia","PVONOMBRE":"Colegio Nueva Zelandia Sede B","PVONPUESTO":"85","PVOCODIGO":"160011185"}},{"type":"Feature","id":1960,"geometry":{"type":"Point","coordinates":[-74.045454990999986,4.7632195260000003]},"properties":{"OBJECTID":1960,"LOCCODIGO":"11","LOCNOMBRE":"Suba","PVODIRECCI":"CLL 185 # 45 - 03","PVONSITIO":"Centro Comercial Santafé","PVONOMBRE":"Centro Comercial Santafé","PVONPUESTO":"86","PVOCODIGO":"160011186"}},{"type":"Feature","id":1961,"geometry":{"type":"Point","coordinates":[-74.064597218000017,4.6878207159999761]},"properties":{"OBJECTID":1961,"LOCCODIGO":"12","LOCNOMBRE":"Barrios Unidos","PVODIRECCI":"TRV 55 # 98 A - 66","PVONSITIO":"ISERRA 100","PVONOMBRE":"Centro Comercial ISERRA 100","PVONPUESTO":"22","PVOCODIGO":"160011222"}},{"type":"Feature","id":1962,"geometry":{"type":"Point","coordinates":[-74.081087614000012,4.6650576270000101]},"properties":{"OBJECTID":1962,"LOCCODIGO":"12","LOCNOMBRE":"Barrios Unidos","PVODIRECCI":"CLL 66 A # 43 - 25 / \nCLL 66 A # 56 - 25 ","PVONSITIO":"San Miguel","PVONOMBRE":"Colegio Distrital Jorge Eliecer Gaitán - Sede A","PVONPUESTO":"23","PVOCODIGO":"160011223"}},{"type":"Feature","id":1963,"geometry":{"type":"Point","coordinates":[-74.085837867000009,4.664194990999988]},"properties":{"OBJECTID":1963,"LOCCODIGO":"12","LOCNOMBRE":"Barrios Unidos","PVODIRECCI":"CRA 60 # 63 A - 52/\nAV CRA 60 # 63 - 64","PVONSITIO":"Plaza de Los Artesanos","PVONOMBRE":"Plaza de Los Artesanos","PVONPUESTO":"24","PVOCODIGO":"160011224"}},{"type":"Feature","id":1964,"geometry":{"type":"Point","coordinates":[-74.074019116999978,4.6872779199999854]},"properties":{"OBJECTID":1964,"LOCCODIGO":"12","LOCNOMBRE":"Barrios Unidos","PVODIRECCI":"AV CRA 68 # 96 - 50 /\nAV CRA 68 # 90 - 88","PVONSITIO":"CAFAM AV 68","PVONOMBRE":"Centro Comercial CAFAM Floresta","PVONPUESTO":"25","PVOCODIGO":"160011225"}},{"type":"Feature","id":1965,"geometry":{"type":"Point","coordinates":[-74.075276438000003,4.6507352279999736]},"properties":{"OBJECTID":1965,"LOCCODIGO":"13","LOCNOMBRE":"Teusaquillo","PVODIRECCI":"CLL 62 # 27 A - 12","PVONSITIO":"Colegio del Pilar","PVONOMBRE":"Colegio Nuestra Señora del Pilar","PVONPUESTO":"26","PVOCODIGO":"160011326"}},{"type":"Feature","id":1966,"geometry":{"type":"Point","coordinates":[-74.071350725999991,4.6367998540000031]},"properties":{"OBJECTID":1966,"LOCCODIGO":"13","LOCNOMBRE":"Teusaquillo","PVODIRECCI":"CRA 19 # 48 - 32","PVONSITIO":"Universidad ECCI - Sede G","PVONOMBRE":"Universidad ECCI - Sede G","PVONPUESTO":"27","PVOCODIGO":"160011327"}},{"type":"Feature","id":1967,"geometry":{"type":"Point","coordinates":[-74.076724821000028,4.6249809970000229]},"properties":{"OBJECTID":1967,"LOCCODIGO":"13","LOCNOMBRE":"Teusaquillo","PVODIRECCI":"AV CRA 28 # 35 - 35","PVONSITIO":"Colegio Santa Clara","PVONOMBRE":"Colegio Santa Clara","PVONPUESTO":"28","PVOCODIGO":"160011328"}},{"type":"Feature","id":1968,"geometry":{"type":"Point","coordinates":[-74.171504196000001,4.170673206999993]},"properties":{"OBJECTID":1968,"LOCCODIGO":"20","LOCNOMBRE":"Sumapaz","PVODIRECCI":"Centro Poblado Corregimiento de Santa Rosa","PVONSITIO":"La YE Santa Rosa","PVONOMBRE":"Colegio Campestre Jaime Garzón Sede Santa Rosa","PVONPUESTO":"5","PVOCODIGO":"160012005"}},{"type":"Feature","id":1969,"geometry":{"type":"Point","coordinates":[-74.024456697999995,4.7269140640000273]},"properties":{"OBJECTID":1969,"LOCCODIGO":"01","LOCNOMBRE":"Usaquén","PVODIRECCI":"CRA 7 # 152 - 54","PVONSITIO":"Centro Comercial Belaire Plaza","PVONOMBRE":"Centro Comercial Belaire Plaza","PVONPUESTO":"47","PVOCODIGO":"160010147"}},{"type":"Feature","id":1970,"geometry":{"type":"Point","coordinates":[-74.029038109999988,4.7152989449999723]},"properties":{"OBJECTID":1970,"LOCCODIGO":"01","LOCNOMBRE":"Usaquén","PVODIRECCI":"CRA 7 # 138 - 33","PVONSITIO":"Centro Comercial Palatino","PVONOMBRE":"Centro Comercial Palatino","PVONPUESTO":"48","PVOCODIGO":"160010148"}},{"type":"Feature","id":1971,"geometry":{"type":"Point","coordinates":[-74.022247682999989,4.7050225290000185]},"properties":{"OBJECTID":1971,"LOCCODIGO":"01","LOCNOMBRE":"Usaquén","PVODIRECCI":"CLL 130 # 1 – 10 Este","PVONSITIO":"Fundación Ana Restrepo del Corral","PVONOMBRE":"Fundación Ana Restrepo del Corral","PVONPUESTO":"49","PVOCODIGO":"160010149"}},{"type":"Feature","id":1972,"geometry":{"type":"Point","coordinates":[-74.049432882000019,4.6645758999999885]},"properties":{"OBJECTID":1972,"LOCCODIGO":"02","LOCNOMBRE":"Chapinero","PVODIRECCI":"CRA 8 # 83 - 29 /\nCRA 8 # 84A - 37","PVONSITIO":"Colegio Liceo de Cervantes El Retiro","PVONOMBRE":"Colegio Liceo de Cervantes El Retiro","PVONPUESTO":"26","PVOCODIGO":"160010226"}},{"type":"Feature","id":1973,"geometry":{"type":"Point","coordinates":[-74.052355270000021,4.6475839700000279]},"properties":{"OBJECTID":1973,"LOCCODIGO":"02","LOCNOMBRE":"Chapinero","PVODIRECCI":"CLL 68 # 0 - 51 Este /\nCLL 68 # 1 - 51 Este","PVONSITIO":"Colegio del Rosario de Santo Domingo","PVONOMBRE":"Colegio del Rosario de Santo Domingo","PVONPUESTO":"27","PVOCODIGO":"160010227"}},{"type":"Feature","id":1974,"geometry":{"type":"Point","coordinates":[-74.053703652000024,4.6749251979999826]},"properties":{"OBJECTID":1974,"LOCCODIGO":"02","LOCNOMBRE":"Chapinero","PVODIRECCI":"CRA 16 # 90 - 06","PVONSITIO":"Parqueadero Chicó CLL 90","PVONOMBRE":"Parqueadero Chicó CLL 90","PVONPUESTO":"28","PVOCODIGO":"160010228"}},{"type":"Feature","id":1975,"geometry":{"type":"Point","coordinates":[-74.067671796000013,4.6196559900000125]},"properties":{"OBJECTID":1975,"LOCCODIGO":"03","LOCNOMBRE":"Santa Fe","PVODIRECCI":"CRA 7 # 32 - 84 / \nCLL 33 # 6B - 95","PVONSITIO":"Centro Comercial San Martín","PVONOMBRE":"Centro Comercial San Martín","PVONPUESTO":"21","PVOCODIGO":"160010321"}},{"type":"Feature","id":1976,"geometry":{"type":"Point","coordinates":[-74.072570229000007,4.6032510219999949]},"properties":{"OBJECTID":1976,"LOCCODIGO":"03","LOCNOMBRE":"Santa Fe","PVODIRECCI":"CRA 7 # 16 -75 \nSede Iberia","PVONSITIO":"Universidad Antonio Nariño Santa Fé","PVONOMBRE":"Universidad Antonio Nariño","PVONPUESTO":"22","PVOCODIGO":"160010322"}},{"type":"Feature","id":1977,"geometry":{"type":"Point","coordinates":[-74.069344823999984,4.606374054000014]},"properties":{"OBJECTID":1977,"LOCCODIGO":"03","LOCNOMBRE":"Santa Fe","PVODIRECCI":"CRA 5 # 21 - 38","PVONSITIO":"Universidad Central","PVONOMBRE":"Universidad Central","PVONPUESTO":"23","PVOCODIGO":"160010323"}},{"type":"Feature","id":1978,"geometry":{"type":"Point","coordinates":[-74.07772638199998,4.5779244299999959]},"properties":{"OBJECTID":1978,"LOCCODIGO":"04","LOCNOMBRE":"San Cristóbal","PVODIRECCI":"CLL 6 B Bis Sur # 5 - 29 Este","PVONSITIO":"Salón Comunal La Roca","PVONOMBRE":"Salón Comunal La Roca","PVONPUESTO":"46","PVOCODIGO":"160010446"}},{"type":"Feature","id":1979,"geometry":{"type":"Point","coordinates":[-74.079428620999977,4.5696590730000253]},"properties":{"OBJECTID":1979,"LOCCODIGO":"04","LOCNOMBRE":"San Cristóbal","PVODIRECCI":"CRA 10 D Este # 17 B - 46 Sur","PVONSITIO":"Las Mercedes II","PVONOMBRE":"Colegio Distrital San Cristóbal Sur - Sede A","PVONPUESTO":"47","PVOCODIGO":"160010447"}},{"type":"Feature","id":1980,"geometry":{"type":"Point","coordinates":[-74.089625970999975,4.5637572510000268]},"properties":{"OBJECTID":1980,"LOCCODIGO":"04","LOCNOMBRE":"San Cristóbal","PVODIRECCI":"CLL 28 Sur # 1 A - 37 Este","PVONSITIO":"Montebello Sede B","PVONOMBRE":"Colegio Distrital Montebello Sede B","PVONPUESTO":"48","PVOCODIGO":"160010448"}},{"type":"Feature","id":1981,"geometry":{"type":"Point","coordinates":[-74.09524105700001,4.551325329000008]},"properties":{"OBJECTID":1981,"LOCCODIGO":"04","LOCNOMBRE":"San Cristóbal","PVODIRECCI":"CLL 40 A Sur # 2 - 56 Este","PVONSITIO":"El Rodeo Sede A","PVONOMBRE":"Colegio Distrital El Rodeo Sede A","PVONPUESTO":"49","PVOCODIGO":"160010449"}},{"type":"Feature","id":1982,"geometry":{"type":"Point","coordinates":[-74.081289680999987,4.5430215459999772]},"properties":{"OBJECTID":1982,"LOCCODIGO":"04","LOCNOMBRE":"San Cristóbal","PVODIRECCI":"CRA 16 A Este # 42 C - 80 Sur","PVONSITIO":"Moralba","PVONOMBRE":"Colegio Distrital Moralba Sede A","PVONPUESTO":"50","PVOCODIGO":"160010450"}},{"type":"Feature","id":1983,"geometry":{"type":"Point","coordinates":[-74.087164310999981,4.5281640520000224]},"properties":{"OBJECTID":1983,"LOCCODIGO":"04","LOCNOMBRE":"San Cristóbal","PVODIRECCI":"CLL 62 A Sur # 14 I - 33 Este","PVONSITIO":"Nueva Delhi","PVONOMBRE":"Colegio Distrital Nueva Delhi","PVONPUESTO":"51","PVOCODIGO":"160010451"}},{"type":"Feature","id":1984,"geometry":{"type":"Point","coordinates":[-74.088328000999979,4.5615538050000168]},"properties":{"OBJECTID":1984,"LOCCODIGO":"04","LOCNOMBRE":"San Cristóbal","PVODIRECCI":"CRA 5 Este # 29 A - 25 Sur","PVONSITIO":"Tomás Rueda Vargas Sede B","PVONOMBRE":"Colegio Distrital Tomás Rueda Vargas Sede B","PVONPUESTO":"52","PVOCODIGO":"160010452"}},{"type":"Feature","id":1985,"geometry":{"type":"Point","coordinates":[-74.097639581999999,4.547742927999991]},"properties":{"OBJECTID":1985,"LOCCODIGO":"04","LOCNOMBRE":"San Cristóbal","PVODIRECCI":"CRA 1 D Este # 43 B - 28 Sur","PVONSITIO":"Entre Nubes Sede A","PVONOMBRE":"Colegio Distrital Entre Nubes Sur  Oriental Sede A - Anibal Fernández de Soto","PVONPUESTO":"53","PVOCODIGO":"160010453"}},{"type":"Feature","id":1986,"geometry":{"type":"Point","coordinates":[-74.118284802000005,4.5204746169999908]},"properties":{"OBJECTID":1986,"LOCCODIGO":"05","LOCNOMBRE":"Usme","PVODIRECCI":"CLL 71 D Sur # 14 - 64","PVONSITIO":"Jardín Infantil la Fortaleza del Oso","PVONOMBRE":"Jardín Infantil la Fortaleza del Oso","PVONPUESTO":"39","PVOCODIGO":"160010539"}},{"type":"Feature","id":1987,"geometry":{"type":"Point","coordinates":[-74.105250000000012,4.4775900000000206]},"properties":{"OBJECTID":1987,"LOCCODIGO":"05","LOCNOMBRE":"Usme","PVODIRECCI":"Vereda el Uval Km. 8 Autopista al Llano","PVONSITIO":"Colegio Rural El Uval","PVONOMBRE":"Colegio Distrital Rural El Uval","PVONPUESTO":"40","PVOCODIGO":"160010540"}},{"type":"Feature","id":1988,"geometry":{"type":"Point","coordinates":[-74.098650087999999,4.5110115520000136]},"properties":{"OBJECTID":1988,"LOCCODIGO":"05","LOCNOMBRE":"Usme","PVODIRECCI":"CLL 79 Sur # 10 - 50 Este","PVONSITIO":"Bolonia","PVONOMBRE":"Jardín Infantil Entre Nubes","PVONPUESTO":"41","PVOCODIGO":"160010541"}},{"type":"Feature","id":1989,"geometry":{"type":"Point","coordinates":[-74.137044362999973,4.5665953810000133]},"properties":{"OBJECTID":1989,"LOCCODIGO":"06","LOCNOMBRE":"Tunjuelito","PVODIRECCI":"CLL 58 # 19 B - 67 Sur / \nCLL 58 # 19 B - 63 Sur","PVONSITIO":"San Benito Abad ","PVONOMBRE":"Colegio Distrital San Benito Abad","PVONPUESTO":"27","PVOCODIGO":"160010627"}},{"type":"Feature","id":1990,"geometry":{"type":"Point","coordinates":[-74.14024999999998,4.5774599999999737]},"properties":{"OBJECTID":1990,"LOCCODIGO":"06","LOCNOMBRE":"Tunjuelito","PVODIRECCI":"CRA 25 # 55 A - 18 Sur / \nCRA 27 # 55 A - 18 Sur","PVONSITIO":"Ciudad de Bogotá Sede B","PVONOMBRE":"Colegio Distrital Ciudad de Bogotá Sede B","PVONPUESTO":"28","PVOCODIGO":"160010628"}},{"type":"Feature","id":1991,"geometry":{"type":"Point","coordinates":[-74.130126834000009,4.5664477639999745]},"properties":{"OBJECTID":1991,"LOCCODIGO":"06","LOCNOMBRE":"Tunjuelito","PVODIRECCI":"CRA 18 A # 53 - 54 Sur","PVONSITIO":"Parroquial San Carlos","PVONOMBRE":"Colegio Privado Parroquial San Carlos","PVONPUESTO":"29","PVOCODIGO":"160010629"}},{"type":"Feature","id":1992,"geometry":{"type":"Point","coordinates":[-74.131701696999983,4.5828394609999918]},"properties":{"OBJECTID":1992,"LOCCODIGO":"06","LOCNOMBRE":"Tunjuelito","PVODIRECCI":"CRA 28 # 48 A - 17 Sur","PVONSITIO":"Jardín Infantil Carmen Sur","PVONOMBRE":"Jardín Infantil Carmen Sur","PVONPUESTO":"30","PVOCODIGO":"160010630"}},{"type":"Feature","id":1993,"geometry":{"type":"Point","coordinates":[-74.142227832000003,4.586822288999997]},"properties":{"OBJECTID":1993,"LOCCODIGO":"06","LOCNOMBRE":"Tunjuelito","PVODIRECCI":"CLL 54 Sur # 37 A - 37","PVONSITIO":"Instituto Técnico Piloto Sede C","PVONOMBRE":"Colegio Distrital Instituto Técnico Piloto Sede C","PVONPUESTO":"31","PVOCODIGO":"160010631"}},{"type":"Feature","id":1994,"geometry":{"type":"Point","coordinates":[-74.193314342999997,4.6216910329999905]},"properties":{"OBJECTID":1994,"LOCCODIGO":"07","LOCNOMBRE":"Bosa","PVODIRECCI":"CRA 87 C # 67 - 18 Sur","PVONSITIO":"La Concepción","PVONOMBRE":"Colegio Distrital La Concepción Sede C ","PVONPUESTO":"63","PVOCODIGO":"160010763"}},{"type":"Feature","id":1995,"geometry":{"type":"Point","coordinates":[-74.200772829000016,4.6251494289999755]},"properties":{"OBJECTID":1995,"LOCCODIGO":"07","LOCNOMBRE":"Bosa","PVODIRECCI":"CRA 89 Bis A # 72 A - 13 Sur","PVONSITIO":"Villas del Progreso","PVONOMBRE":"Colegio Distrital Villas del Progreso","PVONPUESTO":"64","PVOCODIGO":"160010764"}},{"type":"Feature","id":1996,"geometry":{"type":"Point","coordinates":[-74.198149274000002,4.6223392609999792]},"properties":{"OBJECTID":1996,"LOCCODIGO":"07","LOCNOMBRE":"Bosa","PVODIRECCI":"CLL 71 Sur # 87N-15\u00A0/\nCLL 71 Sur # 87N - 21","PVONSITIO":"Liceo López Osorio","PVONOMBRE":"Colegio Privado Liceo Cultural López Osorio","PVONPUESTO":"65","PVOCODIGO":"160010765"}},{"type":"Feature","id":1997,"geometry":{"type":"Point","coordinates":[-74.186094092000019,4.6432213169999841]},"properties":{"OBJECTID":1997,"LOCCODIGO":"07","LOCNOMBRE":"Bosa","PVODIRECCI":"CLL 50 Sur # 98 B - 70","PVONSITIO":"Soledad Acosta de Samper","PVONOMBRE":"Colegio Distrital Soledad Acosta de Samper","PVONPUESTO":"66","PVOCODIGO":"160010766"}},{"type":"Feature","id":1998,"geometry":{"type":"Point","coordinates":[-74.182367632000023,4.6137363139999934]},"properties":{"OBJECTID":1998,"LOCCODIGO":"07","LOCNOMBRE":"Bosa","PVODIRECCI":"CRA 81 A # 58 J - 45 Sur","PVONSITIO":"Clarelandia","PVONOMBRE":"Colegio Distrital La Bici","PVONPUESTO":"67","PVOCODIGO":"160010767"}},{"type":"Feature","id":1999,"geometry":{"type":"Point","coordinates":[-74.150734409999984,4.6086529259999907]},"properties":{"OBJECTID":1999,"LOCCODIGO":"08","LOCNOMBRE":"Kennedy","PVODIRECCI":"CRA 72 M # 40 F - 18 Sur","PVONSITIO":"Colegio Cooperativo Timiza","PVONOMBRE":"Colegio Privado Cooperativo de Timiza","PVONPUESTO":"94","PVOCODIGO":"160010894"}},{"type":"Feature","id":2000,"geometry":{"type":"Point","coordinates":[-74.127722129000006,4.6204785479999941]},"properties":{"OBJECTID":2000,"LOCCODIGO":"08","LOCNOMBRE":"Kennedy","PVODIRECCI":"CLL 2 # 68 B - 08 Sur / \nCLL 2 # 68 B - 82 Sur","PVONSITIO":"Floresta Sur Sede B","PVONOMBRE":"Colegio Distrital La Floresta Sur Sede B","PVONPUESTO":"95","PVOCODIGO":"160010895"}},{"type":"Feature","id":2001,"geometry":{"type":"Point","coordinates":[-74.13534321100002,4.6078003669999816]},"properties":{"OBJECTID":2001,"LOCCODIGO":"08","LOCNOMBRE":"Kennedy","PVODIRECCI":"TRV 68 G # 35 A - 42 Sur","PVONSITIO":"Carlos Arango Vélez Sede A","PVONOMBRE":"Colegio Distrital Carlos Arango Vélez Sede A","PVONPUESTO":"96","PVOCODIGO":"160010896"}},{"type":"Feature","id":2002,"geometry":{"type":"Point","coordinates":[-74.133550408000019,4.6817147439999758]},"properties":{"OBJECTID":2002,"LOCCODIGO":"09","LOCNOMBRE":"Fontibon","PVODIRECCI":"CRA 100 # 24 - 60 ","PVONSITIO":"San José","PVONOMBRE":"Colegio Privado Parroquial San José ","PVONPUESTO":"39","PVOCODIGO":"160010939"}},{"type":"Feature","id":2003,"geometry":{"type":"Point","coordinates":[-74.132523317999983,4.6832486440000025]},"properties":{"OBJECTID":2003,"LOCCODIGO":"09","LOCNOMBRE":"Fontibon","PVODIRECCI":"CRA 100 # 24 D - 65","PVONSITIO":"El Jardín","PVONOMBRE":"Salón Comunal San José - El Jardín","PVONPUESTO":"40","PVOCODIGO":"160010940"}},{"type":"Feature","id":2004,"geometry":{"type":"Point","coordinates":[-74.166635417000009,4.6954022560000226]},"properties":{"OBJECTID":2004,"LOCCODIGO":"09","LOCNOMBRE":"Fontibon","PVODIRECCI":"CLL 17 C # 134 - 70 Manzana 1 ","PVONSITIO":"Villa Andrea","PVONOMBRE":"Jardín Infantil Villa Andrea","PVONPUESTO":"41","PVOCODIGO":"160010941"}},{"type":"Feature","id":2005,"geometry":{"type":"Point","coordinates":[-74.102306001999978,4.6960397700000271]},"properties":{"OBJECTID":2005,"LOCCODIGO":"10","LOCNOMBRE":"Engativá","PVODIRECCI":"CRA 83 # 73 A - 80 / \nCLL 74 # 82 - 37","PVONSITIO":"Soledad Norte ","PVONOMBRE":"Colegio Distrital San José Norte Sede B","PVONPUESTO":"70","PVOCODIGO":"160011070"}},{"type":"Feature","id":2006,"geometry":{"type":"Point","coordinates":[-74.099042236999992,4.7090179510000212]},"properties":{"OBJECTID":2006,"LOCCODIGO":"10","LOCNOMBRE":"Engativá","PVODIRECCI":"CRA 89 A # 86 - 38","PVONSITIO":"Sidauto ","PVONOMBRE":"Colegio Distrital Jorge Gaitán Sede A","PVONPUESTO":"71","PVOCODIGO":"160011071"}},{"type":"Feature","id":2007,"geometry":{"type":"Point","coordinates":[-74.097884141000009,4.7048057920000019]},"properties":{"OBJECTID":2007,"LOCCODIGO":"10","LOCNOMBRE":"Engativá","PVODIRECCI":"CRA 84 # 83 - 71","PVONSITIO":"Paris Gaitán","PVONOMBRE":"Colegio Distrital Jorge Gaitán Sede B","PVONPUESTO":"72","PVOCODIGO":"160011072"}},{"type":"Feature","id":2008,"geometry":{"type":"Point","coordinates":[-74.093552996000028,4.6971596430000204]},"properties":{"OBJECTID":2008,"LOCCODIGO":"10","LOCNOMBRE":"Engativá","PVODIRECCI":"CRA 76 # 79 - 40","PVONSITIO":"La Palestina","PVONOMBRE":"Colegio Distrital La Palestina Sede A - Centro de Estudios del Niño","PVONPUESTO":"73","PVOCODIGO":"160011073"}},{"type":"Feature","id":2009,"geometry":{"type":"Point","coordinates":[-74.107358127999987,4.681729464]},"properties":{"OBJECTID":2009,"LOCCODIGO":"10","LOCNOMBRE":"Engativá","PVODIRECCI":"CRA 77 A # 64 B - 03","PVONSITIO":"El Encanto","PVONOMBRE":"Salón Comunal de Villaluz","PVONPUESTO":"74","PVOCODIGO":"160011074"}},{"type":"Feature","id":2010,"geometry":{"type":"Point","coordinates":[-74.104344473000026,4.683140160999983]},"properties":{"OBJECTID":2010,"LOCCODIGO":"10","LOCNOMBRE":"Engativá","PVODIRECCI":"CLL 65 A # 76 - 53","PVONSITIO":"El Real","PVONOMBRE":"Colegio Distrital Robert Kennedy Sede B","PVONPUESTO":"75","PVOCODIGO":"160011075"}},{"type":"Feature","id":2011,"geometry":{"type":"Point","coordinates":[-74.125176388,4.710606313000028]},"properties":{"OBJECTID":2011,"LOCCODIGO":"10","LOCNOMBRE":"Engativá","PVODIRECCI":"AV CLL 72 # 110 - 13","PVONSITIO":"Salón Comunal Protecho Villa Amalia","PVONOMBRE":"Salón Comunal Protecho Villa Amalia","PVONPUESTO":"76","PVOCODIGO":"160011076"}},{"type":"Feature","id":2012,"geometry":{"type":"Point","coordinates":[-74.099065235000012,4.7080329570000004]},"properties":{"OBJECTID":2012,"LOCCODIGO":"10","LOCNOMBRE":"Engativá","PVODIRECCI":"CRA 87 A # 84 A - 81","PVONSITIO":"Colegio Lestonac","PVONOMBRE":"Colegio Privado Centro Lestonac Compañía de María","PVONPUESTO":"77","PVOCODIGO":"160011077"}},{"type":"Feature","id":2013,"geometry":{"type":"Point","coordinates":[-74.118972489999976,4.7081992849999779]},"properties":{"OBJECTID":2013,"LOCCODIGO":"10","LOCNOMBRE":"Engativá","PVODIRECCI":"CRA 105 A # 74 A - 15","PVONSITIO":"Comunidad Colegio Fe y Alegría","PVONOMBRE":"Colegio Distrital Fe y Alegría","PVONPUESTO":"78","PVOCODIGO":"160011078"}},{"type":"Feature","id":2014,"geometry":{"type":"Point","coordinates":[-74.106059578999975,4.6969193310000037]},"properties":{"OBJECTID":2014,"LOCCODIGO":"10","LOCNOMBRE":"Engativá","PVODIRECCI":"CLL 72 A # 86 - 49 Parqueadero","PVONSITIO":"Centro Comercial Punto 72","PVONOMBRE":"Centro Comercial Punto 72","PVONPUESTO":"79","PVOCODIGO":"160011079"}},{"type":"Feature","id":2015,"geometry":{"type":"Point","coordinates":[-74.096911794999983,4.7107497029999763]},"properties":{"OBJECTID":2015,"LOCCODIGO":"10","LOCNOMBRE":"Engativá","PVODIRECCI":"CLL 89 # 87 A - 50","PVONSITIO":"Uniminuto Escuela de Convenciones","PVONOMBRE":"Universidad Minuto de Dios","PVONPUESTO":"80","PVOCODIGO":"160011080"}},{"type":"Feature","id":2016,"geometry":{"type":"Point","coordinates":[-74.110020099999986,4.7133941120000031]},"properties":{"OBJECTID":2016,"LOCCODIGO":"10","LOCNOMBRE":"Engativá","PVODIRECCI":"CLL 82 # 100 A - 91","PVONSITIO":"Parque San Andrés ","PVONOMBRE":"Coliseo Parque San Andrés","PVONPUESTO":"81","PVOCODIGO":"160011081"}},{"type":"Feature","id":2017,"geometry":{"type":"Point","coordinates":[-74.104742964000025,4.7418086389999985]},"properties":{"OBJECTID":2017,"LOCCODIGO":"11","LOCNOMBRE":"Suba","PVODIRECCI":"CRA 118 # 136 -14","PVONSITIO":"Tibabuyes Universal Sede B - IED","PVONOMBRE":"Colegio Distrital Tibabuyes Universal Sede B","PVONPUESTO":"87","PVOCODIGO":"160011187"}},{"type":"Feature","id":2018,"geometry":{"type":"Point","coordinates":[-74.113444467000022,4.7435278059999746]},"properties":{"OBJECTID":2018,"LOCCODIGO":"11","LOCNOMBRE":"Suba","PVODIRECCI":"CLL 132 D Bis # 132 - 05","PVONSITIO":"La Toscana Lisboa Sede A - IED","PVONOMBRE":"Colegio Distrital La Toscana Lisboa","PVONPUESTO":"88","PVOCODIGO":"160011188"}},{"type":"Feature","id":2019,"geometry":{"type":"Point","coordinates":[-74.085557591999986,4.7376559350000207]},"properties":{"OBJECTID":2019,"LOCCODIGO":"11","LOCNOMBRE":"Suba","PVODIRECCI":"CLL 145 # 91 - 19","PVONSITIO":"Centro Comercial Centro Suba ","PVONOMBRE":"Centro Comercial Centro Suba ","PVONPUESTO":"89","PVOCODIGO":"160011189"}},{"type":"Feature","id":2020,"geometry":{"type":"Point","coordinates":[-74.093375701000014,4.7352619650000065]},"properties":{"OBJECTID":2020,"LOCCODIGO":"11","LOCNOMBRE":"Suba","PVODIRECCI":"CLL 133 # 98 B -24","PVONSITIO":"Alvaro Gomez Hurtado Sede B - IED","PVONOMBRE":"Colegio Distrital Álvaro Gómez Hurtado Sede B","PVONPUESTO":"90","PVOCODIGO":"160011190"}},{"type":"Feature","id":2021,"geometry":{"type":"Point","coordinates":[-74.086672980000003,4.7534957220000251]},"properties":{"OBJECTID":2021,"LOCCODIGO":"11","LOCNOMBRE":"Suba","PVODIRECCI":"CRA 99 # 154 - 26","PVONSITIO":"Juan Lozano y Lozano Sede B - IED","PVONOMBRE":"Colegio Distrital Juan Lozano y Lozano Sede B","PVONPUESTO":"91","PVOCODIGO":"160011191"}},{"type":"Feature","id":2022,"geometry":{"type":"Point","coordinates":[-74.106698343000005,4.7397180319999848]},"properties":{"OBJECTID":2022,"LOCCODIGO":"11","LOCNOMBRE":"Suba","PVODIRECCI":"CLL 132 D # 123 B - 65 / \nCRA 124 # 132B - 02","PVONSITIO":"La Gaitana Sede B - IED","PVONOMBRE":"Colegio Distrital La Gaitana Sede B","PVONPUESTO":"92","PVOCODIGO":"160011192"}},{"type":"Feature","id":2023,"geometry":{"type":"Point","coordinates":[-74.111989058000006,4.7393033910000213]},"properties":{"OBJECTID":2023,"LOCCODIGO":"11","LOCNOMBRE":"Suba","PVODIRECCI":"CLL 131 C # 126 - 48","PVONSITIO":"Colegio Elisa Mujica Velasquez","PVONOMBRE":"Colegio Elisa Mujica Velasquez","PVONPUESTO":"93","PVOCODIGO":"160011193"}},{"type":"Feature","id":2024,"geometry":{"type":"Point","coordinates":[-74.107775790000005,4.7349033219999797]},"properties":{"OBJECTID":2024,"LOCCODIGO":"11","LOCNOMBRE":"Suba","PVODIRECCI":"CRA 123 # 129 D - 22 / \nCRA 123 # 129 D - 55","PVONSITIO":"República Dominicana Sede B - IED","PVONOMBRE":"Colegio Distrital República Dominicana Sede B","PVONPUESTO":"94","PVOCODIGO":"160011194"}},{"type":"Feature","id":2025,"geometry":{"type":"Point","coordinates":[-74.095522270999993,4.7486989060000155]},"properties":{"OBJECTID":2025,"LOCCODIGO":"11","LOCNOMBRE":"Suba","PVODIRECCI":"CRA 104 # 148 - 07","PVONSITIO":"Centro Comercial Plaza Imperial","PVONOMBRE":"Centro Comercial Plaza Imperial","PVONPUESTO":"95","PVOCODIGO":"160011195"}},{"type":"Feature","id":2026,"geometry":{"type":"Point","coordinates":[-74.099801732000003,4.7458336799999756]},"properties":{"OBJECTID":2026,"LOCCODIGO":"11","LOCNOMBRE":"Suba","PVODIRECCI":"CRA 109 B # 141 A - 36 / \nCRA 109 B # 141 A 56","PVONSITIO":"Salón Comunal El Solar","PVONOMBRE":"Salón Comunal El Solar 1","PVONPUESTO":"96","PVOCODIGO":"160011196"}},{"type":"Feature","id":2027,"geometry":{"type":"Point","coordinates":[-74.117934397999989,4.7463554089999889]},"properties":{"OBJECTID":2027,"LOCCODIGO":"11","LOCNOMBRE":"Suba","PVODIRECCI":"CLL 137 # 145 B - 12","PVONSITIO":"Salón Comunal San Pedro de Tibabuyes","PVONOMBRE":"Salón Comunal San Pedro de Tibabuyes","PVONPUESTO":"97","PVOCODIGO":"160011197"}},{"type":"Feature","id":2028,"geometry":{"type":"Point","coordinates":[-74.079839296999978,4.6725178809999761]},"properties":{"OBJECTID":2028,"LOCCODIGO":"12","LOCNOMBRE":"Barrios Unidos","PVODIRECCI":"AV CLL 72 # 58 - 75","PVONSITIO":"Jorge Eliecer Gaitán Sede B Primaria","PVONOMBRE":"Colegio Distrital Jorge Eliecer Gaitán - Sede B","PVONPUESTO":"26","PVOCODIGO":"160011226"}},{"type":"Feature","id":2029,"geometry":{"type":"Point","coordinates":[-74.076579530999993,4.6764087619999941]},"properties":{"OBJECTID":2029,"LOCCODIGO":"12","LOCNOMBRE":"Barrios Unidos","PVODIRECCI":"CLL 78 # 58 - 60","PVONSITIO":"República de Panamá Sede C","PVONOMBRE":"Colegio Distrital República de Panamá - Sede C","PVONPUESTO":"27","PVOCODIGO":"160011227"}},{"type":"Feature","id":2030,"geometry":{"type":"Point","coordinates":[-74.071961116000011,4.6726401820000092]},"properties":{"OBJECTID":2030,"LOCCODIGO":"12","LOCNOMBRE":"Barrios Unidos","PVODIRECCI":"CRA 52 # 76 - 63","PVONSITIO":"Lorencita Villegas de Santos","PVONOMBRE":"Colegio Distrital Lorencita Villegas de Santos","PVONPUESTO":"28","PVOCODIGO":"160011228"}},{"type":"Feature","id":2031,"geometry":{"type":"Point","coordinates":[-74.065667029999986,4.6531235159999937]},"properties":{"OBJECTID":2031,"LOCCODIGO":"12","LOCNOMBRE":"Barrios Unidos","PVODIRECCI":"CLL 65 A # 15 - 64 / \nCLL 65 A # 15A - 02","PVONSITIO":"Heladia Mejía Sede A","PVONOMBRE":"Colegio Distrital Heladía Mejía Sede A","PVONPUESTO":"29","PVOCODIGO":"160011229"}},{"type":"Feature","id":2032,"geometry":{"type":"Point","coordinates":[-74.06668701000001,4.6805268260000048]},"properties":{"OBJECTID":2032,"LOCCODIGO":"12","LOCNOMBRE":"Barrios Unidos","PVODIRECCI":"CLL 91 A # 60 - 01","PVONSITIO":"Domingo Faustino Sarmiento Sede B","PVONOMBRE":"Colegio Distrital Domingo Faustino Sarmiento Sede B","PVONPUESTO":"30","PVOCODIGO":"160011230"}},{"type":"Feature","id":2033,"geometry":{"type":"Point","coordinates":[-74.069143138000015,4.6685026970000081]},"properties":{"OBJECTID":2033,"LOCCODIGO":"12","LOCNOMBRE":"Barrios Unidos","PVODIRECCI":"CRA 28 B #75 - 11 ","PVONSITIO":"11 de Noviembre","PVONOMBRE":"Jardín Infantil Santa Sofía","PVONPUESTO":"31","PVOCODIGO":"160011231"}},{"type":"Feature","id":2034,"geometry":{"type":"Point","coordinates":[-74.078428970000004,4.6361367790000259]},"properties":{"OBJECTID":2034,"LOCCODIGO":"13","LOCNOMBRE":"Teusaquillo","PVODIRECCI":"CLL 46 # 28 - 30","PVONSITIO":"Círculo Colombiano de Artistas","PVONOMBRE":"Teatro Bernardo Romero Lozano","PVONPUESTO":"29","PVOCODIGO":"160011329"}},{"type":"Feature","id":2035,"geometry":{"type":"Point","coordinates":[-74.089865276000012,4.6394931930000212]},"properties":{"OBJECTID":2035,"LOCCODIGO":"13","LOCNOMBRE":"Teusaquillo","PVODIRECCI":"CRA 45 # 26 - 85","PVONSITIO":"Universidad Nacional Aud Alfonso López","PVONOMBRE":"Universidad Nacional - Auditorio Alfonso López Pumarejo","PVONPUESTO":"30","PVOCODIGO":"160011330"}},{"type":"Feature","id":2036,"geometry":{"type":"Point","coordinates":[-74.081505773000004,4.625532340999996]},"properties":{"OBJECTID":2036,"LOCCODIGO":"13","LOCNOMBRE":"Teusaquillo","PVODIRECCI":"CRA 30 # 25 - 90","PVONSITIO":"Supercade CAD","PVONOMBRE":"Sistema Distrital de Servicio a la Ciudadanía - Supercade CAD","PVONPUESTO":"31","PVOCODIGO":"160011331"}},{"type":"Feature","id":2037,"geometry":{"type":"Point","coordinates":[-74.086552609000023,4.6192269680000209]},"properties":{"OBJECTID":2037,"LOCCODIGO":"14","LOCNOMBRE":"Mártires","PVODIRECCI":"AV NQS con 19 /\nCRA 30 20 54 ","PVONSITIO":"Mallplaza","PVONOMBRE":"Centro Comercial Mallplaza","PVONPUESTO":"18","PVOCODIGO":"160011418"}},{"type":"Feature","id":2038,"geometry":{"type":"Point","coordinates":[-74.090248120000012,4.5902757729999735]},"properties":{"OBJECTID":2038,"LOCCODIGO":"15","LOCNOMBRE":"Antonio Nariño","PVODIRECCI":"CLL 2 Sur # 13 A - 16","PVONSITIO":"Salón Comunal Sevilla Sur","PVONOMBRE":"Salón Comunal Sevilla Sur","PVONPUESTO":"20","PVOCODIGO":"160011520"}},{"type":"Feature","id":2039,"geometry":{"type":"Point","coordinates":[-74.108401596000022,4.6326062109999953]},"properties":{"OBJECTID":2039,"LOCCODIGO":"16","LOCNOMBRE":"Puente Aranda","PVODIRECCI":"CRA 56 # 17 - 11","PVONSITIO":"José Joaquín Casas Sede B","PVONOMBRE":"Colegio Distrital José Joaquín Casas Sede B","PVONPUESTO":"43","PVOCODIGO":"160011643"}},{"type":"Feature","id":2040,"geometry":{"type":"Point","coordinates":[-74.093034021999983,4.6218060780000201]},"properties":{"OBJECTID":2040,"LOCCODIGO":"16","LOCNOMBRE":"Puente Aranda","PVODIRECCI":"CLL 18 # 35 - 25","PVONSITIO":"Centro Educativo Distrital España","PVONOMBRE":"Colegio Distrital Centro Educativo España","PVONPUESTO":"44","PVOCODIGO":"160011644"}},{"type":"Feature","id":2041,"geometry":{"type":"Point","coordinates":[-74.103383912000027,4.5805590620000203]},"properties":{"OBJECTID":2041,"LOCCODIGO":"18","LOCNOMBRE":"Rafael Uribe Uribe","PVODIRECCI":"AV CRA 14 # 23 - 24 Sur /\nCRA 14 # 22A - 24 Sur","PVONSITIO":"Liceo Femenino Mercedes Nariño","PVONOMBRE":"Colegio Distrital Liceo Femenino Mercedes Nariño","PVONPUESTO":"53","PVOCODIGO":"160011853"}},{"type":"Feature","id":2042,"geometry":{"type":"Point","coordinates":[-74.112256290000005,4.5473533680000173]},"properties":{"OBJECTID":2042,"LOCCODIGO":"18","LOCNOMBRE":"Rafael Uribe Uribe","PVODIRECCI":"CLL 49 A Sur # 5 A - 37","PVONSITIO":"Colegio Toribio de Mogrovejo","PVONOMBRE":"Colegio Distrital Toribio de Mogrovejo","PVONPUESTO":"54","PVOCODIGO":"160011854"}},{"type":"Feature","id":2043,"geometry":{"type":"Point","coordinates":[-74.111978775000011,4.5731644830000278]},"properties":{"OBJECTID":2043,"LOCCODIGO":"18","LOCNOMBRE":"Rafael Uribe Uribe","PVODIRECCI":"CRA 13 A # 32 A - 36 Sur / \nCRA 13 A # 32 A - 96 Sur","PVONSITIO":"Colegio José Marti  Luis López de Mesa","PVONOMBRE":"Colegio Distrital José Marti Sede A -  Luis López de Mesa","PVONPUESTO":"55","PVOCODIGO":"160011855"}},{"type":"Feature","id":2044,"geometry":{"type":"Point","coordinates":[-74.120877870000015,4.5793017049999776]},"properties":{"OBJECTID":2044,"LOCCODIGO":"18","LOCNOMBRE":"Rafael Uribe Uribe","PVODIRECCI":"CLL 40 Sur # 23 - 25","PVONSITIO":"Colegio  Restrepo Millán Sede A","PVONOMBRE":"Colegio Distrital  Restrepo Millán Sede A","PVONPUESTO":"56","PVOCODIGO":"160011856"}},{"type":"Feature","id":2045,"geometry":{"type":"Point","coordinates":[-74.150934953999979,4.5729828400000088]},"properties":{"OBJECTID":2045,"LOCCODIGO":"19","LOCNOMBRE":"Ciudad Bolívar","PVODIRECCI":"CRA 38 # 59 B - 43 Sur / \nCL 59B Bis Sur # 38 - 05","PVONSITIO":"Casa de la Cultura Ciudad Bolívar","PVONOMBRE":"Casa de la Cultura Ciudad Bolívar","PVONPUESTO":"66","PVOCODIGO":"160011966"}},{"type":"Feature","id":2046,"geometry":{"type":"Point","coordinates":[-74.151356657000008,4.574008096]},"properties":{"OBJECTID":2046,"LOCCODIGO":"19","LOCNOMBRE":"Ciudad Bolívar","PVODIRECCI":"CLL 59 A Sur # 42 - 20","PVONSITIO":"Arborizadora Baja Salón Comunal","PVONOMBRE":"Salón Comunal Arborizadora Baja","PVONPUESTO":"61","PVOCODIGO":"160011961"}},{"type":"Feature","id":2047,"geometry":{"type":"Point","coordinates":[-74.051219141999979,4.6929043150000211]},"properties":{"OBJECTID":2047,"LOCCODIGO":"01","LOCNOMBRE":"Usaquén","PVODIRECCI":"CLL 106 # 19 - 18","PVONSITIO":"Universidad de America Sede Posgrados","PVONOMBRE":"Universidad de America Sede Posgrados","PVONPUESTO":"58","PVOCODIGO":"160010158"}},{"type":"Feature","id":2048,"geometry":{"type":"Point","coordinates":[-74.032132586999978,4.7243841719999864]},"properties":{"OBJECTID":2048,"LOCCODIGO":"01","LOCNOMBRE":"Usaquén","PVODIRECCI":"AV CRA 9 # 146 - 40","PVONSITIO":"Colegio Usaquén Sede B","PVONOMBRE":"Colegio Usaquén Sede B","PVONPUESTO":"59","PVOCODIGO":"160010159"}},{"type":"Feature","id":2049,"geometry":{"type":"Point","coordinates":[-74.043926404999979,4.7351461069999914]},"properties":{"OBJECTID":2049,"LOCCODIGO":"01","LOCNOMBRE":"Usaquén","PVODIRECCI":"AV CRA 19 # 152 A - 48","PVONSITIO":"Colegio Anglo Colombiano","PVONOMBRE":"Colegio Anglo Colombiano","PVONPUESTO":"60","PVOCODIGO":"160010160"}},{"type":"Feature","id":2050,"geometry":{"type":"Point","coordinates":[-74.03846603300002,4.749559755000007]},"properties":{"OBJECTID":2050,"LOCCODIGO":"01","LOCNOMBRE":"Usaquén","PVODIRECCI":"CLL 170 # 15 - 68","PVONSITIO":"The English School","PVONOMBRE":"The English School","PVONPUESTO":"61","PVOCODIGO":"160010161"}},{"type":"Feature","id":2051,"geometry":{"type":"Point","coordinates":[-74.027205376999973,4.7472734259999925]},"properties":{"OBJECTID":2051,"LOCCODIGO":"01","LOCNOMBRE":"Usaquén","PVODIRECCI":"CLL 170 # 8 - 41","PVONSITIO":"Unisanitas 170","PVONOMBRE":"Unisanitas 170","PVONPUESTO":"62","PVOCODIGO":"160010162"}},{"type":"Feature","id":2052,"geometry":{"type":"Point","coordinates":[-74.052707838999993,4.6654618420000133]},"properties":{"OBJECTID":2052,"LOCCODIGO":"02","LOCNOMBRE":"Chapinero","PVODIRECCI":"CLL 82 # 10 - 69","PVONSITIO":"Centro Felicidad Chapinero","PVONOMBRE":"Centro Felicidad Chapinero","PVONPUESTO":"32","PVOCODIGO":"160010232"}},{"type":"Feature","id":2053,"geometry":{"type":"Point","coordinates":[-74.018145905999972,4.6679895699999747]},"properties":{"OBJECTID":2053,"LOCCODIGO":"02","LOCNOMBRE":"Chapinero","PVODIRECCI":"CRA 12A Este # 97 - 61","PVONSITIO":"Salón Comunal San Isidro","PVONOMBRE":"Salón Comunal San Isidro","PVONPUESTO":"33","PVOCODIGO":"160010233"}},{"type":"Feature","id":2054,"geometry":{"type":"Point","coordinates":[-74.058840569999973,4.6681737960000191]},"properties":{"OBJECTID":2054,"LOCCODIGO":"02","LOCNOMBRE":"Chapinero","PVODIRECCI":"CRA 19 # 80 - 56 Torre 5","PVONSITIO":"Universidad San Martín","PVONOMBRE":"Universidad San Martín","PVONPUESTO":"34","PVOCODIGO":"160010234"}},{"type":"Feature","id":2055,"geometry":{"type":"Point","coordinates":[-74.030148076999978,4.6751939119999975]},"properties":{"OBJECTID":2055,"LOCCODIGO":"02","LOCNOMBRE":"Chapinero","PVODIRECCI":"AV CLL 100 # 2 - 87 Este /\nCRA 1 Este # 101A - 27","PVONSITIO":"Colegio Campestre Monteverde Sede B","PVONOMBRE":"Colegio Campestre Monteverde","PVONPUESTO":"35","PVOCODIGO":"160010235"}},{"type":"Feature","id":2151,"geometry":{"type":"Point","coordinates":[-74.119332138000004,4.628073895]},"properties":{"OBJECTID":2151,"LOCCODIGO":"16","LOCNOMBRE":"Puente Aranda","PVODIRECCI":"CLL 9 # 65 - 90","PVONSITIO":"Salón Comunal Salazar Gomez","PVONOMBRE":"Salón Comunal Salazar Gomez","PVONPUESTO":"59","PVOCODIGO":"160011659"}},{"type":"Feature","id":2152,"geometry":{"type":"Point","coordinates":[-74.125180622000016,4.6147944329999859]},"properties":{"OBJECTID":2152,"LOCCODIGO":"16","LOCNOMBRE":"Puente Aranda","PVODIRECCI":"CRA 56 # 14 - 48 Sur","PVONSITIO":"Salón Comunal Milenta","PVONOMBRE":"Salón Comunal Milenta","PVONPUESTO":"60","PVOCODIGO":"160011660"}},{"type":"Feature","id":2153,"geometry":{"type":"Point","coordinates":[-74.090461010000013,4.6234260260000042]},"properties":{"OBJECTID":2153,"LOCCODIGO":"16","LOCNOMBRE":"Puente Aranda","PVODIRECCI":"CLL 19c # 34 - 48","PVONSITIO":"Salón Comunal Cundinamarca","PVONOMBRE":"Salón Comunal Cundinamarca","PVONPUESTO":"61","PVOCODIGO":"160011661"}},{"type":"Feature","id":2154,"geometry":{"type":"Point","coordinates":[-74.105660227999977,4.6034844349999844]},"properties":{"OBJECTID":2154,"LOCCODIGO":"16","LOCNOMBRE":"Puente Aranda","PVODIRECCI":"CLL 1 H # 32 - 04","PVONSITIO":"Casa de La Cultura La Asunción","PVONOMBRE":"Casa de La Cultura La Asunción","PVONPUESTO":"62","PVOCODIGO":"160011662"}},{"type":"Feature","id":2155,"geometry":{"type":"Point","coordinates":[-74.123803737999992,4.595701656000017]},"properties":{"OBJECTID":2155,"LOCCODIGO":"16","LOCNOMBRE":"Puente Aranda","PVODIRECCI":"CLL 37A Sur # 39B - 35","PVONSITIO":"Salón Comunal Santa Rita","PVONOMBRE":"Salón Comunal Santa Rita","PVONPUESTO":"63","PVOCODIGO":"160011663"}},{"type":"Feature","id":2156,"geometry":{"type":"Point","coordinates":[-74.076370261000022,4.6014472719999731]},"properties":{"OBJECTID":2156,"LOCCODIGO":"17","LOCNOMBRE":"Candelaria","PVODIRECCI":"AV Jimenez CRA 10 ESQ CC NEOS / \nCLL 12 B # 9 - 40","PVONSITIO":"Neos Centro","PVONOMBRE":"Centro Comercial NEOS","PVONPUESTO":"10","PVOCODIGO":"160011710"}},{"type":"Feature","id":2157,"geometry":{"type":"Point","coordinates":[-74.12772884200001,4.5844903340000087]},"properties":{"OBJECTID":2157,"LOCCODIGO":"18","LOCNOMBRE":"Rafael Uribe Uribe","PVODIRECCI":"CLL 44 Sur # 28-61 / \nCLL 44 Sur # 27-75","PVONSITIO":"Colegio Parroquial Inmaculado Corazón de Maria","PVONOMBRE":"Colegio Parroquial Inmaculado Corazón de Maria","PVONPUESTO":"60","PVOCODIGO":"160011860"}},{"type":"Feature","id":2158,"geometry":{"type":"Point","coordinates":[-74.123043638000013,4.5757876399999873]},"properties":{"OBJECTID":2158,"LOCCODIGO":"18","LOCNOMBRE":"Rafael Uribe Uribe","PVODIRECCI":"CRA 20 # 42A-56 Sur","PVONSITIO":"Instituto San Antonio de Padua","PVONOMBRE":"Instituto San Antonio de Padua","PVONPUESTO":"61","PVOCODIGO":"160011861"}},{"type":"Feature","id":2159,"geometry":{"type":"Point","coordinates":[-74.113678000999982,4.54090284199998]},"properties":{"OBJECTID":2159,"LOCCODIGO":"18","LOCNOMBRE":"Rafael Uribe Uribe","PVODIRECCI":"DIAG 54 B Sur # 3F-18","PVONSITIO":"Centro Comunitario Champagnat","PVONOMBRE":"Centro Comunitario Champagnat","PVONPUESTO":"62","PVOCODIGO":"160011862"}},{"type":"Feature","id":2160,"geometry":{"type":"Point","coordinates":[-74.107746677000023,4.551606683999978]},"properties":{"OBJECTID":2160,"LOCCODIGO":"18","LOCNOMBRE":"Rafael Uribe Uribe","PVODIRECCI":"CLL 48 P Bis C Sur # 4 - 30 /\nCRA 5 # 48P - 10 Sur","PVONSITIO":"Polideportivo Molinos II","PVONOMBRE":"Polideportivo Molinos II","PVONPUESTO":"63","PVOCODIGO":"160011863"}},{"type":"Feature","id":2161,"geometry":{"type":"Point","coordinates":[-74.113367831999994,4.5445621129999836]},"properties":{"OBJECTID":2161,"LOCCODIGO":"18","LOCNOMBRE":"Rafael Uribe Uribe","PVODIRECCI":"CRA 4B # 51A-02 Sur","PVONSITIO":"Colegio La Paz IED Sede B Fe y Alegría","PVONOMBRE":"Colegio La Paz IED Sede B Fe y Alegría","PVONPUESTO":"64","PVOCODIGO":"160011864"}},{"type":"Feature","id":2162,"geometry":{"type":"Point","coordinates":[-74.153918620000013,4.5986335549999922]},"properties":{"OBJECTID":2162,"LOCCODIGO":"19","LOCNOMBRE":"Ciudad Bolívar","PVODIRECCI":"CRA 57 C Sur # 62 - 60","PVONSITIO":"Centro Comercial Paseo del Rio","PVONOMBRE":"Centro Comercial Paseo del Rio","PVONPUESTO":"70","PVOCODIGO":"160011970"}},{"type":"Feature","id":2163,"geometry":{"type":"Point","coordinates":[-74.157600804000026,4.5785851549999848]},"properties":{"OBJECTID":2163,"LOCCODIGO":"19","LOCNOMBRE":"Ciudad Bolívar","PVODIRECCI":"CRA 49 C Bis A\u00A0 # 68 B - 07 Sur","PVONSITIO":"Jardín Infantil Candelaria La Nueva","PVONOMBRE":"Jardín Infantil Candelaria La Nueva","PVONPUESTO":"71","PVOCODIGO":"160011971"}},{"type":"Feature","id":2164,"geometry":{"type":"Point","coordinates":[-74.177991743000007,4.5891300779999824]},"properties":{"OBJECTID":2164,"LOCCODIGO":"19","LOCNOMBRE":"Ciudad Bolívar","PVODIRECCI":"CRA 75K # 62 D - 42 / \nCRA 75K # 62 D - 48 Sur","PVONSITIO":"Salón Comunal Las Huertas","PVONOMBRE":"Salón Comunal Las Huertas","PVONPUESTO":"72","PVOCODIGO":"160011972"}},{"type":"Feature","id":2165,"geometry":{"type":"Point","coordinates":[-74.164596499000027,4.5764471719999733]},"properties":{"OBJECTID":2165,"LOCCODIGO":"19","LOCNOMBRE":"Ciudad Bolívar","PVODIRECCI":"TRV 54 # 71-09 Sur","PVONSITIO":"Colegio Distrital El Nogal","PVONOMBRE":"Colegio Distrital El Nogal","PVONPUESTO":"73","PVOCODIGO":"160011973"}},{"type":"Feature","id":2166,"geometry":{"type":"Point","coordinates":[-74.167381761000001,4.5935631880000187]},"properties":{"OBJECTID":2166,"LOCCODIGO":"19","LOCNOMBRE":"Ciudad Bolívar","PVODIRECCI":"CRA 72 # 57 R - 49 Sur / \nCRA 72 # 57 R - 41 Sur","PVONSITIO":"Universidad Minuto de Dios Sede Sur","PVONOMBRE":"Universidad Minuto de Dios Sede Sur","PVONPUESTO":"75","PVOCODIGO":"160011975"}},{"type":"Feature","id":2167,"geometry":{"type":"Point","coordinates":[-74.174784020999994,4.5930383689999985]},"properties":{"OBJECTID":2167,"LOCCODIGO":"19","LOCNOMBRE":"Ciudad Bolívar","PVODIRECCI":"CLL 59 # 74 G 55 Sur","PVONSITIO":"Salón Comunal La Estancia","PVONOMBRE":"Salón Comunal La Estancia","PVONPUESTO":"76","PVOCODIGO":"160011976"}},{"type":"Feature","id":2168,"geometry":{"type":"Point","coordinates":[-74.161249812999984,4.5716309160000037]},"properties":{"OBJECTID":2168,"LOCCODIGO":"19","LOCNOMBRE":"Ciudad Bolívar","PVODIRECCI":"CRA 46 A # 71-10 Sur / \nCRA 46 A # 71-21 Sur","PVONSITIO":"Col Dist Paradiso Manuela Beltran Sede B","PVONOMBRE":"Col Dist Paradiso Manuela Beltran Sede B","PVONPUESTO":"77","PVOCODIGO":"160011977"}},{"type":"Feature","id":2169,"geometry":{"type":"Point","coordinates":[-74.163998741,4.5496888850000232]},"properties":{"OBJECTID":2169,"LOCCODIGO":"19","LOCNOMBRE":"Ciudad Bolívar","PVODIRECCI":"CRA 27 Q #71 N - 02 Sur / \nCLL 71P S # 27P - 08","PVONSITIO":"Col Dist Paraíso Mirador Sede Casetas","PVONOMBRE":"Col Dist Paraíso Mirador Sede Casetas","PVONPUESTO":"74","PVOCODIGO":"160011974"}},{"type":"Feature","id":2102,"geometry":{"type":"Point","coordinates":[-74.126737081999977,4.6841669519999982]},"properties":{"OBJECTID":2102,"LOCCODIGO":"09","LOCNOMBRE":"Fontibon","PVODIRECCI":"CRA 96 A # 25 G - 26","PVONSITIO":"Salón Comunal Puerta de Teja","PVONOMBRE":"Salón Comunal Puerta de Teja","PVONPUESTO":"48","PVOCODIGO":"160010948"}},{"type":"Feature","id":2103,"geometry":{"type":"Point","coordinates":[-74.136085605999995,4.6736143769999785]},"properties":{"OBJECTID":2103,"LOCCODIGO":"09","LOCNOMBRE":"Fontibon","PVODIRECCI":"CLL 22 H # 96 D - 50","PVONSITIO":"Salón Comunal Ferrocaja","PVONOMBRE":"Salón Comunal Ferrocaja","PVONPUESTO":"43","PVOCODIGO":"160010943"}},{"type":"Feature","id":2104,"geometry":{"type":"Point","coordinates":[-74.100692749000018,4.6829940910000118]},"properties":{"OBJECTID":2104,"LOCCODIGO":"10","LOCNOMBRE":"Engativá","PVODIRECCI":"CLL 67 # 73 A - 15","PVONSITIO":"Colegio Antonio Nariño Sede 2","PVONOMBRE":"Colegio Antonio Nariño Sede 2","PVONPUESTO":"89","PVOCODIGO":"160011089"}},{"type":"Feature","id":2105,"geometry":{"type":"Point","coordinates":[-74.098566822000009,4.6601710790000084]},"properties":{"OBJECTID":2105,"LOCCODIGO":"10","LOCNOMBRE":"Engativá","PVODIRECCI":"AV CRA 68 # 49A - 47","PVONSITIO":"CUR de Compensar","PVONOMBRE":"CUR de Compensar","PVONPUESTO":"90","PVOCODIGO":"160011090"}},{"type":"Feature","id":2106,"geometry":{"type":"Point","coordinates":[-74.116450315000009,4.7115665370000102]},"properties":{"OBJECTID":2106,"LOCCODIGO":"10","LOCNOMBRE":"Engativá","PVODIRECCI":"CRA 104 A # 77 C - 50","PVONSITIO":"Colegio Garces Navas Sede B","PVONOMBRE":"Colegio Garces Navas Sede B","PVONPUESTO":"91","PVOCODIGO":"160011091"}},{"type":"Feature","id":2107,"geometry":{"type":"Point","coordinates":[-74.111490351999976,4.6915312599999766]},"properties":{"OBJECTID":2107,"LOCCODIGO":"10","LOCNOMBRE":"Engativá","PVODIRECCI":"CRA 89 # 66 A - 14","PVONSITIO":"Colegio Floridablanca (IED) Sede B","PVONOMBRE":"Colegio Floridablanca (IED) Sede B","PVONPUESTO":"92","PVOCODIGO":"160011092"}},{"type":"Feature","id":2108,"geometry":{"type":"Point","coordinates":[-74.101400512999987,4.7180030740000234]},"properties":{"OBJECTID":2108,"LOCCODIGO":"10","LOCNOMBRE":"Engativá","PVODIRECCI":"CLL 90 A # 95 A - 56 /\nCL 90 A # 95 D – 56","PVONSITIO":"Col. Inst Tec Laureano Gomez (IED) Sede A","PVONOMBRE":"Colegio Instituto Técnico Laureano Gomez (IED) Sede A","PVONPUESTO":"93","PVOCODIGO":"160011093"}},{"type":"Feature","id":2109,"geometry":{"type":"Point","coordinates":[-74.136525192000022,4.7244792849999726]},"properties":{"OBJECTID":2109,"LOCCODIGO":"10","LOCNOMBRE":"Engativá","PVODIRECCI":"CLL 77B # 129 - 80 / \nDG 77 B # 129 - 80","PVONSITIO":"Colegio Lucila Rubio de Laverde (IED)","PVONOMBRE":"Colegio Lucila Rubio de Laverde (IED)","PVONPUESTO":"94","PVOCODIGO":"160011094"}},{"type":"Feature","id":2110,"geometry":{"type":"Point","coordinates":[-74.12123580299999,4.7163703339999756]},"properties":{"OBJECTID":2110,"LOCCODIGO":"10","LOCNOMBRE":"Engativá","PVODIRECCI":"CLL 77C # 111 - 51 / \nCL 78 # 111 - 51","PVONSITIO":"Salón Comunal Villas de Granada","PVONOMBRE":"Salón Comunal Villas de Granada","PVONPUESTO":"95","PVOCODIGO":"160011095"}},{"type":"Feature","id":2111,"geometry":{"type":"Point","coordinates":[-74.140342266999994,4.7092171009999788]},"properties":{"OBJECTID":2111,"LOCCODIGO":"10","LOCNOMBRE":"Engativá","PVODIRECCI":"CRA 113 C # 63 F - 18","PVONSITIO":"Colegio Antonio Villavicencio Sede B","PVONOMBRE":"Colegio Antonio Villavicencio Sede B","PVONPUESTO":"96","PVOCODIGO":"160011096"}},{"type":"Feature","id":2112,"geometry":{"type":"Point","coordinates":[-74.110249907000025,4.6970127760000082]},"properties":{"OBJECTID":2112,"LOCCODIGO":"10","LOCNOMBRE":"Engativá","PVODIRECCI":"CRA 90 B # 71-12 / \nCRA 90B # 71 - 50","PVONSITIO":"Colegio Floridablanca (IED) Sede C","PVONOMBRE":"Colegio Floridablanca (IED) Sede C","PVONPUESTO":"97","PVOCODIGO":"160011097"}},{"type":"Feature","id":2113,"geometry":{"type":"Point","coordinates":[-74.107044175999988,4.7190721169999961]},"properties":{"OBJECTID":2113,"LOCCODIGO":"10","LOCNOMBRE":"Engativá","PVODIRECCI":"CLL 87 # 102 - 55","PVONSITIO":"Colegio Distrital Rodolfo Llinas Sede B","PVONOMBRE":"Colegio Distrital Rodolfo Llinas (IED) Sede B","PVONPUESTO":"98","PVOCODIGO":"160011098"}},{"type":"Feature","id":2114,"geometry":{"type":"Point","coordinates":[-74.086102222000022,4.71333617800002]},"properties":{"OBJECTID":2114,"LOCCODIGO":"11","LOCNOMBRE":"Suba","PVODIRECCI":"AV SUBA RINCON DIAG 127A # 81 - 26 / \nAV SUBA RINCON DIAG 127A # 81 - 36","PVONSITIO":"Centro de Felicidad Las Cometas","PVONOMBRE":"Centro de Felicidad Las Cometas","PVONPUESTO":"A5","PVOCODIGO":"1600111A5"}},{"type":"Feature","id":2115,"geometry":{"type":"Point","coordinates":[-74.078651520999983,4.7499058500000046]},"properties":{"OBJECTID":2115,"LOCCODIGO":"11","LOCNOMBRE":"Suba","PVODIRECCI":"CLL 155A # 88 - 05","PVONSITIO":"Tuna Alta","PVONOMBRE":"Colegio Distrital Veintiún Ángeles Sede B","PVONPUESTO":"A6","PVOCODIGO":"1600111A6"}},{"type":"Feature","id":2116,"geometry":{"type":"Point","coordinates":[-74.110232901000018,4.745973628999991]},"properties":{"OBJECTID":2116,"LOCCODIGO":"11","LOCNOMBRE":"Suba","PVODIRECCI":"CLL 139 # 127 C - 48","PVONSITIO":"Coliseo Tibabuyes","PVONOMBRE":"Coliseo Tibabuyes","PVONPUESTO":"A7","PVOCODIGO":"1600111A7"}},{"type":"Feature","id":2117,"geometry":{"type":"Point","coordinates":[-74.110675233999984,4.7541798259999837]},"properties":{"OBJECTID":2117,"LOCCODIGO":"11","LOCNOMBRE":"Suba","PVODIRECCI":"DIAG 145 # 138 A - 10","PVONSITIO":"Centro Felicidad Fontanar del Río","PVONOMBRE":"Centro Felicidad Fontanar del Río","PVONPUESTO":"A8","PVOCODIGO":"1600111A8"}},{"type":"Feature","id":2118,"geometry":{"type":"Point","coordinates":[-74.099045077000028,4.7488557469999932]},"properties":{"OBJECTID":2118,"LOCCODIGO":"11","LOCNOMBRE":"Suba","PVODIRECCI":"AV CRA 109 B # 145 - 17","PVONSITIO":"Colegio Jaime Niño Diez","PVONOMBRE":"Colegio Jaime Niño Diez","PVONPUESTO":"A9","PVOCODIGO":"1600111A9"}},{"type":"Feature","id":2119,"geometry":{"type":"Point","coordinates":[-74.100943844000028,4.7367573540000194]},"properties":{"OBJECTID":2119,"LOCCODIGO":"11","LOCNOMBRE":"Suba","PVODIRECCI":"CLL 132 B Bis # 105 - 00 / \nCL 132 # 105 B - 00","PVONSITIO":"Salón Comunal Alcaparros","PVONOMBRE":"Salón Comunal Alcaparros","PVONPUESTO":"B1","PVOCODIGO":"1600111B1"}},{"type":"Feature","id":2120,"geometry":{"type":"Point","coordinates":[-74.091038347999984,4.7227908759999764]},"properties":{"OBJECTID":2120,"LOCCODIGO":"11","LOCNOMBRE":"Suba","PVODIRECCI":"CRA 92 # 128 B - 41","PVONSITIO":"Salón Comunal Amberes","PVONOMBRE":"Salón Comunal Amberes","PVONPUESTO":"B2","PVOCODIGO":"1600111B2"}},{"type":"Feature","id":2121,"geometry":{"type":"Point","coordinates":[-74.117741378999995,4.7527735209999946]},"properties":{"OBJECTID":2121,"LOCCODIGO":"11","LOCNOMBRE":"Suba","PVODIRECCI":"CLL 144 # 147 A - 13","PVONSITIO":"Salón Comunal Bilbao","PVONOMBRE":"Salón Comunal Bilbao","PVONPUESTO":"B3","PVOCODIGO":"1600111B3"}},{"type":"Feature","id":2122,"geometry":{"type":"Point","coordinates":[-74.121377605000021,4.743482685999993]},"properties":{"OBJECTID":2122,"LOCCODIGO":"11","LOCNOMBRE":"Suba","PVODIRECCI":"CRA 151 Bis #132 A-05","PVONSITIO":"Salón Comunal Lisboa","PVONOMBRE":"Salón Comunal Lisboa","PVONPUESTO":"B4","PVOCODIGO":"1600111B4"}},{"type":"Feature","id":2123,"geometry":{"type":"Point","coordinates":[-74.091839279999988,4.7427745599999866]},"properties":{"OBJECTID":2123,"LOCCODIGO":"11","LOCNOMBRE":"Suba","PVODIRECCI":"CLL 141 A # 99 B - 02","PVONSITIO":"Salón Comunal El Pórtico","PVONOMBRE":"Salón Comunal El Pórtico","PVONPUESTO":"B5","PVOCODIGO":"1600111B5"}},{"type":"Feature","id":2124,"geometry":{"type":"Point","coordinates":[-74.087426102999984,4.7573564630000078]},"properties":{"OBJECTID":2124,"LOCCODIGO":"11","LOCNOMBRE":"Suba","PVODIRECCI":"CRA 101 # 158 - 43","PVONSITIO":"Salón Comunal Villa Hermosa\t","PVONOMBRE":"Salón Comunal Villa Hermosa\t","PVONPUESTO":"B6","PVOCODIGO":"1600111B6"}},{"type":"Feature","id":2125,"geometry":{"type":"Point","coordinates":[-74.062887208000006,4.6617421280000144]},"properties":{"OBJECTID":2125,"LOCCODIGO":"12","LOCNOMBRE":"Barrios Unidos","PVODIRECCI":"CLL 73 # 20A - 52","PVONSITIO":"UNITEC","PVONOMBRE":"Corporación Universitaria UNITEC","PVONPUESTO":"33","PVOCODIGO":"160011233"}},{"type":"Feature","id":2126,"geometry":{"type":"Point","coordinates":[-74.078408056000001,4.6709709489999796]},"properties":{"OBJECTID":2126,"LOCCODIGO":"12","LOCNOMBRE":"Barrios Unidos","PVODIRECCI":"CRA 57 A # 71 - 28 /\nCRA 57 A # 71 - 36","PVONSITIO":"Colegio Alexander Humboldt","PVONOMBRE":"Colegio Alexander Humboldt","PVONPUESTO":"34","PVOCODIGO":"160011234"}},{"type":"Feature","id":2127,"geometry":{"type":"Point","coordinates":[-74.063732675999972,4.6801935269999717]},"properties":{"OBJECTID":2127,"LOCCODIGO":"12","LOCNOMBRE":"Barrios Unidos","PVODIRECCI":"CRA 49 C # 91 - 55","PVONSITIO":"Colegio Liceo de Formación Albert Schweitzer","PVONOMBRE":"Colegio Liceo de Formación Albert Schweitzer","PVONPUESTO":"35","PVOCODIGO":"160011235"}},{"type":"Feature","id":2128,"geometry":{"type":"Point","coordinates":[-74.066368357999977,4.6515614250000112]},"properties":{"OBJECTID":2128,"LOCCODIGO":"12","LOCNOMBRE":"Barrios Unidos","PVODIRECCI":"CRA 16 # 63 A - 68","PVONSITIO":"Fundación Universitaria Los Libertadores","PVONOMBRE":"Fundación Universitaria Los Libertadores","PVONPUESTO":"36","PVOCODIGO":"160011236"}},{"type":"Feature","id":2129,"geometry":{"type":"Point","coordinates":[-74.066040312999974,4.6828308080000056]},"properties":{"OBJECTID":2129,"LOCCODIGO":"12","LOCNOMBRE":"Barrios Unidos","PVODIRECCI":"CLL 94 # 59 - 17","PVONSITIO":"Casa Comunal y Cultural Rionegro","PVONOMBRE":"Casa Comunal y Cultural Rionegro","PVONPUESTO":"37","PVOCODIGO":"160011237"}},{"type":"Feature","id":2130,"geometry":{"type":"Point","coordinates":[-74.080946669000014,4.6323615160000031]},"properties":{"OBJECTID":2130,"LOCCODIGO":"13","LOCNOMBRE":"Teusaquillo","PVODIRECCI":"CRA 33 A # 30 - 20","PVONSITIO":"UNIEMPRESARIAL","PVONOMBRE":"UNIEMPRESARIAL","PVONPUESTO":"34","PVOCODIGO":"160011334"}},{"type":"Feature","id":2131,"geometry":{"type":"Point","coordinates":[-74.071690165999996,4.6273041599999942]},"properties":{"OBJECTID":2131,"LOCCODIGO":"13","LOCNOMBRE":"Teusaquillo","PVODIRECCI":"CLL 39 # 17 - 48","PVONSITIO":"Centro de Integración Social","PVONOMBRE":"Centro de Integración Social","PVONPUESTO":"35","PVOCODIGO":"160011335"}},{"type":"Feature","id":2132,"geometry":{"type":"Point","coordinates":[-74.075429772999996,4.6359650279999869]},"properties":{"OBJECTID":2132,"LOCCODIGO":"13","LOCNOMBRE":"Teusaquillo","PVODIRECCI":"CLL 45 C # 24 - 42","PVONSITIO":"Jardin Infantil Orixas","PVONOMBRE":"Jardin Infantil Orixas","PVONPUESTO":"36","PVOCODIGO":"160011336"}},{"type":"Feature","id":2133,"geometry":{"type":"Point","coordinates":[-74.069990308999991,4.6289823729999853]},"properties":{"OBJECTID":2133,"LOCCODIGO":"13","LOCNOMBRE":"Teusaquillo","PVODIRECCI":"DIAG 40 A # 15 - 59","PVONSITIO":"UNINPAHU","PVONOMBRE":"Universidad UNINPAHU","PVONPUESTO":"37","PVOCODIGO":"160011337"}},{"type":"Feature","id":2134,"geometry":{"type":"Point","coordinates":[-74.074885570999982,4.6253707079999913]},"properties":{"OBJECTID":2134,"LOCCODIGO":"13","LOCNOMBRE":"Teusaquillo","PVODIRECCI":"CRA 21 # 35 - 53","PVONSITIO":"Universidad de Antioquia","PVONOMBRE":"Universidad de Antioquia","PVONPUESTO":"38","PVOCODIGO":"160011338"}},{"type":"Feature","id":2135,"geometry":{"type":"Point","coordinates":[-74.091047584000023,4.6479965099999845]},"properties":{"OBJECTID":2135,"LOCCODIGO":"13","LOCNOMBRE":"Teusaquillo","PVODIRECCI":"CLL 45 # 54 - 91","PVONSITIO":"Salón Comunal La Esmeralda","PVONOMBRE":"Salón Comunal La Esmeralda","PVONPUESTO":"39","PVOCODIGO":"160011339"}},{"type":"Feature","id":2136,"geometry":{"type":"Point","coordinates":[-74.083170542999994,4.6188348730000257]},"properties":{"OBJECTID":2136,"LOCCODIGO":"14","LOCNOMBRE":"Mártires","PVODIRECCI":"CRA 26 # 22A - 16","PVONSITIO":"Salón Comunal Samper Mendoza","PVONOMBRE":"Salón Comunal Samper Mendoza","PVONPUESTO":"20","PVOCODIGO":"160011420"}},{"type":"Feature","id":2137,"geometry":{"type":"Point","coordinates":[-74.08347249000002,4.6230015470000012]},"properties":{"OBJECTID":2137,"LOCCODIGO":"14","LOCNOMBRE":"Mártires","PVODIRECCI":"CLL 23 Bis # 29A - 40","PVONSITIO":"Salón Comunal Usatama","PVONOMBRE":"Salón Comunal Usatama","PVONPUESTO":"21","PVOCODIGO":"160011421"}},{"type":"Feature","id":2138,"geometry":{"type":"Point","coordinates":[-74.073998607000021,4.6147498629999859]},"properties":{"OBJECTID":2138,"LOCCODIGO":"14","LOCNOMBRE":"Mártires","PVODIRECCI":"TRV  17 # 25 - 25 / \nTRV  17 # 25 - 45","PVONSITIO":"Fundación Universitaria San Mateo","PVONOMBRE":"Fundación Universitaria San Mateo","PVONPUESTO":"22","PVOCODIGO":"160011422"}},{"type":"Feature","id":2139,"geometry":{"type":"Point","coordinates":[-74.089363385000013,4.6050960580000151]},"properties":{"OBJECTID":2139,"LOCCODIGO":"14","LOCNOMBRE":"Mártires","PVODIRECCI":"CRA 21 # 9- 31","PVONSITIO":"San Vicente Plaza","PVONOMBRE":"San Vicente Plaza","PVONPUESTO":"23","PVOCODIGO":"160011423"}},{"type":"Feature","id":2140,"geometry":{"type":"Point","coordinates":[-74.092197558000009,4.6123595930000079]},"properties":{"OBJECTID":2140,"LOCCODIGO":"14","LOCNOMBRE":"Mártires","PVODIRECCI":"CRA 29 # 12 - 83","PVONSITIO":"Col San Jose Mártires","PVONOMBRE":"Colegio San Jose  ","PVONPUESTO":"25","PVOCODIGO":"160011425"}},{"type":"Feature","id":2141,"geometry":{"type":"Point","coordinates":[-74.075058963999993,4.6117826259999788]},"properties":{"OBJECTID":2141,"LOCCODIGO":"14","LOCNOMBRE":"Mártires","PVODIRECCI":"CLL 23 # 14 - 19","PVONSITIO":"El Castillo de Las Artes","PVONOMBRE":"El Castillo de Las Artes","PVONPUESTO":"24","PVOCODIGO":"160011424"}},{"type":"Feature","id":2142,"geometry":{"type":"Point","coordinates":[-74.097772019999979,4.5932914539999956]},"properties":{"OBJECTID":2142,"LOCCODIGO":"15","LOCNOMBRE":"Antonio Nariño","PVODIRECCI":"CRA 24 B # 4 04 Sur","PVONSITIO":"Colegio Atanasio Girardot Sede B","PVONOMBRE":"Colegio Atanasio Girardot Sede B","PVONPUESTO":"24","PVOCODIGO":"160011524"}},{"type":"Feature","id":2143,"geometry":{"type":"Point","coordinates":[-74.090761324000027,4.6159384150000164]},"properties":{"OBJECTID":2143,"LOCCODIGO":"16","LOCNOMBRE":"Puente Aranda","PVODIRECCI":"CRA 30 # 15 - 53","PVONSITIO":"SENA Cra 30 Hotel","PVONOMBRE":"SENA Centro Nacional de Hotelería","PVONPUESTO":"51","PVOCODIGO":"160011651"}},{"type":"Feature","id":2144,"geometry":{"type":"Point","coordinates":[-74.129542710999999,4.6019371259999957]},"properties":{"OBJECTID":2144,"LOCCODIGO":"16","LOCNOMBRE":"Puente Aranda","PVODIRECCI":"CRA 52 # 37 - 05 Sur/ \nCRA 52 # 37 - 95 Sur","PVONSITIO":"Julio Garavito Sede C","PVONOMBRE":"Colegio Distrital Julio Garavito Sede C","PVONPUESTO":"52","PVOCODIGO":"160011652"}},{"type":"Feature","id":2145,"geometry":{"type":"Point","coordinates":[-74.121390312000017,4.6014087930000187]},"properties":{"OBJECTID":2145,"LOCCODIGO":"16","LOCNOMBRE":"Puente Aranda","PVODIRECCI":"CLL 29 Sur # 41A - 42","PVONSITIO":"Benjamín Herrera Sede C","PVONOMBRE":"Colegio Benjamín Herrera Sede C","PVONPUESTO":"53","PVOCODIGO":"160011653"}},{"type":"Feature","id":2146,"geometry":{"type":"Point","coordinates":[-74.116391779000026,4.6101651789999778]},"properties":{"OBJECTID":2146,"LOCCODIGO":"16","LOCNOMBRE":"Puente Aranda","PVODIRECCI":"CLL 1G # 41A - 39","PVONSITIO":"Coliseo El jazmín","PVONOMBRE":"Coliseo El jazmín","PVONPUESTO":"54","PVOCODIGO":"160011654"}},{"type":"Feature","id":2147,"geometry":{"type":"Point","coordinates":[-74.11672785799999,4.6102427280000029]},"properties":{"OBJECTID":2147,"LOCCODIGO":"16","LOCNOMBRE":"Puente Aranda","PVODIRECCI":"AV CRA 50 # 1 D - 28","PVONSITIO":"Salón Comunal El Jazmín","PVONOMBRE":"Salón Comunal El Jazmín","PVONPUESTO":"55","PVOCODIGO":"160011655"}},{"type":"Feature","id":2148,"geometry":{"type":"Point","coordinates":[-74.103168917999994,4.6176327449999803]},"properties":{"OBJECTID":2148,"LOCCODIGO":"16","LOCNOMBRE":"Puente Aranda","PVODIRECCI":"CRA 41 # 10 - 06","PVONSITIO":"Salón Comunal Ciudad Montes III","PVONOMBRE":"Salón Comunal Ciudad Montes III","PVONPUESTO":"56","PVOCODIGO":"160011656"}},{"type":"Feature","id":2149,"geometry":{"type":"Point","coordinates":[-74.097935138000025,4.6192833759999985]},"properties":{"OBJECTID":2149,"LOCCODIGO":"16","LOCNOMBRE":"Puente Aranda","PVODIRECCI":"AV CLL13 # 37 - 35 ENTRADA CRA 37","PVONSITIO":"Movilidad Cll 13","PVONOMBRE":"Movilidad Cll 13","PVONPUESTO":"57","PVOCODIGO":"160011657"}},{"type":"Feature","id":2150,"geometry":{"type":"Point","coordinates":[-74.093230474999984,4.6151796070000159]},"properties":{"OBJECTID":2150,"LOCCODIGO":"16","LOCNOMBRE":"Puente Aranda","PVODIRECCI":"AV CLL 13 # 31 - 75","PVONSITIO":"Universidad Distrital CLL 13","PVONOMBRE":"Universidad Distrital CLL 13","PVONPUESTO":"58","PVOCODIGO":"160011658"}}]}