codigo_puesto_unico,zona_codigo,puesto_codigo,nombre_puesto_dashboard,nombre_puesto_base,nombres_puesto_base_variantes,nombre_puesto_ideca,nombre_sitio,localidad_codigo,localidad,direccion,latitud,longitud,estado_geocodificacion,fuente_geografica,templo_principal,total_testigos,lideres_activos,beneficiarios_mesas_trabajo,referidos_activos_lideres,lideres_ref_0,lideres_ref_1_5,lideres_ref_6_9,lideres_ref_10_mas,pct_lideres_activos,pct_beneficiarios_mesas_trabajo,numero_puesto_ideca
160010000,00,00,PUESTO CABECERA MUNICIPAL,PUESTO CABECERA MUNICIPAL,COLISEO MUNICIPAL | IE ALBANIA - SD PEREGRINO LOZANO | IE LA ASUNCION SD FRANCISCO MIRANDA | INST EDUC MANZANARES SD SAN LUIS GONZAGA | PUESTO CABECERA MUNICIPAL,,,,,,,,pendiente_validacion,,BOSA LA ESTACION,38,32,3,80,20,8,3,1,84.2,7.9,
160010001,00,01,INST EDUC NUESTRA SEÑORA DEL ROSARIO,INST EDUC NUESTRA SEÑORA DEL ROSARIO,AUDITORIO MUNICIPAL | CENTRO DOCENTE MARTIN GALEANO | CENTRO POLIDEPORTIVO MUNICIPAL | COL. CARLOS GARAVITO - SEDE CIUDADELA | INST EDUC NUESTRA SEÑORA DEL ROSARIO | INSTITUCION EDUCATIVA JOSE MARIA CORDOBA | POLIDEPORTIVO MUNICIPAL,,,,,,,,pendiente_validacion,,BOSA LA ESTACION,9,8,0,22,3,3,2,0,88.9,0.0,
160010002,00,02,COMPLEJO DEPORTIVO,COMPLEJO DEPORTIVO,COMPLEJO DEPORTIVO | IE MANUELA OMAÑA | IE MARIA INMACULADA | VILLA OLIMPICA,,,,,,,,pendiente_validacion,,FONTIBÓN,4,4,0,13,2,1,1,0,100.0,0.0,
160010101,01,01,Vía Pública,USAQUÉN,COLEGIO MARIA GORETTI | IED ENRIQUE PARDO PARRA SD BACHILLERATO | INST EDUC MARIANO SANCHEZ SD JUAN P. II | USAQUÉN,Vía Pública,Usaquén,01,Usaquén,CRA 6A ENTRE CLL 119 Y 120A VIA PUBLICA,4.696280218000027,-74.03074327899998,geocodificado,IDECA/Catastro Bogotá - Puestos de Votación 2023,SUBA – RINCÓN,9,8,0,21,4,3,1,0,88.9,0.0,1
160010102,01,02,Centro de Atención Distrital Especializado Servitá,SERVITA,C.E.LA PAZ | CENTRO COMERCIAL LA SEGUNDA | COL CONALSA | COLEGIO LEON DE GREIFF | COLEGIO NACIONAL DIVERSIFICADO | COLISEO CUBIERTO | IE LAURA VICUÑA | POLIDEPORTIVO JOSE ELIAS PUYANA | SERVITA,Centro de Atención Distrital Especializado Servitá,Servitá,01,Usaquén,"CLL 165 # 7 - 38 /
CLL 165 # 7 - 52",4.741405973999974,-74.02346390100001,geocodificado,IDECA/Catastro Bogotá - Puestos de Votación 2023,ORQUÍDEAS,50,41,4,203,18,12,2,9,82.0,8.0,2
160010103,01,03,Colegio Calasanz - Sede Norte,CALAZANS,CALAZANS | SALON  COMUNAL  ALCAPARROS,Colegio Calasanz - Sede Norte,Calasanz,01,Usaquén,"CRA 20 A # 173 A - 10 
Entrada al Parqueadero",4.753616942999997,-74.04243564500001,geocodificado,IDECA/Catastro Bogotá - Puestos de Votación 2023,ORQUÍDEAS,17,15,3,481,3,4,3,5,88.2,17.6,3
160010104,01,04,Colegio Distrital Aquileo Parra,COLEGIO AQUILEO PARRA SEDE BACHILLERATO,COLEGIO AQUILEO PARRA SEDE BACHILLERATO | COLEGIO DE LA PRESENTACION YOPAL | I.E.LIVIO REGINALDO FISCHIONE,Colegio Distrital Aquileo Parra,Colegio Aquileo Parra sede Bachillerato,01,Usaquén,"CRA 18 A # 187 - 75 /
CRA 18 A # 187 - 97",4.766259870999988,-74.03911765200002,geocodificado,IDECA/Catastro Bogotá - Puestos de Votación 2023,LIJACÁ,39,38,8,260,6,12,10,10,97.4,20.5,4
160010105,01,05,Colegio Distrital Unión Colombia - Sede B,LIJACA,LIJACA,Colegio Distrital Unión Colombia - Sede B,Lijacá,01,Usaquén,CLL 189 # 7 - 05,4.765537424999991,-74.027994434,geocodificado,IDECA/Catastro Bogotá - Puestos de Votación 2023,LIJACÁ,16,16,5,110,2,6,3,5,100.0,31.2,5
160010106,01,06,Colegio Distrital Unión Colombia - Sede A,SAN ANTONIO UNIÓN COLOMBIA,SAN ANTONIO UNIÓN COLOMBIA,Colegio Distrital Unión Colombia - Sede A,San Antonio Unión Colombia,01,Usaquén,CRA 7 A # 182 A - 07,4.759461830000021,-74.02751643800002,geocodificado,IDECA/Catastro Bogotá - Puestos de Votación 2023,LIJACÁ,22,18,7,118,5,4,3,6,81.8,31.8,6
160010107,01,07,Colegio Distrital Agustín Fernández - Sede A,COLEGIO AGUSTIN FERNANDEZ SEDE A,COLEGIO AGUSTIN FERNANDEZ SEDE A | COLEGIO PEDAGOGICO INGLES | I.E. SANTO ANGEL | I.E.BUINAIMA,Colegio Distrital Agustín Fernández - Sede A,Colegio Agustín Fernández Sede A,01,Usaquén,CRA 7 # 155 - 20,4.729544018000013,-74.02379497700002,geocodificado,IDECA/Catastro Bogotá - Puestos de Votación 2023,ORQUÍDEAS,16,11,2,62,5,1,2,3,68.8,12.5,7
160010108,01,08,Parqueadero Centro Comercial Cedritos 151,CENTRO COMERCIAL CEDRITOS 151,CENTRO COMERCIAL CEDRITOS 151 | I E EL HATO | IE LA MERCED | JARDIN INFANTIL CAMPO DE ILUSIONES,Parqueadero Centro Comercial Cedritos 151,Centro Comercial Cedritos 151,01,Usaquén,CLL 150 # 16 - 56,4.731490086999997,-74.04181593300001,geocodificado,IDECA/Catastro Bogotá - Puestos de Votación 2023,ORQUÍDEAS,27,24,3,256,2,8,2,12,88.9,11.1,8
160010109,01,09,Universidad El Bosque,UNIVERSIDAD EL BOSQUE,COL.BASICO PATIOS CENTRO No 1 | I.E. PAZ Y ESPERANZA | UNIVERSIDAD EL BOSQUE,Universidad El Bosque,Universidad El Bosque,01,Usaquén,AV CRA 9 # 131 A – 02,4.710340755999994,-74.03238880700002,geocodificado,IDECA/Catastro Bogotá - Puestos de Votación 2023,SANTANDER,4,4,1,36,2,1,0,1,100.0,25.0,9
160010110,01,10,Colegio Santo Tomás de Aquino,SANTO TOMAS DE AQUINO,SANTO TOMAS DE AQUINO,Colegio Santo Tomás de Aquino,Santo Tomás de Aquino,01,Usaquén,CRA 21 # 132 – 46,4.717314543999976,-74.04961494000003,geocodificado,IDECA/Catastro Bogotá - Puestos de Votación 2023,ORQUÍDEAS,7,7,0,63,1,2,2,2,100.0,0.0,10
160010111,01,11,Instituto Pedagógico Nacional,INSTITUTO PEDAGOGICO NACIONAL,COLEGIO MILITAR LICEO SOCIAL COMPARTIR | INSTITUTO PEDAGOGICO NACIONAL,Instituto Pedagógico Nacional,Instituto Pedagógico Nacional,01,Usaquén,AV CLL 127 # 11 - 20,4.704392982000002,-74.03444790100002,geocodificado,IDECA/Catastro Bogotá - Puestos de Votación 2023,CEDRITOS,7,6,1,22,2,2,1,1,85.7,14.3,11
160010112,01,12,Parqueadero Unicentro,CENTRO COMERCIAL UNICENTRO,CENTRO COMERCIAL UNICENTRO,Parqueadero Unicentro,Centro Comercial Unicentro,01,Usaquén,AV CRA 15 # 124 - 30,4.702378771999975,-74.042624999,geocodificado,IDECA/Catastro Bogotá - Puestos de Votación 2023,SUBA - PRADO,5,4,0,37,1,0,1,2,80.0,0.0,12
160010114,01,14,Parqueadero,SANTA PAULA,SANTA PAULA,Parqueadero,Santa Paula,01,Usaquén,CRA 13 A # 107 A - 10,4.6904828799999905,-74.04258362000002,geocodificado,IDECA/Catastro Bogotá - Puestos de Votación 2023,ORQUÍDEAS,3,2,1,14,0,1,0,1,66.7,33.3,14
160010115,01,15,Centro Comercial Hacienda Santa Bárbara,CENTRO COMERCIAL HACIENDA SANTA BARBARA,CENTRO COMERCIAL HACIENDA SANTA BARBARA,Centro Comercial Hacienda Santa Bárbara,Centro Comercial Hacienda Santa Barbara,01,Usaquén,"CLL 114 CRA 6 Entrada Zona C /
CRA 6 # 115 - 65 Entrada F",4.692593025999997,-74.03165673299998,geocodificado,IDECA/Catastro Bogotá - Puestos de Votación 2023,ORQUÍDEAS,1,1,0,10,0,0,0,1,100.0,0.0,15
160010117,01,17,Colegio Distrital Toberín - Sede A,COLEGIO DISTRITAL TOBERIN SEDE A,COLEGIO DISTRITAL TOBERIN SEDE A,Colegio Distrital Toberín - Sede A,Colegio Distrital Toberín - Sede A,01,Usaquén,CLL 166 # 16 C - 15,4.745398948000002,-74.039383897,geocodificado,IDECA/Catastro Bogotá - Puestos de Votación 2023,ORQUÍDEAS,54,47,1,467,4,10,8,25,87.0,1.9,17
160010118,01,18,Parque Cedritos,PARQUE CEDRITOS,PARQUE CEDRITOS,Parque Cedritos,Parque Cedritos,01,Usaquén,"CRA 9 Entre CLL 145 y 146 / 
CRA 11 # 145 - 60",4.723401707999983,-74.032523959,geocodificado,IDECA/Catastro Bogotá - Puestos de Votación 2023,CEDRITOS,7,5,1,31,0,3,1,1,71.4,14.3,18
160010119,01,19,Parque Cedro Golf,CEDRO GOLF,CEDRO GOLF,Parque Cedro Golf,Cedro Golf,01,Usaquén,CRA 7 A # 150 - 85,4.7254943930000195,-74.02642592299998,geocodificado,IDECA/Catastro Bogotá - Puestos de Votación 2023,ORQUÍDEAS,5,5,2,70,0,0,1,4,100.0,40.0,19
160010120,01,20,Colegio Distrital Nuevo Horizonte Sede A,BUENAVISTA,BUENAVISTA,Colegio Distrital Nuevo Horizonte Sede A,Buenavista,01,Usaquén,CRA 5 B # 189 B - 30,4.766856689000008,-74.02579167099998,geocodificado,IDECA/Catastro Bogotá - Puestos de Votación 2023,LIJACÁ,14,13,6,661,1,3,2,7,92.9,42.9,20
160010121,01,21,Vía pública,CANAIMA,CANAIMA,Vía pública,Canaima,01,Usaquén,"CLL 195 # 19 - 50 Vía Pública / 
CLL 195 # 20 - 91 Vía Pública",4.772747019000008,-74.04098848000001,geocodificado,IDECA/Catastro Bogotá - Puestos de Votación 2023,LIJACÁ,3,2,1,24,0,0,1,1,66.7,33.3,21
160010122,01,22,Colegio Alessandro Volta,ALESSANDRO VOLTA,ALESSANDRO VOLTA,Colegio Alessandro Volta,Alessandro Volta,01,Usaquén,CLL 119 # 4 - 79,4.694216800999982,-74.027907116,geocodificado,IDECA/Catastro Bogotá - Puestos de Votación 2023,LA COLINA,8,6,1,36,3,2,0,1,75.0,12.5,22
160010123,01,23,Colegio Distrital Usaquén - Sede A,COLEGIO DISTRITAL USAQUEN SEDE A,COLEGIO DISTRITAL USAQUEN SEDE A,Colegio Distrital Usaquén - Sede A,Colegio Distrital Usaquén Sede A,01,Usaquén,CLL 127 C # 9 A - 03,4.707009077999999,-74.03447423900002,geocodificado,IDECA/Catastro Bogotá - Puestos de Votación 2023,CEDRITOS,6,5,0,24,0,3,2,0,83.3,0.0,23
160010124,01,24,Colegio Distrital Cristóbal Colón,COLEGIO DISTRITAL CRISTOBAL COLON,COLEGIO DISTRITAL CRISTOBAL COLON,Colegio Distrital Cristóbal Colón,Colegio Distrital Cristóbal Colón,01,Usaquén,CLL 165 # 8 A - 03,4.741342999999972,-74.02593300000001,geocodificado,IDECA/Catastro Bogotá - Puestos de Votación 2023,ORQUÍDEAS,6,4,2,33,1,1,0,2,66.7,33.3,24
160010125,01,25,Colegio Distrital Divino Maestro - Sede A,COLEGIO DISTRITAL DIVINO MAESTRO SEDE A,COLEGIO DISTRITAL DIVINO MAESTRO SEDE A,Colegio Distrital Divino Maestro - Sede A,Colegio Distrital Divino Maestro Sede A,01,Usaquén,CRA 8 C # 163 B - 20,4.739852817999974,-74.02774595599999,geocodificado,IDECA/Catastro Bogotá - Puestos de Votación 2023,ORQUÍDEAS,13,12,3,186,2,4,0,6,92.3,23.1,25
160010126,01,26,Colegio Distrital Divino Maestro - Sede B,COLEGIO DISTRITAL DIVINO MAESTRO SEDE B,COLEGIO DISTRITAL DIVINO MAESTRO SEDE B,Colegio Distrital Divino Maestro - Sede B,Colegio Distrital Divino Maestro Sede B,01,Usaquén,"CLL 164 # 7 F - 08 / 
CRA 7 F # 164 - 51",4.740253212000027,-74.02522373199997,geocodificado,IDECA/Catastro Bogotá - Puestos de Votación 2023,ORQUÍDEAS,8,7,1,82,1,2,0,4,87.5,12.5,26
160010127,01,27,Colegio Colsubsidio Norte,COLEGIO COLSUBSIDIO NORTE USAQUEN,COLEGIO COLSUBSIDIO NORTE USAQUEN,Colegio Colsubsidio Norte,Colegio Colsubsidio Norte Usaquén,01,Usaquén,CLL 151 # 15 - 70,4.732726000000014,-74.040596,geocodificado,IDECA/Catastro Bogotá - Puestos de Votación 2023,ORQUÍDEAS,17,14,3,209,1,4,3,6,82.4,17.6,27
160010128,01,28,Parque Alta Blanca,COLEGIO GENERAL SANTANDER USAQUEN,COLEGIO GENERAL SANTANDER USAQUEN,Parque Alta Blanca,Colegio General Santander Usaquén,01,Usaquén,CRA 8A # 158 - 04,4.7344863150000265,-74.02905375300003,geocodificado,IDECA/Catastro Bogotá - Puestos de Votación 2023,ORQUÍDEAS,17,13,4,123,2,4,2,5,76.5,23.5,28
160010129,01,29,Colegio Distrital Toberín Sede B,"COLEGIO TOBERIN ""B""","COLEGIO TOBERIN ""B""",Colegio Distrital Toberín Sede B,"Colegio Toberín ""B""",01,Usaquén,CRA 14 C # 164 - 75,4.743051999999977,-74.035909,geocodificado,IDECA/Catastro Bogotá - Puestos de Votación 2023,ORQUÍDEAS,24,19,4,132,5,4,3,7,79.2,16.7,29
160010130,01,30,Colegio Distrital Friedrich Nauman Sede A,COLEGIO FRIEDRICH NAUMANN SEDE A,COLEGIO FRIEDRICH NAUMANN SEDE A,Colegio Distrital Friedrich Nauman Sede A,Colegio Friedrich Nauman Sede A,01,Usaquén,"CLL 171 B # 6 B - 16 /
CRA 6 C # 171 - 39",4.748363572000017,-74.022625715,geocodificado,IDECA/Catastro Bogotá - Puestos de Votación 2023,LIJACÁ,3,3,1,40,0,1,0,2,100.0,33.3,30
160010131,01,31,Colegio Distrital Friedrich Nauman Sede B,COLEGIO FRIEDRICH NAUMANN SEDE B,COLEGIO FRIEDRICH NAUMANN SEDE B,Colegio Distrital Friedrich Nauman Sede B,Colegio Friedrich Nauman Sede B,01,Usaquén,"CLL 181 # 6 - 03 /
CLL 182 # 6 - 30",4.758461226999998,-74.02542927500002,geocodificado,IDECA/Catastro Bogotá - Puestos de Votación 2023,LIJACÁ,6,6,2,42,1,1,1,3,100.0,33.3,31
160010132,01,32,Colegio Santa María,VERBENAL SANTA MARIA,VERBENAL SANTA MARIA,Colegio Santa María,Verbenal Santa María,01,Usaquén,CRA 11 # 185 B - 17,4.762672442999985,-74.03284929900002,geocodificado,IDECA/Catastro Bogotá - Puestos de Votación 2023,LIJACÁ,18,17,5,177,2,5,2,8,94.4,27.8,32
160010133,01,33,Colegio Distrital Salud Coop Norte,COLEGIO DISTRITAL SALUDCOOP NORTE,COLEGIO DISTRITAL SALUDCOOP NORTE,Colegio Distrital Salud Coop Norte,Colegio Distrital Saludcoop Norte,01,Usaquén,CLL 181 # 18 B - 83,4.75760600000001,-74.040412,geocodificado,IDECA/Catastro Bogotá - Puestos de Votación 2023,LIJACÁ,22,19,3,118,5,6,4,4,86.4,13.6,33
160010136,01,36,Colegio San Francisco de Asis,COLEGIO SAN FRANCISCO CL 186,COLEGIO SAN FRANCISCO CL 186,Colegio San Francisco de Asis,Colegio San Francisco CLL 186,01,Usaquén,CLL 186 # 7 - 52,4.7628659380000045,-74.02816666799998,geocodificado,IDECA/Catastro Bogotá - Puestos de Votación 2023,LIJACÁ,32,32,10,256,5,7,6,14,100.0,31.2,36
160010137,01,37,Colegio Buen Consejo,COLEGIO BUEN CONSEJO,COLEGIO BUEN CONSEJO,Colegio Buen Consejo,Colegio Buen Consejo,01,Usaquén,"CLL 104 # 17 - 22
entrada por la CLL 105 con CRA 17",4.689973843000018,-74.04904849299999,geocodificado,IDECA/Catastro Bogotá - Puestos de Votación 2023,SUBA - PRADO,3,3,1,9,0,2,1,0,100.0,33.3,37
160010138,01,38,Vía Pública Universidad Militar,UNIVERSIDAD MILITAR,UNIVERSIDAD MILITAR,Vía Pública Universidad Militar,Universidad Militar,01,Usaquén,CRA 11 con CLL 101 Esquina,4.683697676000008,-74.04260518900003,geocodificado,IDECA/Catastro Bogotá - Puestos de Votación 2023,SANTA LUCÍA (BTA),2,2,0,22,0,0,0,2,100.0,0.0,38
160010139,01,39,Colegio La Estrellita (antes Don Bosco III),COLEGIO LA ESTRELLITA,COLEGIO LA ESTRELLITA,Colegio La Estrellita (antes Don Bosco III),Colegio La Estrellita,01,Usaquén,"CRA 26 # 187 B - 37 /
CLL 187C # 4A - 30 /
CRA 4 # 187 D - 09",4.764576003000002,-74.024494156,geocodificado,IDECA/Catastro Bogotá - Puestos de Votación 2023,LIJACÁ,9,9,0,39,0,7,1,1,100.0,0.0,39
160010140,01,40,Colegio Esclavas del Sagrado Corazón,COLEGIO ESCLAVAS DEL SAGRADO CORAZON,COLEGIO ESCLAVAS DEL SAGRADO CORAZON,Colegio Esclavas del Sagrado Corazón,Colegio Esclavas del Sagrado Corazón,01,Usaquén,"CLL 175 # 20 A - 26
Entrada por detrás del CC PANAMA",4.755656316,-74.04309304200001,geocodificado,IDECA/Catastro Bogotá - Puestos de Votación 2023,ORQUÍDEAS,12,12,3,82,0,7,2,3,100.0,25.0,40
160010141,01,41,Colegio Cardenal Sancha,COLEGIO CARDENAL SANCHA,COLEGIO CARDENAL SANCHA,Colegio Cardenal Sancha,Colegio Cardenal Sancha,01,Usaquén,CLL 127 B Bis # 21 - 02,4.7097559979999915,-74.050939787,geocodificado,IDECA/Catastro Bogotá - Puestos de Votación 2023,SUBA - PRADO,4,4,0,21,0,2,1,1,100.0,0.0,41
160010142,01,42,Colegio Campestre San José,COLEGIO CAMPESTRE SAN JOSE,COLEGIO CAMPESTRE SAN JOSE,Colegio Campestre San José,Colegio Campestre San José,01,Usaquén,CLL 128 B # 20 - 80,4.713207823000005,-74.049557784,geocodificado,IDECA/Catastro Bogotá - Puestos de Votación 2023,SUBA - PRADO,8,8,0,79,1,4,0,3,100.0,0.0,42
160010143,01,43,Colegio PROVINMA,COLEGIO PROVINMA,COLEGIO PROVINMA,Colegio PROVINMA,Colegio PROVINMA,01,Usaquén,CLL 145 # 11 - 40,4.723774542000001,-74.03497694800001,geocodificado,IDECA/Catastro Bogotá - Puestos de Votación 2023,CEDRITOS,5,4,1,15,2,1,0,1,80.0,20.0,43
160010144,01,44,Colegio Eucarístico Guadalupe,COLEGIO EUCARISTICO VILLA GUADALUPE,COLEGIO EUCARISTICO VILLA GUADALUPE,Colegio Eucarístico Guadalupe,Colegio Eucarístico Guadalupe,01,Usaquén,CLL 170 #17A- 32,4.750282140000024,-74.04120595299997,geocodificado,IDECA/Catastro Bogotá - Puestos de Votación 2023,ORQUÍDEAS,17,15,5,192,4,5,0,6,88.2,29.4,44
160010145,01,45,Colegio Anglo Americano,ANGLO AMERICANO,ANGLO AMERICANO,Colegio Anglo Americano,Anglo Americano,01,Usaquén,"CLL 170 # 8 - 80 /
CLL 170 # 8 - 70",4.747961735999979,-74.02898538599999,geocodificado,IDECA/Catastro Bogotá - Puestos de Votación 2023,LIJACÁ,7,4,2,15,0,3,1,0,57.1,28.6,45
160010146,01,46,Colegio Privado Pureza de María,COLEGIO PUREZA DE MARIA,COLEGIO PUREZA DE MARIA,Colegio Privado Pureza de María,Colegio Pureza de María,01,Usaquén,CRA 7  # 147 - 02,4.722543735999977,-74.026030386,geocodificado,IDECA/Catastro Bogotá - Puestos de Votación 2023,CEDRITOS,8,7,1,19,3,2,1,1,87.5,12.5,46
160010147,01,47,Centro Comercial Belaire Plaza,CENTRO COMERCIAL BELAIRE PLAZA,CENTRO COMERCIAL BELAIRE PLAZA,Centro Comercial Belaire Plaza,Centro Comercial Belaire Plaza,01,Usaquén,CRA 7 # 152 - 54,4.726914064000027,-74.024456698,geocodificado,IDECA/Catastro Bogotá - Puestos de Votación 2023,ORQUÍDEAS,2,2,0,7,1,0,1,0,100.0,0.0,47
160010148,01,48,Centro Comercial Palatino,CENTRO COMERCIAL PALATINO,CENTRO COMERCIAL PALATINO,Centro Comercial Palatino,Centro Comercial Palatino,01,Usaquén,CRA 7 # 138 - 33,4.715298944999972,-74.02903810999999,geocodificado,IDECA/Catastro Bogotá - Puestos de Votación 2023,CEDRITOS,8,8,0,18,3,4,1,0,100.0,0.0,48
160010150,01,50,Salón Comunal Tibabita,SALON COMUNAL TIBABITA,SALON COMUNAL TIBABITA,Salón Comunal Tibabita,Salón Comunal Tibabita,01,Usaquén,CRA 8 B # 191 - 04,4.768201207000004,-74.02949776100002,geocodificado,IDECA/Catastro Bogotá - Puestos de Votación 2023,LIJACÁ,6,6,0,39,2,1,1,2,100.0,0.0,50
160010151,01,51,Colegio Distrital Aquileo Parra Sede Primaria,I E AQUILEO PARRA SEDE PRIMARIA,I E AQUILEO PARRA SEDE PRIMARIA,Colegio Distrital Aquileo Parra Sede Primaria,I E Aquileo Parra Sede Primaria,01,Usaquén,TRV 18 B # 187 - 43,4.765408610000009,-74.03934941900002,geocodificado,IDECA/Catastro Bogotá - Puestos de Votación 2023,LIJACÁ,5,4,0,39,0,1,0,3,80.0,0.0,51
160010152,01,52,Colegio Mayor José Celestino Mutis,COLEGIO MAYOR JOSE CELESTINO MUTIS,COLEGIO MAYOR JOSE CELESTINO MUTIS,Colegio Mayor José Celestino Mutis,Colegio Mayor José Celestino Mutis,01,Usaquén,CRA 11 # 185 B - 88,4.763095998999972,-74.03262163800002,geocodificado,IDECA/Catastro Bogotá - Puestos de Votación 2023,LIJACÁ,9,7,2,23,1,5,0,1,77.8,22.2,52
160010153,01,53,Colegio María Auxiliadora Norte,COLEGIO MARIA AUXILIADORA NORTE,COLEGIO MARIA AUXILIADORA NORTE,Colegio María Auxiliadora Norte,Colegio María Auxiliadora Norte,01,Usaquén,CRA 8 G # 166 - 70,4.744558521999977,-74.02956341499998,geocodificado,IDECA/Catastro Bogotá - Puestos de Votación 2023,ORQUÍDEAS,14,13,4,453,3,3,2,5,92.9,28.6,53
160010154,01,54,Salón Comunal San Cristóbal Norte,SALON COMUNAL SAN CRISTOBAL NORTE,SALON COMUNAL SAN CRISTOBAL NORTE,Salón Comunal San Cristóbal Norte,Salón Comunal San Cristóbal Norte,01,Usaquén,CLL 162 # 7 G - 37,4.737904302999993,-74.02651206399997,geocodificado,IDECA/Catastro Bogotá - Puestos de Votación 2023,ORQUÍDEAS,5,4,2,1,3,1,0,0,80.0,40.0,54
160010155,01,55,Salón Comunal Villa Nidia,SALON COMUNAL VILLA NIDIA,SALON COMUNAL VILLA NIDIA,Salón Comunal Villa Nidia,Salón Comunal Villa Nidia,01,Usaquén,CRA 4 # 160B - 23,4.734658377000017,-74.02081488300001,geocodificado,IDECA/Catastro Bogotá - Puestos de Votación 2023,ORQUÍDEAS,1,1,0,0,1,0,0,0,100.0,0.0,55
160010156,01,56,Colegio Distrital La Equidad SALUDCOOP,COLEGIO AGUSTIN FERNANDEZ SEDE D,COLEGIO AGUSTIN FERNANDEZ SEDE D,Colegio Distrital La Equidad SALUDCOOP,Colegio Distrital La Equidad SALUDCOOP,01,Usaquén,CRA 1 Este # 163 - 60,4.735055422000016,-74.01616506800002,geocodificado,IDECA/Catastro Bogotá - Puestos de Votación 2023,ORQUÍDEAS,1,1,0,0,1,0,0,0,100.0,0.0,56
160010157,01,57,Escuela Colombiana de Rehabilitación,ESCUELA COLOMBIANA DE REHABILITACION,ESCUELA COLOMBIANA DE REHABILITACION,Escuela Colombiana de Rehabilitación,Escuela Colombiana de Rehabilitación,01,Usaquén,AV CRA 15 # 151 - 68,4.732884051999974,-74.03997240500001,geocodificado,IDECA/Catastro Bogotá - Puestos de Votación 2023,ORQUÍDEAS,18,16,0,82,1,10,1,4,88.9,0.0,57
160010158,01,58,Universidad de America Sede Posgrados,UNIVERSIDAD DE AMERICA SEDE POSGRADOS,UNIVERSIDAD DE AMERICA SEDE POSGRADOS,Universidad de America Sede Posgrados,Universidad de America Sede Posgrados,01,Usaquén,CLL 106 # 19 - 18,4.692904315000021,-74.05121914199998,geocodificado,IDECA/Catastro Bogotá - Puestos de Votación 2023,SUBA - PRADO,4,4,4,62,0,1,1,2,100.0,100.0,58
160010159,01,59,Colegio Usaquén Sede B,COLEGIO USAQUEN SEDE B,COLEGIO USAQUEN SEDE B,Colegio Usaquén Sede B,Colegio Usaquén Sede B,01,Usaquén,AV CRA 9 # 146 - 40,4.724384171999986,-74.03213258699998,geocodificado,IDECA/Catastro Bogotá - Puestos de Votación 2023,CEDRITOS,9,9,3,70,1,2,2,4,100.0,33.3,59
160010160,01,60,Colegio Anglo Colombiano,COLEGIO ANGLO COLOMBIANO,COLEGIO ANGLO COLOMBIANO,Colegio Anglo Colombiano,Colegio Anglo Colombiano,01,Usaquén,AV CRA 19 # 152 A - 48,4.735146106999991,-74.04392640499998,geocodificado,IDECA/Catastro Bogotá - Puestos de Votación 2023,ORQUÍDEAS,28,26,4,196,5,10,4,7,92.9,14.3,60
160010161,01,61,The English School,THE ENGLISH SCHOOL,THE ENGLISH SCHOOL,The English School,The English School,01,Usaquén,CLL 170 # 15 - 68,4.749559755000007,-74.03846603300002,geocodificado,IDECA/Catastro Bogotá - Puestos de Votación 2023,ORQUÍDEAS,4,4,0,18,1,1,2,0,100.0,0.0,61
160010162,01,62,Unisanitas 170,UNISANITAS 170,UNISANITAS 170,Unisanitas 170,Unisanitas 170,01,Usaquén,CLL 170 # 8 - 41,4.7472734259999925,-74.02720537699997,geocodificado,IDECA/Catastro Bogotá - Puestos de Votación 2023,ORQUÍDEAS,5,5,1,30,0,2,2,1,100.0,20.0,62
160010201,02,01,Parqueadero,CHICO NORTE,CHICO NORTE | COLEGIO NACIONAL SUCRE | COLISEO DE LA LUNA | ESCUELA JUAN XXIII | I.E. GENERAL SANTANDER | I.E. JHON F. KENNEDY 16 DE JULIO | IE MARISCAL SUCRE | IE TEC COL NAL PINILLOS | MEGA COLEGIO,Parqueadero,Chicó Norte,02,Chapinero,AV CLL 100 # 16 - 75,4.685075567000013,-74.04965463600001,geocodificado,IDECA/Catastro Bogotá - Puestos de Votación 2023,SUBA - PRADO,12,8,0,41,5,1,0,2,66.7,0.0,1
160010202,02,02,Parqueadero Olímpica,IE LA ARMONIA,C.D.I. LA LUZ | CHICO RESERVADO | COL CARLOS LOZANO Y LOZANO | COLEGIO CHAMPAGNAT SEDE PRIMARIA | COLEGIO JOSE EUSEBIO CARO (BLOQUE NUEVO) | I. E. S. UNILLANOS SEDE SAN ANTONIO | I.E. EL ROSARIO SEDE CENTRAL | IE GENERAL SANTANDER SD MI TIERNA EDAD | IE LA ARMONIA | IE MPAL LICEO SUR ANDINO-SD PRINCIPAL | INST.EDC.20 DE ENERO,Parqueadero Olímpica,Chicó Reservado,02,Chapinero,CLL 97 # 10 - 45,4.679733713000019,-74.04422465800002,geocodificado,IDECA/Catastro Bogotá - Puestos de Votación 2023,FONTIBÓN,14,13,2,41,5,6,1,1,92.9,14.3,2
160010203,02,03,Liceo Francés Louis Pasteur,COLEGIO PANAMERICANO,CHICO LICEO FRANCES LOUIS PASTEUR | COLEGIO PANAMERICANO | ESCUELA BLANCA SAENZ | IE TECNICO INDUSTRIAL | INEM CARLOS ARTURO TORRES SD CENTRAL | JARDIN INF VILLA MARCELA | U.P.T.C.,Liceo Francés Louis Pasteur,Chico Liceo Francés Louis Pasteur,02,Chapinero,CLL 86 # 7 - 40,4.666711980000002,-74.046773557,geocodificado,IDECA/Catastro Bogotá - Puestos de Votación 2023,CHAPINERO,7,5,1,8,3,1,1,0,71.4,14.3,3
160010205,02,05,Universidad EAN,UNIVERSIDAD EAN,IE LEONIDAS ACUÑA SD RAFAEL VALLE MEZA | UNIVERSIDAD EAN,Universidad EAN,Universidad EAN,02,Chapinero,"CLL 79 # 11 - 45 / 
CRA 11 # 78 - 47",4.663431076999984,-74.054800253,geocodificado,IDECA/Catastro Bogotá - Puestos de Votación 2023,CHAPINERO,3,2,1,25,0,0,1,1,66.7,33.3,5
160010206,02,06,Universidad Sergio Arboleda,UNIVERSIDAD SERGIO ARBOLEDA,UNIVERSIDAD ANTONIO NARIÑO | UNIVERSIDAD DE CUNDINAMARCA | UNIVERSIDAD SERGIO ARBOLEDA,Universidad Sergio Arboleda,Universidad Sergio Arboleda,02,Chapinero,CLL 74 # 14 - 14,4.660894644999985,-74.05979578900002,geocodificado,IDECA/Catastro Bogotá - Puestos de Votación 2023,CHAPINERO,10,8,3,19,1,6,1,0,80.0,30.0,6
160010207,02,07,Universidad Pedagógica Nacional,UNIVERSIDAD PEDAGOGICA NACIONAL,UNIVERSIDAD PEDAGOGICA NACIONAL,Universidad Pedagógica Nacional,Universidad Pedagógica Nacional,02,Chapinero,CLL 72 # 11 - 86,4.657867382000006,-74.059299893,geocodificado,IDECA/Catastro Bogotá - Puestos de Votación 2023,CHAPINERO,6,6,2,32,0,5,0,1,100.0,33.3,7
160010208,02,08,Colegio Distrital Simón Rodríguez - Sede B,GRANADA COLEGIO SIMON RODRIGUEZ SEDE B,CC ECOPLAZA | GRANADA COLEGIO SIMON RODRIGUEZ SEDE B,Colegio Distrital Simón Rodríguez - Sede B,Granada Colegio Simón Rodríguez Sede B,02,Chapinero,CLL 65 Bis # 4 - 90,4.6483962589999805,-74.056648629,geocodificado,IDECA/Catastro Bogotá - Puestos de Votación 2023,BOSA LA ESTACION,2,2,0,4,0,2,0,0,100.0,0.0,8
160010209,02,09,SENA,SENA CALLE 65,COLEGIO JOSE JOAQUIN CASAS | I.E. SILVINO RODRIGUEZ SD MANZANARES | SENA CALLE 65,SENA,SENA CLL 65,02,Chapinero,CRA 13 # 65 - 10 Entrada Parqueadero,4.651756260000013,-74.06288077300002,geocodificado,IDECA/Catastro Bogotá - Puestos de Votación 2023,CHAPINERO,6,4,1,25,1,2,0,1,66.7,16.7,9
160010210,02,10,Fundación Universitaria Konrad Lorenz,UNIVERSIDAD KONRAD LORENZ,ESC REFUGIO INFANTIL | I.E. VIDA NUEVA | UNIVERSIDAD KONRAD LORENZ,Fundación Universitaria Konrad Lorenz,Universidad Konrad Lorenz,02,Chapinero,CRA 9 Bis # 62 - 43,4.64841756200002,-74.06145695999999,geocodificado,IDECA/Catastro Bogotá - Puestos de Votación 2023,CHAPINERO,7,6,3,138,1,0,2,3,85.7,42.9,10
160010211,02,11,Parqueadero SENA,SENA CALLE 52,CENTRO  COMERCIAL CENTRO CHIA | SENA CALLE 52,Parqueadero SENA,SENA CLL 52,02,Chapinero,CLL 52 # 13 - 65,4.639026453999975,-74.06613584299998,geocodificado,IDECA/Catastro Bogotá - Puestos de Votación 2023,CHAPINERO,7,7,2,60,2,1,1,3,100.0,28.6,11
160010212,02,12,Universidad Piloto de Colombia,UNIVERSIDAD PILOTO,UNIVERSIDAD PILOTO,Universidad Piloto de Colombia,Universidad Piloto,02,Chapinero,CRA 9 # 45 A - 25,4.632772357000022,-74.06547382100001,geocodificado,IDECA/Catastro Bogotá - Puestos de Votación 2023,CHAPINERO,4,4,1,38,0,1,0,3,100.0,25.0,12
160010213,02,13,Colegio Distrital Campestre Monteverde,COL CAMPESTRE MONTEVERDE SAN LUIS SD A,COL CAMPESTRE MONTEVERDE SAN LUIS SD A,Colegio Distrital Campestre Monteverde,Colegio Campestre Monteverde San Luis,02,Chapinero,CRA 5 C Este # 98 A - 55,4.670209741000008,-74.02153895200001,geocodificado,IDECA/Catastro Bogotá - Puestos de Votación 2023,CHAPINERO,22,21,15,101,10,7,1,3,95.5,68.2,13
160010214,02,14,Colegio Distrital  Simón Rodríguez Sede A,COLEGIO SIMON RODRIGUEZ SEDE A,COLEGIO COOPERATIVO EUGENIO DIAZ CASTRO | COLEGIO SIMON RODRIGUEZ SEDE A,Colegio Distrital  Simón Rodríguez Sede A,Colegio Simón Rodríguez Sede A,02,Chapinero,CLL 69 # 11 - 27,4.654052439999987,-74.06109617700002,geocodificado,IDECA/Catastro Bogotá - Puestos de Votación 2023,CHAPINERO,4,4,0,31,0,1,1,2,100.0,0.0,14
160010215,02,15,Universidad Distrital,UNIVERSIDAD DISTRITAL,UNIVERSIDAD DISTRITAL,Universidad Distrital,Universidad Distrital,02,Chapinero,CRA 8 # 40 B - 62 / 64,4.62818951600002,-74.06579504799998,geocodificado,IDECA/Catastro Bogotá - Puestos de Votación 2023,CHAPINERO,5,4,1,10,0,4,0,0,80.0,20.0,15
160010218,02,18,Vía Pública Salón Comunal Paraíso El Tropihueco,SALON COMUNAL PARAISO EL TROPIHUECO,SALON COMUNAL PARAISO EL TROPIHUECO,Vía Pública Salón Comunal Paraíso El Tropihueco,Salón Comunal Paraíso el Tropihueco,02,Chapinero,TRV 1 Este # 40 B - 90,4.626993922999986,-74.060582716,geocodificado,IDECA/Catastro Bogotá - Puestos de Votación 2023,CHAPINERO,1,1,0,6,0,0,1,0,100.0,0.0,18
160010220,02,20,Colegio Bethlemitas,BETHLEMITAS-CALLE 65,BETHLEMITAS-CALLE 65,Colegio Bethlemitas,Bethlemitas - CLL 65,02,Chapinero,CRA 5 # 65 - 55,4.648856835999993,-74.05779338299999,geocodificado,IDECA/Catastro Bogotá - Puestos de Votación 2023,CHAPINERO,8,8,5,238,1,1,1,5,100.0,62.5,20
160010221,02,21,Universidad Santo Tomás,U. SANTO TOMAS CLAUSTRO,U. SANTO TOMAS CLAUSTRO,Universidad Santo Tomás,U. Santo Tomás - Claustro,02,Chapinero,CRA 9 # 51 - 11,4.63799437199998,-74.0642537,geocodificado,IDECA/Catastro Bogotá - Puestos de Votación 2023,CHAPINERO,5,5,2,47,2,0,0,3,100.0,40.0,21
160010222,02,22,Universidad Santo Tomás,EL AQUINATE U. SANTO TOMAS,EL AQUINATE U. SANTO TOMAS,Universidad Santo Tomás,El Aquinate - U. Santo Tomás,02,Chapinero,CRA 9 A # 63 - 28,4.64918086900002,-74.061413899,geocodificado,IDECA/Catastro Bogotá - Puestos de Votación 2023,CHAPINERO,11,11,4,43,4,4,1,2,100.0,36.4,22
160010223,02,23,Colegio Nuevo Gimnasio,COLEGIO NUEVO GIMNASIO,COLEGIO NUEVO GIMNASIO,Colegio Nuevo Gimnasio,Colegio Nuevo Gimnasio,02,Chapinero,CLL 81  # 11 - 71 / CLL 80 # 11 - 70,4.664884249000011,-74.054614937,geocodificado,IDECA/Catastro Bogotá - Puestos de Votación 2023,CHAPINERO,1,1,1,12,0,0,0,1,100.0,100.0,23
160010224,02,24,Universidad Católica de Colombia,UNIVERSIDAD CATOLICA,UNIVERSIDAD CATOLICA,Universidad Católica de Colombia,Universidad Católica,02,Chapinero,CRA 14 # 47 - 44,4.634848981000005,-74.06707902099998,geocodificado,IDECA/Catastro Bogotá - Puestos de Votación 2023,CHAPINERO,5,5,2,28,1,2,1,1,100.0,40.0,24
160010225,02,25,Universidad de La Salle,UNIVERSIDAD DE LA SALLE,UNIVERSIDAD DE LA SALLE,Universidad de La Salle,Universidad de La Salle,02,Chapinero,CRA 5 # 59 A - 44,4.644731879000005,-74.06006505099998,geocodificado,IDECA/Catastro Bogotá - Puestos de Votación 2023,CHAPINERO,3,2,1,22,1,0,0,1,66.7,33.3,25
160010229,02,29,Universidad Área Andina,UNIVERSIDAD AREA ANDINA,UNIVERSIDAD AREA ANDINA,Universidad Área Andina,Universidad Área Andina,02,Chapinero,AV Caracas # 69 - 44,4.6559558160000165,-74.062303004,geocodificado,IDECA/Catastro Bogotá - Puestos de Votación 2023,CHAPINERO,2,2,1,24,0,0,0,2,100.0,50.0,29
160010231,02,31,Universidad Javeriana,UNIVERSIDAD JAVERIANA,UNIVERSIDAD JAVERIANA,Universidad Javeriana,Universidad Javeriana,02,Chapinero,CLL 40 B # 5 - 37,4.62682834200001,-74.064335637,geocodificado,IDECA/Catastro Bogotá - Puestos de Votación 2023,CHAPINERO,4,4,0,12,3,0,0,1,100.0,0.0,31
160010232,02,32,Centro Felicidad Chapinero,CENTRO FELICIDAD CHAPINERO,CENTRO FELICIDAD CHAPINERO,Centro Felicidad Chapinero,Centro Felicidad Chapinero,02,Chapinero,CLL 82 # 10 - 69,4.665461842000013,-74.05270783899999,geocodificado,IDECA/Catastro Bogotá - Puestos de Votación 2023,CHAPINERO,1,1,1,9,0,0,1,0,100.0,100.0,32
160010233,02,33,Salón Comunal San Isidro,SALON COMUNAL SAN ISIDRO,SALON COMUNAL SAN ISIDRO,Salón Comunal San Isidro,Salón Comunal San Isidro,02,Chapinero,CRA 12A Este # 97 - 61,4.667989569999975,-74.01814590599997,geocodificado,IDECA/Catastro Bogotá - Puestos de Votación 2023,CHAPINERO,2,2,2,44,1,0,0,1,100.0,100.0,33
160010237,02,37,Compensar CLL 94,COMPENSAR CALLE 94,COMPENSAR CALLE 94,Compensar CLL 94,Compensar CLL 94,02,Chapinero,CLL 94 # 23 - 43,4.681509432999974,-74.05757925199998,geocodificado,IDECA/Catastro Bogotá - Puestos de Votación 2023,ORQUÍDEAS,1,1,0,0,1,0,0,0,100.0,0.0,37
160010301,03,01,Colegio Distrital Externado Camilo Torres,CAMILO TORRES,CAMILO TORRES,Colegio Distrital Externado Camilo Torres,Camilo Torres,03,Santa Fe,CRA 7 # 33 - 64,4.620288446000018,-74.06658511799998,geocodificado,IDECA/Catastro Bogotá - Puestos de Votación 2023,CHAPINERO,7,6,2,17,2,3,0,1,85.7,28.6,1
160010303,03,03,Colegio Distrital Popicarpa Salavarrieta - Sede A,I.E. LEON XIII,I.E. LEON XIII | IE GRAN COLOMBIA | POLICARPA SALAVARRIETA,Colegio Distrital Popicarpa Salavarrieta - Sede A,Policarpa Salavarrieta,03,Santa Fe,CLL 28 # 5 A - 06,4.6149122190000185,-74.06780815299999,geocodificado,IDECA/Catastro Bogotá - Puestos de Votación 2023,BOSA LA ESTACION,9,7,3,11,4,2,1,0,77.8,33.3,3
160010304,03,04,Palacio San Francisco,CENTRO COMERCIAL GRAN PLAZA,CENTRO COMERCIAL GRAN PLAZA | ESC. URB. LA MISERICORDIA,Palacio San Francisco,Palacio San Francisco,03,Santa Fe,CLL 13 (AV Jiménez) # 7 - 56,4.601961524999979,-74.07359544100001,geocodificado,IDECA/Catastro Bogotá - Puestos de Votación 2023,BOSA LA ESTACION,3,2,0,5,0,2,0,0,66.7,0.0,4
160010305,03,05,Biblioteca Distrital Antonio Nariño,COLISEO LEON XIII,COLISEO LEON XIII | FACULTAD DE ARTES - ASAB,Biblioteca Distrital Antonio Nariño,Facultad De Artes - ASAB,03,Santa Fe,CRA 13 # 14 - 69,4.604598853000027,-74.07837073299999,geocodificado,IDECA/Catastro Bogotá - Puestos de Votación 2023,BOSA LA ESTACION,7,7,1,38,1,2,3,1,100.0,14.3,5
160010306,03,06,Colegio Distrital Efraín Cañavera - Sede B (Los Pinos),LOS LACHES,I.E. LA DESPENSA - CIUDAD VERDE | LOS LACHES,Colegio Distrital Efraín Cañavera - Sede B (Los Pinos),Los Laches,03,Santa Fe,CRA 7 Este # 5 - 20,4.587465473000009,-74.06663596700002,geocodificado,IDECA/Catastro Bogotá - Puestos de Votación 2023,EL SOSIEGO,9,8,2,40,3,1,2,2,88.9,22.2,6
160010307,03,07,Centro Comunitario Lourdes,I.E. LEON XIII - CHILOE,CENTRO ORIENTE | I.E. LEON XIII - CHILOE,Centro Comunitario Lourdes,Centro Oriente,03,Santa Fe,"CRA 2 # 4 - 10 /
CRA 2 # 4 - 12",4.5895044700000085,-74.073944853,geocodificado,IDECA/Catastro Bogotá - Puestos de Votación 2023,BOSA LA ESTACION,8,7,2,13,4,2,1,0,87.5,25.0,7
160010308,03,08,Colegio Distrital Los Ángeles - Sede B (Santa Inés),SAN BERNARDO,I.E. LA DESPENSA - MARCO FIDEL SUAREZ | SAN BERNARDO,Colegio Distrital Los Ángeles - Sede B (Santa Inés),San Bernardo,03,Santa Fe,"CLL 3 # 11 B - 40 / 
CRA 12 # 3 - 04",4.593608135000011,-74.08471557899998,geocodificado,IDECA/Catastro Bogotá - Puestos de Votación 2023,SANTANDER,3,3,0,5,1,2,0,0,100.0,0.0,8
160010309,03,09,Colegio Distrital Antonio José Uribe,LAS CRUCES,I.E. SOACHA AVANZA LA UNIDAD | LAS CRUCES,Colegio Distrital Antonio José Uribe,Las Cruces,03,Santa Fe,CLL 3 # 9 - 70,4.592220084000019,-74.08225487599998,geocodificado,IDECA/Catastro Bogotá - Puestos de Votación 2023,EL SOSIEGO,7,7,2,26,3,2,0,2,100.0,28.6,9
160010310,03,10,Colegio Distrital Jorge Soto del Corral - Sede A,COLEGIO MINUTO DE DIOS CIUDAD VERDE,COLEGIO MINUTO DE DIOS CIUDAD VERDE,Colegio Distrital Jorge Soto del Corral - Sede A,Girardot,03,Santa Fe,"CLL 3 # 1 B - 09 Este /
CLL 3 # 2 - 64 Este",4.587580038999988,-74.07299620499998,geocodificado,IDECA/Catastro Bogotá - Puestos de Votación 2023,BOSA LA ESTACION,3,3,1,19,1,0,1,1,100.0,33.3,10
160010311,03,11,Colegio Distrital Aulas Colombianas - Sede A,EL CONSUELO,EL CONSUELO | IE BENEDICTO XVI,Colegio Distrital Aulas Colombianas - Sede A,El Consuelo,03,Santa Fe,CRA 11 Este # 1 A - 85,4.580839076000018,-74.071147499,geocodificado,IDECA/Catastro Bogotá - Puestos de Votación 2023,EL SOSIEGO,2,1,0,4,0,1,0,0,50.0,0.0,11
160010312,03,12,Antigua Escuela Santa Ines,CENTRO COMERCIAL MERCURIO,CENTRO COMERCIAL MERCURIO,Antigua Escuela Santa Ines,Medicina Legal,03,Santa Fe,CRA 12 A # 7 - 07,4.59753617299998,-74.08290337699998,geocodificado,IDECA/Catastro Bogotá - Puestos de Votación 2023,BOSA LA ESTACION,3,3,0,10,1,1,1,0,100.0,0.0,12
160010313,03,13,Parqueadero primer piso edificio Julio Mario Santo Domingo Universidad de los Andes,LAS AGUAS,LAS AGUAS,Parqueadero primer piso edificio Julio Mario Santo Domingo Universidad de los Andes,Las Aguas,03,Santa Fe,CLL 21 # 1 - 20,4.604145635999998,-74.065928601,geocodificado,IDECA/Catastro Bogotá - Puestos de Votación 2023,EL SOSIEGO,2,2,2,7,0,2,0,0,100.0,100.0,13
160010314,03,14,Colegio Distrital República de Argentina - Sede B (Policarpa Salavarrieta),LAS NIEVES,LAS NIEVES,Colegio Distrital República de Argentina - Sede B (Policarpa Salavarrieta),Las Nieves,03,Santa Fe,CLL 20 # 4 - 68,4.60501358800002,-74.06913089900002,geocodificado,IDECA/Catastro Bogotá - Puestos de Votación 2023,LA VICTORIA,2,2,1,3,1,1,0,0,100.0,50.0,14
160010316,03,16,Centro Comercial El Gran San,EL GRAN SAN,EL GRAN SAN,Centro Comercial El Gran San,El Gran San,03,Santa Fe,CRA 10 # 9 - 37,4.598662967999985,-74.079125826,geocodificado,IDECA/Catastro Bogotá - Puestos de Votación 2023,KENNEDY,3,3,1,39,1,0,0,2,100.0,33.3,16
160010318,03,18,Colegio Distrital la Giralda,COLEGIO LA GIRALDA,COLEGIO LA GIRALDA,Colegio Distrital la Giralda,Colegio la Giralda,03,Santa Fe,"CLL 1 # 3 - 58 /
CLL 1 # 3 - 60",4.583296252000025,-74.07918393300002,geocodificado,IDECA/Catastro Bogotá - Puestos de Votación 2023,CHAPINERO,1,1,1,0,1,0,0,0,100.0,100.0,18
160010319,03,19,Universidad Jorge Tadeo Lozano (Parqueadero),UNIVERSIDAD JORGE TADEO LOZANO,UNIVERSIDAD JORGE TADEO LOZANO,Universidad Jorge Tadeo Lozano (Parqueadero),Universidad Jorge Tadeo Lozano,03,Santa Fe,"CRA 4 # 22 Int. 1 Ed Módulo 21 / 
CLL 23 # 4 - 47",4.607395404999977,-74.06791989499999,geocodificado,IDECA/Catastro Bogotá - Puestos de Votación 2023,EL SOSIEGO,3,2,1,8,0,1,1,0,66.7,33.3,19
160010321,03,21,Centro Comercial San Martín,CENTRO COMERCIAL SAN MARTIN,CENTRO COMERCIAL SAN MARTIN,Centro Comercial San Martín,Centro Comercial San Martín,03,Santa Fe,"CRA 7 # 32 - 84 / 
CLL 33 # 6B - 95",4.6196559900000125,-74.06767179600001,geocodificado,IDECA/Catastro Bogotá - Puestos de Votación 2023,CHAPINERO,3,3,1,36,1,0,0,2,100.0,33.3,21
160010322,03,22,Universidad Antonio Nariño,UNIV ANTONIO NARIÑO SANTA FE,UNIV ANTONIO NARIÑO SANTA FE,Universidad Antonio Nariño,Universidad Antonio Nariño Santa Fé,03,Santa Fe,"CRA 7 # 16 -75 
Sede Iberia",4.603251021999995,-74.07257022900001,geocodificado,IDECA/Catastro Bogotá - Puestos de Votación 2023,EL SOSIEGO,1,1,0,4,0,1,0,0,100.0,0.0,22
160010323,03,23,Universidad Central,UNIVERSIDAD CENTRAL,UNIVERSIDAD CENTRAL,Universidad Central,Universidad Central,03,Santa Fe,CRA 5 # 21 - 38,4.606374054000014,-74.06934482399998,geocodificado,IDECA/Catastro Bogotá - Puestos de Votación 2023,EL SOSIEGO,3,2,0,8,0,1,1,0,66.7,0.0,23
160010401,04,01,Colegio Distrital República del Ecuador I.E.D.,LAS BRISAS,IE JORGE ELICER GAITAN SD 1 | LAS BRISAS,Colegio Distrital República del Ecuador I.E.D.,Las Brisas,04,San Cristóbal,"CRA 1 A # 6 C - 50 Sur /
CRA 1 C Este # 6 C - 85 Sur",4.57683851500002,-74.080079093,geocodificado,IDECA/Catastro Bogotá - Puestos de Votación 2023,EL SOSIEGO,7,7,2,79,1,2,1,3,100.0,28.6,1
160010402,04,02,Colegio Distrital José Félix Restrepo - Sede B,SANTA ANA SUR,I.E. CIUDADELA SUCRE | I.E. JOSE EUSTACIO RIVERA | I.E.FCO.JOSE CALDAS - COSTA H. | SANTA ANA SUR,Colegio Distrital José Félix Restrepo - Sede B,Santa Ana Sur,04,San Cristóbal,CLL 10 A Sur # 3 A - 61,4.577041485999985,-74.08415687399997,geocodificado,IDECA/Catastro Bogotá - Puestos de Votación 2023,EL SOSIEGO,8,4,1,43,1,1,0,2,50.0,12.5,2
160010403,04,03,Colegio Distrital José Félix Restrepo - Sede C,SAN CRISTOBAL SUR,CENTRO EDUCATIVO REGIONAL DE SUCRE CERS | I.E. LA ISLA | I.E.D.LICEO SAMARIO | SAN CRISTOBAL SUR | UNIVERSIDAD DEL VALLE SD YUMBO,Colegio Distrital José Félix Restrepo - Sede C,San Cristóbal Sur,04,San Cristóbal,AV CLL 11 Sur # 4 - 79 Este,4.572707247999972,-74.07945500099999,geocodificado,IDECA/Catastro Bogotá - Puestos de Votación 2023,EL SOSIEGO,19,15,3,99,1,7,2,5,78.9,15.8,3
160010404,04,04,Colegio Distrital San Critóbal - Sede B,LAS MERCEDES,I E JULIO CESAR TURBAY AYALA | IE NIÑO JESUS DE PRAGA SEDE 1 | INST. ED. ANA MARIA VELEZ DE TRUJILLO | LAS MERCEDES,Colegio Distrital San Critóbal - Sede B,Las Mercedes,04,San Cristóbal,CLL 19 Sur # 10C - 44 Este,4.569269679999991,-74.08081979100001,geocodificado,IDECA/Catastro Bogotá - Puestos de Votación 2023,EL SOSIEGO,9,8,2,33,4,1,2,1,88.9,22.2,4
160010405,04,05,Colegio Distrital Manuelita Sáenz,SAN BLAS,I. E. GABRIEL GARCIA MARQUEZ | SAN BLAS,Colegio Distrital Manuelita Sáenz,San Blas,04,San Cristóbal,CRA 3 Este # 18 A - 34 Sur,4.571123990999979,-74.08486411199999,geocodificado,IDECA/Catastro Bogotá - Puestos de Votación 2023,EL SOSIEGO,10,9,0,47,3,1,4,1,90.0,0.0,5
160010406,04,06,Colegio Distrital José Félix Restrepo - Sede A,PRIMERA DE MAYO,IE LUIS C. GALAN-SD VILLAS DE CASALOMA | PRIMERA DE MAYO,Colegio Distrital José Félix Restrepo - Sede A,Primera de Mayo,04,San Cristóbal,"CRA 6 A # 18 A - 04 Sur / 
CRA 6 # 18 - 02 Sur *",4.574318484000003,-74.09008012100003,geocodificado,IDECA/Catastro Bogotá - Puestos de Votación 2023,EL SOSIEGO,34,28,6,286,6,7,1,14,82.4,17.6,6
160010407,04,07,Colegio Distrital Rafael Nuñez,SOSIEGO,SOSIEGO,Colegio Distrital Rafael Nuñez,Sosiego,04,San Cristóbal,CRA 9 A # 18 - 74 Sur,4.576361586000019,-74.093010118,geocodificado,IDECA/Catastro Bogotá - Puestos de Votación 2023,EL SOSIEGO,38,29,6,509,0,4,8,17,76.3,15.8,7
160010408,04,08,Colegio privado Salesiano Juan del Rizzo Sede B,JUAN DEL RIZZO,IE BUENOS AIRES SEDE A | JUAN DEL RIZZO,Colegio privado Salesiano Juan del Rizzo Sede B,Juan del Rizzo,04,San Cristóbal,"CLL 27 Sur # 2 B - 59 / 
CLL 27 A Sur # 2 B - 59",4.5670282099999895,-74.09322578500002,geocodificado,IDECA/Catastro Bogotá - Puestos de Votación 2023,EL SOSIEGO,14,13,1,179,0,1,0,12,92.9,7.1,8
160010409,04,09,Colegio Distrital Montebello,MONTEBELLO,MONTEBELLO,Colegio Distrital Montebello,Montebello,04,San Cristóbal,CLL 24 A Sur # 1 A - 95 Este,4.566746818000013,-74.08799157700003,geocodificado,IDECA/Catastro Bogotá - Puestos de Votación 2023,EL SOSIEGO,8,7,2,18,3,3,0,1,87.5,25.0,9
160010410,04,10,Colegio Distrital José Acevedo y Gómez - Sede A,RAMAJAL,RAMAJAL,Colegio Distrital José Acevedo y Gómez - Sede A,Ramajal,04,San Cristóbal,CRA 9 B Este # 28 - 81 Sur,4.56217359499999,-74.08363441199998,geocodificado,IDECA/Catastro Bogotá - Puestos de Votación 2023,EL SOSIEGO,3,3,2,46,0,1,0,2,100.0,66.7,10
160010411,04,11,Colegio Distrital José Castro Martínez - Sede A,BELLO HORIZONTE,BELLO HORIZONTE,Colegio Distrital José Castro Martínez - Sede A,Bello Horizonte,04,San Cristóbal,"CLL 31 D Bis Sur # 2 - 24 Este /
CLL 31 D Bis Sur # 2 - 25 Este",4.5599564949999944,-74.09247453299997,geocodificado,IDECA/Catastro Bogotá - Puestos de Votación 2023,EL SOSIEGO,7,7,1,51,0,3,1,3,100.0,14.3,11
160010412,04,12,Colegio Distrital San isidro Sur Oriental - Sede A,SAN ISIDRO,SAN ISIDRO,Colegio Distrital San isidro Sur Oriental - Sede A,San Isidro,04,San Cristóbal,CLL 34 Sur # 7 A - 88,4.565904586999977,-74.10093586300002,geocodificado,IDECA/Catastro Bogotá - Puestos de Votación 2023,EL SOSIEGO,12,11,3,127,2,3,3,3,91.7,25.0,12
160010413,04,13,Colegio Distrital Alemania Unificada - Sede B,PARQUEADERO GUACAMAYAS,PARQUEADERO GUACAMAYAS,Colegio Distrital Alemania Unificada - Sede B,Parqueadero Guacamayas,04,San Cristóbal,CRA 2 L # 38 A - 11 Sur,4.557598894000023,-74.100107218,geocodificado,IDECA/Catastro Bogotá - Puestos de Votación 2023,EL SOSIEGO,6,5,1,61,1,1,0,3,83.3,16.7,13
160010414,04,14,Colegio Distrital Juán Evangelista Gómez,SAN MARTIN DE LOBA SUR,SAN MARTIN DE LOBA SUR,Colegio Distrital Juán Evangelista Gómez,San Martín de Loba Sur,04,San Cristóbal,"DIAG 39 Sur # 2 - 10 Este  /
DIAG 39 Sur # 2 - 00 Este",4.552086760999998,-74.09566884600002,geocodificado,IDECA/Catastro Bogotá - Puestos de Votación 2023,LA VICTORIA,28,26,5,248,3,8,5,10,92.9,17.9,14
160010415,04,15,Colegio Distrital Los Alpes,BELLAVISTA SAN CRISTOBAL,BELLAVISTA SAN CRISTOBAL,Colegio Distrital Los Alpes,Bellavista San Cristóbal,04,San Cristóbal,CRA 9 Este # 36 G - 80 Sur,4.552632456000026,-74.084457042,geocodificado,IDECA/Catastro Bogotá - Puestos de Votación 2023,LA VICTORIA,15,14,5,209,1,3,3,7,93.3,33.3,15
160010416,04,16,Centro de Desarrollo Comunitario La Victoria,CDC LA VICTORIA,CDC LA VICTORIA,Centro de Desarrollo Comunitario La Victoria,CDC La Victoria,04,San Cristóbal,CLL 37 Bis B Sur # 2 - 81 Este,4.55459751799998,-74.095057457,geocodificado,IDECA/Catastro Bogotá - Puestos de Votación 2023,LA VICTORIA,49,46,4,379,14,10,7,15,93.9,8.2,16
160010417,04,17,Colegio Distrital Altamira Sur Oriental - Sede A,ALTAMIRA,ALTAMIRA,Colegio Distrital Altamira Sur Oriental - Sede A,Altamira,04,San Cristóbal,CLL 42 A Sur # 12 A - 27 Este,4.545385692000025,-74.08484396199998,geocodificado,IDECA/Catastro Bogotá - Puestos de Votación 2023,LA VICTORIA,37,35,10,301,7,10,6,12,94.6,27.0,17
160010418,04,18,Colegio Distrital El Quindío - Sede B,EL QUINDIO,EL QUINDIO,Colegio Distrital El Quindío - Sede B,El Quindío,04,San Cristóbal,CLL 46 G Sur # 16 A - 01 Este,4.53739402299999,-74.08281201800003,geocodificado,IDECA/Catastro Bogotá - Puestos de Votación 2023,LA VICTORIA,7,7,0,20,5,0,1,1,100.0,0.0,18
160010419,04,19,Colegio Distrital Juana Escobar - Sede C,REPUBLICA DEL CANADA,REPUBLICA DEL CANADA,Colegio Distrital Juana Escobar - Sede C,República del Canadá,04,San Cristóbal,CRA 13 D Bis Este # 50 - 07 Sur,4.535771782999973,-74.087327302,geocodificado,IDECA/Catastro Bogotá - Puestos de Votación 2023,LA VICTORIA,13,12,2,555,1,4,1,6,92.3,15.4,19
160010420,04,20,Colegio Distrital  Altamira - Sede B,LA GLORIA,LA GLORIA,Colegio Distrital  Altamira - Sede B,La Gloria,04,San Cristóbal,CLL 48 B Sur # 11 - 14 Este,4.541038678000007,-74.089289898,geocodificado,IDECA/Catastro Bogotá - Puestos de Votación 2023,LA VICTORIA,10,10,4,119,1,2,1,6,100.0,40.0,20
160010421,04,21,Colegio Distrital Juan Rey - Sede A,JUAN REY,JUAN REY,Colegio Distrital Juan Rey - Sede A,Juan Rey,04,San Cristóbal,CLL 70 Sur # 13 B - 27 Este,4.52243383299998,-74.089955804,geocodificado,IDECA/Catastro Bogotá - Puestos de Votación 2023,LA VICTORIA,9,7,2,100,3,1,0,3,77.8,22.2,21
160010422,04,22,Polideportivo Coliseo Villa de Los Alpes,VILLA DE LOS ALPES,VILLA DE LOS ALPES,Polideportivo Coliseo Villa de Los Alpes,Villa de los Alpes,04,San Cristóbal,"CRA 3 B  # 35 - 22 Sur / 
CRA 3 B # 35 - 04 Sur",4.561453493999977,-74.09844988499998,geocodificado,IDECA/Catastro Bogotá - Puestos de Votación 2023,EL SOSIEGO,23,18,5,162,6,4,3,5,78.3,21.7,22
160010423,04,23,Colegio Distrital Los Libertadores,LOS LIBERTADORES,LOS LIBERTADORES,Colegio Distrital Los Libertadores,Los Libertadores,04,San Cristóbal,CLL 55 Sur # 10 A - 29 Este,4.534402596999996,-74.090862975,geocodificado,IDECA/Catastro Bogotá - Puestos de Votación 2023,LA VICTORIA,9,9,1,67,2,2,2,3,100.0,11.1,23
160010424,04,24,Colegio Distrital Tomás Rueda Vargas - Sede A - parte posterior,SAN PEDRO SUR ORIENTAL,SAN PEDRO SUR ORIENTAL,Colegio Distrital Tomás Rueda Vargas - Sede A - parte posterior,San Pedro Sur Oriental,04,San Cristóbal,CRA 5 Este # 26 - 91 Sur,4.564504542000009,-74.087175151,geocodificado,IDECA/Catastro Bogotá - Puestos de Votación 2023,EL SOSIEGO,11,9,2,69,3,1,2,3,81.8,18.2,24
160010425,04,25,Salón Comunal Villa del Cerro,VILLA DEL CERRO,VILLA DEL CERRO,Salón Comunal Villa del Cerro,Villa del Cerro,04,San Cristóbal,"CLL 46 A Sur  # 3 B - 40 Este / 
CLL 46 A Sur # 3 B - 30 Este",4.5441887480000105,-74.09562216299997,geocodificado,IDECA/Catastro Bogotá - Puestos de Votación 2023,LA VICTORIA,18,18,2,172,2,4,6,6,100.0,11.1,25
160010426,04,26,Colegio Distrital Canadá Guira - Sede C,CANADA GUIRA,CANADA GUIRA,Colegio Distrital Canadá Guira - Sede C,Canada Guira,04,San Cristóbal,CLL 48 Sur # 2 - 27 Este,4.544384960000002,-74.09879301299998,geocodificado,IDECA/Catastro Bogotá - Puestos de Votación 2023,LA VICTORIA,2,2,0,6,0,2,0,0,100.0,0.0,26
160010427,04,27,Colegio Distrital Aldemar Rojas Plazas,ARBOLEDA SUR,ARBOLEDA SUR,Colegio Distrital Aldemar Rojas Plazas,Arboleda Sur,04,San Cristóbal,CRA 9 A # 14 -04 Sur,4.579195659999982,-74.091114769,geocodificado,IDECA/Catastro Bogotá - Puestos de Votación 2023,EL SOSIEGO,16,14,2,209,1,2,1,10,87.5,12.5,27
160010428,04,28,Colegio Distrital 20 de Julio Sede A,20 DE JULIO SEDE A,20 DE JULIO SEDE A,Colegio Distrital 20 de Julio Sede A,20 de Julio Sede B,04,San Cristóbal,"CRA 7 A # 24 - 01 Sur /
CLL 25 Sur # 7 - 76",4.571464269999979,-74.09452945499999,geocodificado,IDECA/Catastro Bogotá - Puestos de Votación 2023,EL SOSIEGO,25,20,2,150,4,6,3,7,80.0,8.0,28
160010429,04,29,Coliseo Deportivo Primera de Mayo,COLISEO DEPORTIVO PRIMERA DE MAYO,COLISEO DEPORTIVO PRIMERA DE MAYO,Coliseo Deportivo Primera de Mayo,Coliseo Deportivo Primera de Mayo,04,San Cristóbal,"CRA 5 Bis # 18 A - 14 Sur / 
CL 19 S # 5 - 40",4.573732098999983,-74.08919655199998,geocodificado,IDECA/Catastro Bogotá - Puestos de Votación 2023,EL SOSIEGO,26,25,6,219,2,7,2,14,96.2,23.1,29
160010430,04,30,Cancha Maracaná,SAN GERONIMO,SAN GERONIMO,Cancha Maracaná,San Gerónimo,04,San Cristóbal,CRA 18 Este # 13 - 42 Sur,4.569051081999987,-74.07476982999998,geocodificado,IDECA/Catastro Bogotá - Puestos de Votación 2023,EL SOSIEGO,5,5,0,43,1,0,2,2,100.0,0.0,30
160010431,04,31,Colegio Distrital Francisco Javier Matiz,SURAMERICA,SURAMERICA,Colegio Distrital Francisco Javier Matiz,Suramérica,04,San Cristóbal,CRA 2 A # 29 A - 29 Sur,4.565286383,-74.09360624499999,geocodificado,IDECA/Catastro Bogotá - Puestos de Votación 2023,EL SOSIEGO,1,1,1,34,0,0,0,1,100.0,100.0,31
160010432,04,32,Colegio San Vicente I.D.E.,SAN VICENTE COLSUBSIDIO,SAN VICENTE COLSUBSIDIO,Colegio San Vicente I.D.E.,San Vicente Colsubsidio,04,San Cristóbal,TRV 6 C Este # 33 - 70 Sur,4.5552809999999795,-74.087694,geocodificado,IDECA/Catastro Bogotá - Puestos de Votación 2023,LA VICTORIA,9,9,0,51,4,1,1,3,100.0,0.0,32
160010433,04,33,Colegio Distrital Alemania Unificada Sede A,GUACAMAYAS II,GUACAMAYAS II,Colegio Distrital Alemania Unificada Sede A,Guacamayas II,04,San Cristóbal,CLL 37 A Bis Sur # 2 A - 04,4.55573948,-74.09673592899998,geocodificado,IDECA/Catastro Bogotá - Puestos de Votación 2023,LA VICTORIA,8,7,1,78,0,2,0,5,87.5,12.5,33
160010434,04,34,Colegio Distrital La Victoria Sede B,ESCUELA LA VICTORIA B,ESCUELA LA VICTORIA B,Colegio Distrital La Victoria Sede B,Escuela La Victoria B,04,San Cristóbal,"CRA 3 A Este # 35 - 37 Sur /
CRA 3 A Este # 37 A - 59 Sur",4.554348807999986,-74.093910795,geocodificado,IDECA/Catastro Bogotá - Puestos de Votación 2023,LA VICTORIA,35,35,7,505,8,5,4,18,100.0,20.0,34
160010435,04,35,Colegio Distrital Juana Escobar,JUANA ESCOBAR SEDE A,JUANA ESCOBAR SEDE A,Colegio Distrital Juana Escobar,Juana Escobar Sede A,04,San Cristóbal,CRA 15 A Este # 57 A - 16 Sur,4.5305674840000165,-74.085417189,geocodificado,IDECA/Catastro Bogotá - Puestos de Votación 2023,LA VICTORIA,10,9,0,68,1,4,1,3,90.0,0.0,35
160010436,04,36,Colegio Nueva Roma I.D.E.,ROMA COLSUBSIDIO,ROMA COLSUBSIDIO,Colegio Nueva Roma I.D.E.,Roma Colsubsidio,04,San Cristóbal,CLL 48 Sur # 4 - 85 Este,4.541079743000012,-74.09591549100003,geocodificado,IDECA/Catastro Bogotá - Puestos de Votación 2023,LA VICTORIA,1,1,0,6,0,0,1,0,100.0,0.0,36
160010437,04,37,Colegio Distrital Altamira Sur Oriental Sede C - República de Israel,LA GLORIA- ESCUELA ALTAMIRA,LA GLORIA- ESCUELA ALTAMIRA,Colegio Distrital Altamira Sur Oriental Sede C - República de Israel,La Gloria – Escuela Altamira,04,San Cristóbal,CLL 44 Sur # 9 - 23 Este,4.5441000000000145,-74.08929999999998,geocodificado,IDECA/Catastro Bogotá - Puestos de Votación 2023,LA VICTORIA,17,17,2,44,7,7,3,0,100.0,11.8,37
160010438,04,38,Colegio Distrital José Acevedo y Gómez Sede B,RAMAJAL AMAPOLAS,RAMAJAL AMAPOLAS,Colegio Distrital José Acevedo y Gómez Sede B,Ramajal - Amapolas,04,San Cristóbal,CLL 30A Sur # 9A - 78 Este,4.559599999999989,-74.0829,geocodificado,IDECA/Catastro Bogotá - Puestos de Votación 2023,EL SOSIEGO,1,1,0,5,0,1,0,0,100.0,0.0,38
160010439,04,39,Polideportivo Colegio Lorenzo de Alcantuz,EL RODEO SEDE B LA GLORIA,EL RODEO SEDE B LA GLORIA,Polideportivo Colegio Lorenzo de Alcantuz,El Rodeo Sede B - La Gloria,04,San Cristóbal,CLL 44 SUR # 6 - 74 Este / CLL 44 SUR # 6 - 54 ESTE,4.546079098999996,-74.092882798,geocodificado,IDECA/Catastro Bogotá - Puestos de Votación 2023,LA VICTORIA,8,8,2,63,3,2,1,2,100.0,25.0,39
160010440,04,40,Colegio Distrital Francisco Javier Matiz Sede B,EL PORTAL,EL PORTAL,Colegio Distrital Francisco Javier Matiz Sede B,El Portal,04,San Cristóbal,CRA 3B # 30A - 42 Sur,4.565800000000024,-74.0949,geocodificado,IDECA/Catastro Bogotá - Puestos de Votación 2023,EL SOSIEGO,6,5,0,40,1,1,1,2,83.3,0.0,40
160010441,04,41,Salón Comunal La Castaña,LA CASTAÑA,LA CASTAÑA,Salón Comunal La Castaña,La Castaña,04,San Cristóbal,CLL 20 A Sur # 12 - 20 Este,4.566594818999988,-74.079841015,geocodificado,IDECA/Catastro Bogotá - Puestos de Votación 2023,EL SOSIEGO,2,1,0,17,0,0,0,1,50.0,0.0,41
160010442,04,42,Salón Comunal Atenas,SALON COMUNAL ATENAS,SALON COMUNAL ATENAS,Salón Comunal Atenas,Salón Comunal Atenas,04,San Cristóbal,CRA 1 # 36 H - 12 Sur,4.556981773000018,-74.09543434099999,geocodificado,IDECA/Catastro Bogotá - Puestos de Votación 2023,EL SOSIEGO,1,0,0,0,0,0,0,0,0.0,0.0,42
160010443,04,43,Parque urbanización Villa Javier,VILLA JAVIER LA MARIA,VILLA JAVIER LA MARIA,Parque urbanización Villa Javier,Villa Javier La María,04,San Cristóbal,Cl 8 A S 5 A 23,4.580006593999997,-74.08477373699998,geocodificado,IDECA/Catastro Bogotá - Puestos de Votación 2023,EL SOSIEGO,5,5,2,32,0,2,1,2,100.0,40.0,43
160010444,04,44,Colegio Distrital Los Libertadores - Sede A,LA BELLEZA,LA BELLEZA,Colegio Distrital Los Libertadores - Sede A,La Belleza,04,San Cristóbal,CLL 64 Sur # 10 A 39 Este,4.5304447610000125,-74.09219883100002,geocodificado,IDECA/Catastro Bogotá - Puestos de Votación 2023,LA VICTORIA,4,4,0,13,1,2,1,0,100.0,0.0,44
160010445,04,45,Colegio Distrital Aguas Claras,AGUAS CLARAS,AGUAS CLARAS,Colegio Distrital Aguas Claras,Aguas Claras,04,San Cristóbal,CLL 14 Sur # 25 - 05 Este,4.562157227,-74.06739883900002,geocodificado,IDECA/Catastro Bogotá - Puestos de Votación 2023,EL SOSIEGO,3,3,0,24,1,0,1,1,100.0,0.0,45
160010446,04,46,Salón Comunal La Roca,SALON COMUNAL LA ROCA,SALON COMUNAL LA ROCA,Salón Comunal La Roca,Salón Comunal La Roca,04,San Cristóbal,CLL 6 B Bis Sur # 5 - 29 Este,4.577924429999996,-74.07772638199998,geocodificado,IDECA/Catastro Bogotá - Puestos de Votación 2023,EL SOSIEGO,2,2,1,19,0,1,0,1,100.0,50.0,46
160010447,04,47,Colegio Distrital San Cristóbal Sur - Sede A,LAS MERCEDES II,LAS MERCEDES II,Colegio Distrital San Cristóbal Sur - Sede A,Las Mercedes II,04,San Cristóbal,CRA 10 D Este # 17 B - 46 Sur,4.569659073000025,-74.07942862099998,geocodificado,IDECA/Catastro Bogotá - Puestos de Votación 2023,LA VICTORIA,2,2,0,2,1,1,0,0,100.0,0.0,47
160010448,04,48,Colegio Distrital Montebello Sede B,MONTEBELLO SEDE B,MONTEBELLO SEDE B,Colegio Distrital Montebello Sede B,Montebello Sede B,04,San Cristóbal,CLL 28 Sur # 1 A - 37 Este,4.563757251000027,-74.08962597099998,geocodificado,IDECA/Catastro Bogotá - Puestos de Votación 2023,EL SOSIEGO,6,4,0,16,1,2,0,1,66.7,0.0,48
160010449,04,49,Colegio Distrital El Rodeo Sede A,EL RODEO SEDE A,EL RODEO SEDE A,Colegio Distrital El Rodeo Sede A,El Rodeo Sede A,04,San Cristóbal,CLL 40 A Sur # 2 - 56 Este,4.551325329000008,-74.09524105700001,geocodificado,IDECA/Catastro Bogotá - Puestos de Votación 2023,LA VICTORIA,4,4,0,23,2,0,0,2,100.0,0.0,49
160010450,04,50,Colegio Distrital Moralba Sede A,MORALBA,MORALBA,Colegio Distrital Moralba Sede A,Moralba,04,San Cristóbal,CRA 16 A Este # 42 C - 80 Sur,4.543021545999977,-74.08128968099999,geocodificado,IDECA/Catastro Bogotá - Puestos de Votación 2023,LA VICTORIA,9,9,1,36,2,5,1,1,100.0,11.1,50
160010451,04,51,Colegio Distrital Nueva Delhi,NUEVA DELHI,NUEVA DELHI,Colegio Distrital Nueva Delhi,Nueva Delhi,04,San Cristóbal,CLL 62 A Sur # 14 I - 33 Este,4.528164052000022,-74.08716431099998,geocodificado,IDECA/Catastro Bogotá - Puestos de Votación 2023,EL SOSIEGO,1,1,0,0,1,0,0,0,100.0,0.0,51
160010452,04,52,Colegio Distrital Tomás Rueda Vargas Sede B,TOMAS RUEDA VARGAS SEDE B,TOMAS RUEDA VARGAS SEDE B,Colegio Distrital Tomás Rueda Vargas Sede B,Tomás Rueda Vargas Sede B,04,San Cristóbal,CRA 5 Este # 29 A - 25 Sur,4.561553805000017,-74.08832800099998,geocodificado,IDECA/Catastro Bogotá - Puestos de Votación 2023,EL SOSIEGO,3,3,0,13,0,2,1,0,100.0,0.0,52
160010453,04,53,Colegio Distrital Entre Nubes Sur  Oriental Sede A - Anibal Fernández de Soto,ENTRE NUBES SEDE A,ENTRE NUBES SEDE A,Colegio Distrital Entre Nubes Sur  Oriental Sede A - Anibal Fernández de Soto,Entre Nubes Sede A,04,San Cristóbal,CRA 1 D Este # 43 B - 28 Sur,4.547742927999991,-74.097639582,geocodificado,IDECA/Catastro Bogotá - Puestos de Votación 2023,LA VICTORIA,3,3,0,6,2,0,1,0,100.0,0.0,53
160010454,04,54,Salón Comunal San Isidro II Sector,SALON COMUNAL SAN ISIDRO II SECTOR,SALON COMUNAL SAN ISIDRO II SECTOR,Salón Comunal San Isidro II Sector,Salón Comunal San Isidro II Sector,04,San Cristóbal,CRA 7 A # 35 A - 33 Sur,4.564123888999973,-74.10204284299999,geocodificado,IDECA/Catastro Bogotá - Puestos de Votación 2023,EL SOSIEGO,4,3,0,11,0,3,0,0,75.0,0.0,54
160010455,04,55,Colegio Distrital La Victoria Sede A,COLEGIO LA VICTORIA SEDE A,COLEGIO LA VICTORIA SEDE A,Colegio Distrital La Victoria Sede A,Colegio La Victoria Sede A,04,San Cristóbal,CRA 3 B Este # 38 - 25 Sur,4.552257037999993,-74.09342703099998,geocodificado,IDECA/Catastro Bogotá - Puestos de Votación 2023,LA VICTORIA,22,20,2,101,6,7,2,5,90.9,9.1,55
160010457,04,57,Institución Educativa Distrital I.E.D Rafael Núñez Sede B,COLEGIO RAFAEL NUÑEZ IED SEDE B,COLEGIO RAFAEL NUÑEZ IED SEDE B,Institución Educativa Distrital I.E.D Rafael Núñez Sede B,Colegio Rafael Núñez IED Sede B,04,San Cristóbal,CRA 9A # 22 B - 30 Sur,4.573996818000012,-74.09540248500002,geocodificado,IDECA/Catastro Bogotá - Puestos de Votación 2023,EL SOSIEGO,8,7,0,102,0,2,1,4,87.5,0.0,57
160010501,05,01,Colegio Distrital Francisco Antonio Zea - Sede A,USME,CENTRO COMERCIAL VENTURA TERREROS | USME,Colegio Distrital Francisco Antonio Zea - Sede A,Usme,05,Usme,CLL 136 Sur # 12 - 38,4.472581938000019,-74.12153516000001,geocodificado,IDECA/Catastro Bogotá - Puestos de Votación 2023,SANTA LIBRADA,11,9,1,31,4,3,1,1,81.8,9.1,1
160010502,05,02,Colegio Distrital El Destino,EL DESTINO,EL DESTINO | San José - Consulado | Santiago Consulado,Colegio Distrital El Destino,El Destino,05,Usme,KM 8 Vía San Juan de Sumapáz,4.408202995000011,-74.13895919100003,geocodificado,IDECA/Catastro Bogotá - Puestos de Votación 2023,SANTA LIBRADA,4,4,0,9,2,1,1,0,100.0,0.0,2
160010503,05,03,Colegio Distrital Diego Montaño Cuellar,MONTEBLANCO,I.E. ESCUELA NORMAL SUPERIOR DE NEIVA | I.E. SAN MATEO SEDE A | MONTEBLANCO,Colegio Distrital Diego Montaño Cuellar,Monteblanco,05,Usme,TRV 6 B # 100 C - 55 Sur,4.496780548999993,-74.11504819100003,geocodificado,IDECA/Catastro Bogotá - Puestos de Votación 2023,SANTA LIBRADA,8,8,5,129,0,1,1,6,100.0,62.5,3
160010504,05,04,Colegio Distrital Santa Marta,SANTA MARTA,I E NORMAL SUPERIOR DE CALDAS | I.E. SAN MATEO SEDE B | SANTA MARTA,Colegio Distrital Santa Marta,Santa Marta,05,Usme,CLL 69 D Sur # 8 B - 63,4.525273169000002,-74.11562808000002,geocodificado,IDECA/Catastro Bogotá - Puestos de Votación 2023,SANTA LIBRADA,10,10,0,78,3,2,1,4,100.0,0.0,4
160010505,05,05,Colegio Distrital Orlando Fals Borda,SANTA LIBRADA,I.E. LICEO MAYOR DE SOACHA | SANTA LIBRADA,Colegio Distrital Orlando Fals Borda,Santa Librada,05,Usme,CRA 1 A Este # 72 - 60 Sur / CRA 12 # 72 - 60 Sur ,4.519357661000015,-74.11594454099998,geocodificado,IDECA/Catastro Bogotá - Puestos de Votación 2023,SANTA LIBRADA,7,7,1,41,2,2,1,2,100.0,14.3,5
160010506,05,06,Colegio Distrital Almirante Padilla,ALMIRANTE PADILLA,ALMIRANTE PADILLA,Colegio Distrital Almirante Padilla,Almirante Padilla,05,Usme,CLL 76 A Sur # 8 D - 59 Este / CLL 76 A Sur # 8 D - 25,4.512266249999982,-74.11190314100003,geocodificado,IDECA/Catastro Bogotá - Puestos de Votación 2023,SANTA LIBRADA,8,8,1,98,2,2,2,2,100.0,12.5,6
160010507,05,07,Colegio Distrital Usminia - Sede B,USMINIA,USMINIA,Colegio Distrital Usminia - Sede B,Usminia,05,Usme,CLL 102 A Sur # 5 - 06,4.495438658000012,-74.114487295,geocodificado,IDECA/Catastro Bogotá - Puestos de Votación 2023,SANTA LIBRADA,8,8,2,52,0,4,3,1,100.0,25.0,7
160010508,05,08,Colegio Distrital Miguel de Cervantes Saavedra - Sede A,MARICHUELA,IE LA MERCED | MARICHUELA,Colegio Distrital Miguel de Cervantes Saavedra - Sede A,Marichuela,05,Usme,CRA 14 B # 76 - 33 Sur,4.512414104000015,-74.11698187600001,geocodificado,IDECA/Catastro Bogotá - Puestos de Votación 2023,SANTA LIBRADA,13,13,3,110,2,3,2,6,100.0,23.1,8
160010509,05,09,Colegio Distrital La Aurora,LA AURORA,LA AURORA,Colegio Distrital La Aurora,La Aurora,05,Usme,TRV 14 T # 70 - 49 Sur,4.5216815350000275,-74.12113946400001,geocodificado,IDECA/Catastro Bogotá - Puestos de Votación 2023,SANTA LIBRADA,22,21,3,151,4,9,4,4,95.5,13.6,9
160010510,05,10,Colegio Distrital Chuniza,CHUNIZA,CHUNIZA | Paris  - Toulouse,Colegio Distrital Chuniza,Chuniza,05,Usme,CRA 1 G Este # 84 A - 42 Sur / CRA 9 # 84 A - 82 Sur,4.505972765000024,-74.11140449099997,geocodificado,IDECA/Catastro Bogotá - Puestos de Votación 2023,USME,15,14,4,248,0,3,1,10,93.3,26.7,10
160010511,05,11,Colegio Distrital Nueva Esperanza,LA FLORA,LA FLORA,Colegio Distrital Nueva Esperanza,La Flora,05,Usme,"CRA 14 B Este # 76 - 59 Sur /
CRA 14 Este # 76 - 79 Sur",4.513564352000003,-74.09039198400001,geocodificado,IDECA/Catastro Bogotá - Puestos de Votación 2023,LA VICTORIA,5,4,0,10,2,1,1,0,80.0,0.0,11
160010513,05,13,Colegio Distrital Los Comuneros,LOS COMUNEROS,LOS COMUNEROS,Colegio Distrital Los Comuneros,Los Comuneros,05,Usme,CLL 91 C Sur # 2 A - 49,4.498587950000001,-74.10874844400001,geocodificado,IDECA/Catastro Bogotá - Puestos de Votación 2023,USME,13,13,5,151,2,2,1,8,100.0,38.5,13
160010514,05,14,Colegio Distrital El Virrey Solís,EL VIRREY,EL VIRREY,Colegio Distrital El Virrey Solís,El Virrey,05,Usme,CRA 7 # 92 A - 31 Sur,4.5025023360000205,-74.11179901000003,geocodificado,IDECA/Catastro Bogotá - Puestos de Votación 2023,USME,9,9,0,51,2,3,1,3,100.0,0.0,14
160010515,05,15,Colegio Distrital  Fabio Lozano Simonelli - Sede B,EL DANUBIO AZUL,EL DANUBIO AZUL,Colegio Distrital  Fabio Lozano Simonelli - Sede B,El Danubio Azul,05,Usme,CLL 56 A Sur # 3 A - 14,4.537765719999982,-74.11502143899997,geocodificado,IDECA/Catastro Bogotá - Puestos de Votación 2023,SANTA LUCÍA (BTA),8,6,0,25,0,4,1,1,75.0,0.0,15
160010517,05,17,Colegio Distrital El Cortijo Vianey Sede B,LA FORTALEZA,LA FORTALEZA,Colegio Distrital El Cortijo Vianey Sede B,La Fortaleza,05,Usme,CLL 73B Sur # 14C - 16,4.517830869000022,-74.11916043500003,geocodificado,IDECA/Catastro Bogotá - Puestos de Votación 2023,SANTA LIBRADA,7,7,3,36,1,3,1,2,100.0,42.9,17
160010518,05,18,Colegio Distrital Ofelia Uribe de Acosta,EL BOSQUE,EL BOSQUE,Colegio Distrital Ofelia Uribe de Acosta,El Bosque,05,Usme,"CLL 81 A Sur # 6 - 40 Este / 
TRV 1 Este # 85 - 86 Sur",4.506018317999974,-74.103115538,geocodificado,IDECA/Catastro Bogotá - Puestos de Votación 2023,USME,2,2,1,25,0,1,0,1,100.0,50.0,18
160010519,05,19,Colegio Distrital Villa Hermosa,VILLA HERMOSA,VILLA HERMOSA,Colegio Distrital Villa Hermosa,Villa Hermosa,05,Usme,CLL 97 F Sur # 6 F - 08 Este / CLL 97 Sur # 6 F - 08 Este *,4.493986247000009,-74.10232047800002,geocodificado,IDECA/Catastro Bogotá - Puestos de Votación 2023,USME,6,6,0,51,1,0,1,4,100.0,0.0,19
160010520,05,20,Colegio Distrital Atabanzha,VALLES DE CAFAM,VALLES DE CAFAM,Colegio Distrital Atabanzha,Valles de Cafam,05,Usme,CLL 92 Sur # 14 D - 87,4.507653595000022,-74.118059416,geocodificado,IDECA/Catastro Bogotá - Puestos de Votación 2023,SANTA LIBRADA,13,13,1,102,1,6,0,6,100.0,7.7,20
160010521,05,21,Colegio Distrital Fabio Lozano Simonelli,LA FISCALA,LA FISCALA,Colegio Distrital Fabio Lozano Simonelli,La Fiscala,05,Usme,CLL 65 Sur # 5 - 65,4.533770827000012,-74.111727541,geocodificado,IDECA/Catastro Bogotá - Puestos de Votación 2023,SANTA LIBRADA,5,5,1,35,2,1,1,1,100.0,20.0,21
160010522,05,22,Colegio Distrital Paulo Freire,PORTAL USME,PORTAL USME,Colegio Distrital Paulo Freire,Portal Usme,05,Usme,CRA 11 # 65 C - 50 Sur,4.532631465999998,-74.117002275,geocodificado,IDECA/Catastro Bogotá - Puestos de Votación 2023,SANTA LIBRADA,9,8,1,51,2,2,1,3,88.9,11.1,22
160010523,05,23,Colegio Distrital Brasilia,BRASILIA,BRASILIA,Colegio Distrital Brasilia,Brasilia,05,Usme,"CRA 12 B # 73 B - 97 Sur /
CRA 12 B # 73 B - 31 Sur",4.517608741000004,-74.11643953200002,geocodificado,IDECA/Catastro Bogotá - Puestos de Votación 2023,SANTA LIBRADA,12,12,2,68,4,2,4,2,100.0,16.7,23
160010524,05,24,Colegio Distrital El Cortijo Vianey - Sede A,EL CORTIJO USME,EL CORTIJO USME,Colegio Distrital El Cortijo Vianey - Sede A,El Cortijo,05,Usme,"CRA 2A # 74B - 00 Sur /
CLL 74B Sur # 14H - 25 ",4.515102343000024,-74.11894304100002,geocodificado,IDECA/Catastro Bogotá - Puestos de Votación 2023,SANTA LIBRADA,1,1,0,9,0,0,1,0,100.0,0.0,24
160010525,05,25,Colegio Distrital Eduardo Mora Osejo,TENERIFE,TENERIFE,Colegio Distrital Eduardo Mora Osejo,Tenerife,05,Usme,CLL 95 Sur # 14 B - 64,4.503935167000009,-74.11880590700002,geocodificado,IDECA/Catastro Bogotá - Puestos de Votación 2023,SANTA LIBRADA,2,2,0,5,0,2,0,0,100.0,0.0,25
160010526,05,26,Colegio Distrital Gran Yomasa,GRAN YOMASA,GRAN YOMASA,Colegio Distrital Gran Yomasa,Gran Yomasa,05,Usme,CLL 81 C Sur # 8 A - 06,4.508524000000023,-74.109734,geocodificado,IDECA/Catastro Bogotá - Puestos de Votación 2023,USME,13,12,1,93,3,2,2,5,92.3,7.7,26
160010527,05,27,Colegio Distrital Federico Lorca Sede B,CABAÑAS,CABAÑAS,Colegio Distrital Federico Lorca Sede B,Cabañas,05,Usme,CLL 80 A Sur # 5 - 15,4.509258999999986,-74.10793999999999,geocodificado,IDECA/Catastro Bogotá - Puestos de Votación 2023,SANTA LIBRADA,2,2,0,2,1,1,0,0,100.0,0.0,27
160010528,05,28,Colegio Distrital Los Tejares Sede A,LOS TEJARES,LOS TEJARES,Colegio Distrital Los Tejares Sede A,Tejares,05,Usme,CLL 75 C Bis Sur # 5 - 52,4.51305905800001,-74.10833540099998,geocodificado,IDECA/Catastro Bogotá - Puestos de Votación 2023,SANTA LIBRADA,5,5,1,88,0,0,2,3,100.0,20.0,28
160010529,05,29,Colegio Distrital Fernando González Ochoa,COLEGIO FERNANDO GONZALEZ OCHOA,COLEGIO FERNANDO GONZALEZ OCHOA,Colegio Distrital Fernando González Ochoa,Colegio Fernando González Ochoa,05,Usme,"CRA 4 A # 89 - 43 Sur /
CRA 4 # 89 - 43 Sur",4.502669292999997,-74.10763076799998,geocodificado,IDECA/Catastro Bogotá - Puestos de Votación 2023,USME,4,4,1,30,0,1,2,1,100.0,25.0,29
160010530,05,30,Colegio Distrital Estanislao Zuleta Sede A,ALFONSO LOPEZ,ALFONSO LOPEZ,Colegio Distrital Estanislao Zuleta Sede A,Alfonso López,05,Usme,"CRA 7 C Este # 92 - 48 Sur/
CRA 7 C Este # 90 A - 35 Sur ",4.497975999999994,-74.100862,geocodificado,IDECA/Catastro Bogotá - Puestos de Votación 2023,USME,7,7,2,75,0,0,3,4,100.0,28.6,30
160010531,05,31,Colegio Distrital Estanislao Zuleta Sede B,LA ALBORADA,LA ALBORADA,Colegio Distrital Estanislao Zuleta Sede B,La Alborada,05,Usme,CRA 4 Este # 90 D - 24 Sur,4.497972000000004,-74.10395699999998,geocodificado,IDECA/Catastro Bogotá - Puestos de Votación 2023,USME,9,9,0,141,3,1,0,5,100.0,0.0,31
160010532,05,32,Colegio Distrital Ciudad de Villavicencio Sede A,UVAL - PUERTA AL LLANO,UVAL - PUERTA AL LLANO,Colegio Distrital Ciudad de Villavicencio Sede A,Uval - Puerta al Llano,05,Usme,"CRA 6 H Este # 114 - 88 Sur /
TRV 7 Este # 107 A - 50 Sur",4.487108999999975,-74.10247700000002,geocodificado,IDECA/Catastro Bogotá - Puestos de Votación 2023,USME,5,5,0,39,2,1,0,2,100.0,0.0,32
160010533,05,33,Colegio Distrital Eduardo Umaña Mendoza,VILLA ALEMANIA,VILLA ALEMANIA,Colegio Distrital Eduardo Umaña Mendoza,Villa Alemania,05,Usme,"CLL 111 A Sur # 4 B - 07 Este /
CLL 111 A Bis Sur # 3 A - 07 *",4.489735672999984,-74.11255110899998,geocodificado,IDECA/Catastro Bogotá - Puestos de Votación 2023,USME,12,12,3,149,0,1,2,9,100.0,25.0,33
160010534,05,34,Colegio Distrital Francisco Antonio Zea - Sede B,USME - CENTRO,USME - CENTRO,Colegio Distrital Francisco Antonio Zea - Sede B,Usme - Centro,05,Usme,CRA 13 # 137 D - 40 Sur,4.469545079999989,-74.12533529199999,geocodificado,IDECA/Catastro Bogotá - Puestos de Votación 2023,SANTA LIBRADA,4,4,1,23,0,2,1,1,100.0,25.0,34
160010535,05,35,Colegio Distrital Brazuelos,BRAZUELOS,BRAZUELOS,Colegio Distrital Brazuelos,Brazuelos,05,Usme,CLL 104 Sur # 14 - 90,4.494948851999993,-74.11987399899999,geocodificado,IDECA/Catastro Bogotá - Puestos de Votación 2023,USME,6,6,0,46,0,2,1,3,100.0,0.0,35
160010536,05,36,Centro de Desarrollo Comunitario Julio César Sánchez,CDC JULIO CESAR SANCHEZ,CDC JULIO CESAR SANCHEZ,Centro de Desarrollo Comunitario Julio César Sánchez,CDC Julio César Sánchez,05,Usme,CLL 91 Sur # 4C - 26,4.501102801000002,-74.10917208900003,geocodificado,IDECA/Catastro Bogotá - Puestos de Votación 2023,USME,17,17,2,196,1,5,1,10,100.0,11.8,36
160010537,05,37,Colegio Distrital Federico García Lorca Sede A,VIA AL LLANO,VIA AL LLANO,Colegio Distrital Federico García Lorca Sede A,Vía al llano,05,Usme,CRA 5 # 83 - 03 Sur,4.507312378999984,-74.10721803000001,geocodificado,IDECA/Catastro Bogotá - Puestos de Votación 2023,USME,1,1,0,0,1,0,0,0,100.0,0.0,37
160010538,05,38,Colegio Distrital Nuevo San Andrés de Los Altos,NUSADAL,NUSADAL,Colegio Distrital Nuevo San Andrés de Los Altos,Nusadal,05,Usme,CLL 69 A Bis Sur # 14 C - 18,4.524796745000003,-74.120113253,geocodificado,IDECA/Catastro Bogotá - Puestos de Votación 2023,SANTA LIBRADA,8,8,2,156,0,2,0,6,100.0,25.0,38
160010539,05,39,Jardín Infantil la Fortaleza del Oso,JARDIN INFANTIL LA FORTALEZA DEL OSO,JARDIN INFANTIL LA FORTALEZA DEL OSO,Jardín Infantil la Fortaleza del Oso,Jardín Infantil la Fortaleza del Oso,05,Usme,CLL 71 D Sur # 14 - 64,4.520474616999991,-74.118284802,geocodificado,IDECA/Catastro Bogotá - Puestos de Votación 2023,SANTA LIBRADA,2,2,1,12,0,1,1,0,100.0,50.0,39
160010541,05,41,Jardín Infantil Entre Nubes,BOLONIA,BOLONIA,Jardín Infantil Entre Nubes,Bolonia,05,Usme,CLL 79 Sur # 10 - 50 Este,4.511011552000014,-74.098650088,geocodificado,IDECA/Catastro Bogotá - Puestos de Votación 2023,USME,12,12,0,186,3,0,1,8,100.0,0.0,41
160010542,05,42,Colegio José Eustasio Rivera,COLEGIO JOSE EUSTASIO RIVERA,COLEGIO JOSE EUSTASIO RIVERA,Colegio José Eustasio Rivera,Colegio José Eustasio Rivera,05,Usme,"CRA 3 # 136 - 98 Sur Entrada Parqueadero /
CRA 14 135 05 Sur",4.4753164090000155,-74.12277976000001,geocodificado,IDECA/Catastro Bogotá - Puestos de Votación 2023,GALAN,1,1,0,11,0,0,0,1,100.0,0.0,42
160010543,05,43,Colegio Andrés Escobar,COLEGIO ANDRES ESCOBAR,COLEGIO ANDRES ESCOBAR,Colegio Andrés Escobar,Colegio Andrés Escobar,05,Usme,CRA 3 B 55 B 30 Sur,4.538386220000007,-74.114646671,geocodificado,IDECA/Catastro Bogotá - Puestos de Votación 2023,SANTA LUCÍA (BTA),2,2,1,4,1,1,0,0,100.0,50.0,43
160010544,05,44,Centro Comercial Altavista,CENTRO COMERCIAL ALTAVISTA,CENTRO COMERCIAL ALTAVISTA,Centro Comercial Altavista,Centro Comercial Altavista,05,Usme,"CRA 1 # 65 D - 58 Sur
Entrada del Parqueadero / CLL 65C Sur 11 71",4.532900723000012,-74.118427956,geocodificado,IDECA/Catastro Bogotá - Puestos de Votación 2023,SANTA LIBRADA,10,10,1,57,2,4,1,3,100.0,10.0,44
160010545,05,45,Santa Librada 2,SANTA LIBRADA 2,SANTA LIBRADA 2,Santa Librada 2,Santa Librada 2,05,Usme,CLL 75B Sur # 9B - 06,4.513866439000026,-74.11310002800002,geocodificado,IDECA/Catastro Bogotá - Puestos de Votación 2023,SANTA LIBRADA,24,24,5,156,6,10,1,7,100.0,20.8,45
160010546,05,46,Colegio Miravalle I.E.D.,MIRAVALLE,MIRAVALLE,Colegio Miravalle I.E.D.,Miravalle,05,Usme,"DIAG 76 Sur # 3B -30 / 
DIAG 76 Sur # 14P - 10",4.513267756000005,-74.119731479,geocodificado,IDECA/Catastro Bogotá - Puestos de Votación 2023,USME,1,1,0,1,0,1,0,0,100.0,0.0,46
160010547,05,47,Salón Comunal Nuevo Porvenir,NUEVO PORVENIR,NUEVO PORVENIR,Salón Comunal Nuevo Porvenir,Nuevo Porvenir,05,Usme,CRA 5 B Este 98 B 10 Sur,4.492683949000025,-74.10432084299998,geocodificado,IDECA/Catastro Bogotá - Puestos de Votación 2023,USME,1,1,0,11,0,0,0,1,100.0,0.0,47
160010548,05,48,Centro Comunitario Alfonso Lopez 1 y 2,SALON COMUNAL ALFONSO LOPEZ 1 y 2,SALON COMUNAL ALFONSO LOPEZ 1 y 2,Centro Comunitario Alfonso Lopez 1 y 2,Salón Comunal Alfonso Lopez 1 y 2,05,Usme,CRA 6C Este # 89 - 57 Sur,4.500990378999973,-74.10197503799998,geocodificado,IDECA/Catastro Bogotá - Puestos de Votación 2023,USME,2,2,0,9,1,0,1,0,100.0,0.0,48
160010601,06,01,Colegio Distrital Rufino José de Cuervo - Sede A,TUNJUELITO A,TUNJUELITO A,Colegio Distrital Rufino José de Cuervo - Sede A,Tunjuelito A,06,Tunjuelito,"CRA 11 B # 52 - 53 Sur /
CRA 12 # 52 - 60 Sur",4.55947267099998,-74.12478150499999,geocodificado,IDECA/Catastro Bogotá - Puestos de Votación 2023,SAN VICENTE FERRER,15,15,5,249,4,7,0,4,100.0,33.3,1
160010602,06,02,Instituto Técnico Industrial Piloto - Sede A,"FATIMA ""A""","FATIMA ""A""",Instituto Técnico Industrial Piloto - Sede A,"Fátima ""A""",06,Tunjuelito,CRA 35 # 51 B - 87 Sur ,4.585521977999974,-74.137989269,geocodificado,IDECA/Catastro Bogotá - Puestos de Votación 2023,SAN VICENTE FERRER,13,13,4,58,5,5,1,2,100.0,30.8,2
160010603,06,03,Colegio Distrital Cecilia de la Fuente Lleras - Sede B (Rufino José de Cuervo),ABRAHAM LINCOLN,ABRAHAM LINCOLN,Colegio Distrital Cecilia de la Fuente Lleras - Sede B (Rufino José de Cuervo),Abraham Lincoln,06,Tunjuelito,CRA 8 # 53 A - 44 Sur,4.555324423000002,-74.12380751400002,geocodificado,IDECA/Catastro Bogotá - Puestos de Votación 2023,SANTA LUCÍA (BTA),2,2,0,6,1,0,1,0,100.0,0.0,3
160010604,06,04,Colegio Distrital San Carlos - Sede B,SAN CARLOS,SAN CARLOS,Colegio Distrital San Carlos - Sede B,San Carlos,06,Tunjuelito,CRA 19 # 50 A - 37 Sur,4.569460391999996,-74.12815740500002,geocodificado,IDECA/Catastro Bogotá - Puestos de Votación 2023,SANTA LUCÍA (BTA),12,10,3,113,1,3,2,4,83.3,25.0,4
160010605,06,05,Colegio Distrital José Antonio Ricaurte,SAN BENITO,SAN BENITO,Colegio Distrital José Antonio Ricaurte,San Benito,06,Tunjuelito,CRA 18 # 56 A - 45 Sur,4.564414945999999,-74.13237462000001,geocodificado,IDECA/Catastro Bogotá - Puestos de Votación 2023,SAN VICENTE FERRER,4,4,2,18,1,2,0,1,100.0,50.0,5
160010606,06,06,Colegio Distrital Santiago Pérez - Sede A,"EL TUNAL ""A""","EL TUNAL ""A""",Colegio Distrital Santiago Pérez - Sede A,"El Tunal ""A""",06,Tunjuelito,"CRA 24 # 49 - 86 Sur / 
CRA 24 # 48 C - 86 Sur",4.575923138999997,-74.13192148000002,geocodificado,IDECA/Catastro Bogotá - Puestos de Votación 2023,SANTA LUCÍA (BTA),16,14,3,51,5,6,1,2,87.5,18.8,6
160010607,06,07,Colegio Distrital Rafaél Uribe Uribe - Sede B,"EL CARMEN SUR ""A""","EL CARMEN SUR ""A""",Colegio Distrital Rafaél Uribe Uribe - Sede B,"El Carmen Sur ""A""",06,Tunjuelito,"CLL 48 B Sur # 28 - 75 /
CRA 29 # 48 B - 36 Sur",4.582996852000008,-74.13231081700002,geocodificado,IDECA/Catastro Bogotá - Puestos de Votación 2023,SAN VICENTE FERRER,14,11,2,43,3,5,2,1,78.6,14.3,7
160010608,06,08,Colegio Distrital Ciudad de Bogotá - Sede A,SAN VICENTE FERRER,LICEO CRISTIANO VIDA NUEVA | SAN VICENTE FERRER,Colegio Distrital Ciudad de Bogotá - Sede A,San Vicente Ferrer,06,Tunjuelito,CRA 25 # 53 B - 32 Sur,4.577185762999989,-74.13827658500003,geocodificado,IDECA/Catastro Bogotá - Puestos de Votación 2023,SAN VICENTE FERRER,23,19,3,191,4,4,6,5,82.6,13.0,8
160010609,06,09,Colegio Distrital Venecia - Sede A,VENECIA A,VENECIA A,Colegio Distrital Venecia - Sede A,"Venecia ""A""",06,Tunjuelito,"CRA 55 # 49 - 25 Sur /
CRA 55 # 49 - 55 Sur
",4.59223242500002,-74.143583009,geocodificado,IDECA/Catastro Bogotá - Puestos de Votación 2023,SAN VICENTE FERRER,14,11,3,42,2,5,3,1,78.6,21.4,9
160010610,06,10,Colegio Distrital Venecia - Sede B,"NUEVO MUZU ""A""","NUEVO MUZU ""A""",Colegio Distrital Venecia - Sede B,"Nuevo Muzu ""A""",06,Tunjuelito,"CRA 59 # 52 A - 30 Sur /
CRA 61 B # 52 A - 20 Sur",4.586123154999996,-74.147599577,geocodificado,IDECA/Catastro Bogotá - Puestos de Votación 2023,SAN VICENTE FERRER,18,15,8,166,2,2,4,7,83.3,44.4,10
160010611,06,11,Colegio Distrital Isla del Sol,ISLA DEL SOL,ISLA DEL SOL,Colegio Distrital Isla del Sol,Isla del Sol,06,Tunjuelito,CLL 67 B Sur # 63 - 19,4.589211384999999,-74.15250680100002,geocodificado,IDECA/Catastro Bogotá - Puestos de Votación 2023,SAN VICENTE FERRER,17,14,13,138,2,5,4,3,82.4,76.5,11
160010612,06,12,"Colegio Nuestra Señora de Fátima Policía Nacional
",VENECIA B,VENECIA B,"Colegio Nuestra Señora de Fátima Policía Nacional
","Venecia ""B""",06,Tunjuelito,"DIAG 49 Sur # 48 - 71 / 
DIAG 49 Sur # 51 D - 05",4.591309935000027,-74.134800573,geocodificado,IDECA/Catastro Bogotá - Puestos de Votación 2023,LA ALQUERÍA,3,2,0,0,2,0,0,0,66.7,0.0,12
160010613,06,13,Centro Educativo Distrital Nuevo Tunjuelito (Rufi# José de Cuervo Sede C),TUNJUELITO B,TUNJUELITO B,Centro Educativo Distrital Nuevo Tunjuelito (Rufi# José de Cuervo Sede C),Tunjuelito B,06,Tunjuelito,"CLL 58 Sur # 12A - 45 / 
CLL 58A Sur # 12 A - 25",4.559080650999988,-74.12936562099998,geocodificado,IDECA/Catastro Bogotá - Puestos de Votación 2023,SANTA LUCÍA (BTA),3,3,0,9,1,1,1,0,100.0,0.0,13
160010614,06,14,Colegio Distrital José María Córdoba,"EL TUNAL ""B""","EL TUNAL ""B""",Colegio Distrital José María Córdoba,"El Tunal ""B""",06,Tunjuelito,"CLL 48 C Sur # 24 - 14 / 
CLL 48 C Sur # 24 - 41 ",4.577674664000028,-74.13189651099998,geocodificado,IDECA/Catastro Bogotá - Puestos de Votación 2023,SAN VICENTE FERRER,18,18,5,186,1,6,5,6,100.0,27.8,14
160010615,06,15,Colegio Distrital Santiago Pérez Sede B,"EL CARMEN SUR ""B""","EL CARMEN SUR ""B""",Colegio Distrital Santiago Pérez Sede B,"El Carmen Sur ""B""",06,Tunjuelito,CLL 48 B Sur # 28 - 56,4.583144000000004,-74.13187099999999,geocodificado,IDECA/Catastro Bogotá - Puestos de Votación 2023,SAN VICENTE FERRER,4,4,1,24,0,1,3,0,100.0,25.0,15
160010616,06,16,Colegio Instituto Técnico Industrial Piloto Sede B,"FATIMA ""B""","FATIMA ""B""",Colegio Instituto Técnico Industrial Piloto Sede B,"Fátima ""B""",06,Tunjuelito,"DIAG 50 # 34 A - 00 Sur /
DIAG 52 A Sur # 33 - 81 ",4.584682175000012,-74.13874222099997,geocodificado,IDECA/Catastro Bogotá - Puestos de Votación 2023,SAN VICENTE FERRER,11,11,6,104,2,3,3,3,100.0,54.5,16
160010617,06,17,Polideportivo Nuevo Muzu,"NUEVO MUZO ""B""","NUEVO MUZO ""B""",Polideportivo Nuevo Muzu,"Nuevo Muzu ""B""",06,Tunjuelito,"CRA 59 # 52 A - 50 Sur / 
CRA 61 B # 52 A 20 Sur ",4.585840277999978,-74.14743701399999,geocodificado,IDECA/Catastro Bogotá - Puestos de Votación 2023,SAN VICENTE FERRER,9,9,3,90,1,3,1,4,100.0,33.3,17
160010619,06,19,Liceo Santa Bernardita,LICEO SANTA BERNARDITA,LICEO SANTA BERNARDITA,Liceo Santa Bernardita,Liceo Santa Bernardita,06,Tunjuelito,DIAG 51 A Sur # 54 A - 32,4.589990415999978,-74.14308346399997,geocodificado,IDECA/Catastro Bogotá - Puestos de Votación 2023,SAN VICENTE FERRER,10,10,3,397,1,3,0,6,100.0,30.0,19
160010620,06,20,Colegio Cooperativo Venecia,COLEGIO COOPERATIVO VENECIA,COLEGIO COOPERATIVO VENECIA,Colegio Cooperativo Venecia,Colegio Cooperativo Venecia,06,Tunjuelito,DIAG 47 A Sur # 53 A - 95,4.592878913999982,-74.14062679,geocodificado,IDECA/Catastro Bogotá - Puestos de Votación 2023,SAN VICENTE FERRER,7,6,3,234,0,2,0,4,85.7,42.9,20
160010621,06,21,Colegio Cooperativo Nuevo MUZU,COOPERATIVO NUEVO MUZU,COOPERATIVO NUEVO MUZU,Colegio Cooperativo Nuevo MUZU,Cooperativo Nuevo MUZU,06,Tunjuelito,"CRA 59 # 51 B - 46 Sur / 
CRA 61B # 51B - 46 Sur",4.587398302999986,-74.14794178,geocodificado,IDECA/Catastro Bogotá - Puestos de Votación 2023,SAN VICENTE FERRER,4,4,2,8,3,0,1,0,100.0,50.0,21
160010623,06,23,Colegio Nuestra Señora de Las Victorias,NUESTRA SEÑORA LAS VICTORIAS,NUESTRA SEÑORA LAS VICTORIAS,Colegio Nuestra Señora de Las Victorias,Nuestra Señora de Las Victorias,06,Tunjuelito,CRA 12 B # 57 - 52 Sur,4.55926801999999,-74.128959361,geocodificado,IDECA/Catastro Bogotá - Puestos de Votación 2023,SANTA LUCÍA (BTA),2,2,0,9,0,2,0,0,100.0,0.0,23
160010624,06,24,Colegio Santa Cecilia De Tunjuelito,SANTA CECILIA DE TUNJUELITO,SANTA CECILIA DE TUNJUELITO,Colegio Santa Cecilia De Tunjuelito,Santa Cecilia de Tunjuelito,06,Tunjuelito,CRA 11 # 52 - 41 Sur,4.558616506000021,-74.12419151300003,geocodificado,IDECA/Catastro Bogotá - Puestos de Votación 2023,SANTA LUCÍA (BTA),6,6,0,38,1,1,3,1,100.0,0.0,24
160010625,06,25,Casa de Justicia de Tunjuelito,CASA DE JUSTICIA DE TUNJUELITO,CASA DE JUSTICIA DE TUNJUELITO,Casa de Justicia de Tunjuelito,Casa de Justicia de Tunjuelito,06,Tunjuelito,CLL 51 Sur # 7 - 35,4.556095395,-74.12162619999998,geocodificado,IDECA/Catastro Bogotá - Puestos de Votación 2023,SAN VICENTE FERRER,7,7,3,134,2,2,1,2,100.0,42.9,25
160010627,06,27,Colegio Distrital San Benito Abad,SAN BENITO ABAD,SAN BENITO ABAD,Colegio Distrital San Benito Abad,San Benito Abad ,06,Tunjuelito,"CLL 58 # 19 B - 67 Sur / 
CLL 58 # 19 B - 63 Sur",4.566595381000013,-74.13704436299997,geocodificado,IDECA/Catastro Bogotá - Puestos de Votación 2023,SAN VICENTE FERRER,4,4,2,23,0,2,1,1,100.0,50.0,27
160010628,06,28,Colegio Distrital Ciudad de Bogotá Sede B,CIUDAD BOGOTA SEDE B,CIUDAD BOGOTA SEDE B,Colegio Distrital Ciudad de Bogotá Sede B,Ciudad de Bogotá Sede B,06,Tunjuelito,"CRA 25 # 55 A - 18 Sur / 
CRA 27 # 55 A - 18 Sur",4.577459999999974,-74.14024999999998,geocodificado,IDECA/Catastro Bogotá - Puestos de Votación 2023,SAN VICENTE FERRER,31,29,7,338,3,11,6,9,93.5,22.6,28
160010629,06,29,Colegio Privado Parroquial San Carlos,PARROQUIAL SAN CARLOS,PARROQUIAL SAN CARLOS,Colegio Privado Parroquial San Carlos,Parroquial San Carlos,06,Tunjuelito,CRA 18 A # 53 - 54 Sur,4.5664477639999745,-74.13012683400001,geocodificado,IDECA/Catastro Bogotá - Puestos de Votación 2023,SANTA LUCÍA (BTA),18,17,5,108,2,8,2,5,94.4,27.8,29
160010630,06,30,Jardín Infantil Carmen Sur,JARDIN INFANTIL CARMEN SUR,JARDIN INFANTIL CARMEN SUR,Jardín Infantil Carmen Sur,Jardín Infantil Carmen Sur,06,Tunjuelito,CRA 28 # 48 A - 17 Sur,4.582839460999992,-74.13170169699998,geocodificado,IDECA/Catastro Bogotá - Puestos de Votación 2023,SAN VICENTE FERRER,11,11,5,102,1,3,2,5,100.0,45.5,30
160010631,06,31,Colegio Distrital Instituto Técnico Piloto Sede C,INSTITUTO TECNICO PILOTO SEDE C,INSTITUTO TECNICO PILOTO SEDE C,Colegio Distrital Instituto Técnico Piloto Sede C,Instituto Técnico Piloto Sede C,06,Tunjuelito,CLL 54 Sur # 37 A - 37,4.586822288999997,-74.142227832,geocodificado,IDECA/Catastro Bogotá - Puestos de Votación 2023,SAN VICENTE FERRER,11,11,1,73,2,5,2,2,100.0,9.1,31
160010633,06,33,Jardín Infantil Pablo de Tarso,JARDIN INFANTIL PABLO DE TARSO,JARDIN INFANTIL PABLO DE TARSO,Jardín Infantil Pablo de Tarso,Jardín Infantil Pablo de Tarso,06,Tunjuelito,DIAG 48 Sur # 51 D- 57,4.591166225999984,-74.13540603899997,geocodificado,IDECA/Catastro Bogotá - Puestos de Votación 2023,SAN VICENTE FERRER,1,1,0,6,0,0,1,0,100.0,0.0,33
160010635,06,35,Colegio Distrital Agustín Codazzi,SALON COMUNAL BARRIO EL CARMEN,SALON COMUNAL BARRIO EL CARMEN,Colegio Distrital Agustín Codazzi,Colegio Distrital Agustín Codazzi,06,Tunjuelito,CLL 48 B Sur # 28 - 56,4.583027458999993,-74.13202584700002,geocodificado,IDECA/Catastro Bogotá - Puestos de Votación 2023,SAN VICENTE FERRER,4,4,1,88,1,0,0,3,100.0,25.0,35
160010636,06,36,Salón Comunal Venecia,SALON COMUNAL VENECIA,SALON COMUNAL VENECIA,Salón Comunal Venecia,Salón Comunal Venecia,06,Tunjuelito,DIAG 49 # 53 B -02 Sur,4.592052436000017,-74.14074181000001,geocodificado,IDECA/Catastro Bogotá - Puestos de Votación 2023,SAN VICENTE FERRER,2,1,0,0,1,0,0,0,50.0,0.0,36
160010701,07,01,Colegio Distrital Argelia,BOSA,BOSA,Colegio Distrital Argelia,Bosa,07,Bosa,CLL 63 Sur # 81 A - 30,4.611585041000012,-74.185780131,geocodificado,IDECA/Catastro Bogotá - Puestos de Votación 2023,BOSA LA ESTACION,21,18,5,118,5,5,6,2,85.7,23.8,1
160010702,07,02,Salón Comunal Villa del Río,VILLA DEL RIO,VILLA DEL RIO,Salón Comunal Villa del Río,Villa del Río,07,Bosa,CLL 55 A # 66 - 50 Sur,4.60222541600001,-74.157387368,geocodificado,IDECA/Catastro Bogotá - Puestos de Votación 2023,KENNEDY,4,3,1,38,0,1,0,2,75.0,25.0,2
160010703,07,03,Colegio Distrital José Antonio Galán,JOSE ANTONIO GALAN,JOSE ANTONIO GALAN,Colegio Distrital José Antonio Galán,José Antonio Galán,07,Bosa,CRA 78 J # 58 M - 10 Sur,4.606142614000021,-74.17896635800003,geocodificado,IDECA/Catastro Bogotá - Puestos de Votación 2023,BOSA LA ESTACION,24,23,19,185,2,8,4,9,95.8,79.2,3
160010704,07,04,Colegio Distrital Luis López de Meza,LA AMISTAD,LA AMISTAD,Colegio Distrital Luis López de Meza,La Amistad,07,Bosa,"CLL 65 H Sur # 78 A - 03 / 
CLL 65 H Sur # 78 A - 05",4.6005972859999815,-74.18588292200002,geocodificado,IDECA/Catastro Bogotá - Puestos de Votación 2023,BOSA LA ESTACION,15,15,11,79,2,8,2,3,100.0,73.3,4
160010705,07,05,Colegio Distrital Carlos Albán Holguín - Sede A,CARLOS ALBAN,CARLOS ALBAN,Colegio Distrital Carlos Albán Holguín - Sede A,Carlos Albán,07,Bosa,"CLL 72 Sur # 79 D - 33 / 
CLL 72 B Sur # 79 D - 06",4.6057147280000095,-74.19756533399999,geocodificado,IDECA/Catastro Bogotá - Puestos de Votación 2023,BOSA LA ESTACION,15,13,8,168,3,4,1,5,86.7,53.3,5
160010706,07,06,Colegio Distrital José Francisco Socarrás,LA LIBERTAD,LA LIBERTAD,Colegio Distrital José Francisco Socarrás,La Libertad,07,Bosa,CRA 88 C # 66 A - 03 Sur,4.625125379999986,-74.19449057700001,geocodificado,IDECA/Catastro Bogotá - Puestos de Votación 2023,BOSA RECREO,39,34,26,393,5,10,9,10,87.2,66.7,6
160010707,07,07,Colegio Distrital Fernando Mazuera Villegas,PIAMONTE,PIAMONTE,Colegio Distrital Fernando Mazuera Villegas,Piamonte,07,Bosa,CLL 68 A Sur # 80 H - 05,4.606868318000011,-74.19074859800003,geocodificado,IDECA/Catastro Bogotá - Puestos de Votación 2023,BOSA LA ESTACION,24,22,10,100,8,7,2,5,91.7,41.7,7
160010708,07,08,La Estación,LA ESTACION,LA ESTACION,La Estación,La Estación,07,Bosa,CRA 78 ENTRE CLL 60A Sur Y CLL 63 Sur,4.601317293000022,-74.180697173,geocodificado,IDECA/Catastro Bogotá - Puestos de Votación 2023,BOSA LA ESTACION,12,11,7,71,1,7,0,3,91.7,58.3,8
160010709,07,09,Colegio Distrital Gran Colombiano - Sede B,LAURELES,LAURELES,Colegio Distrital Gran Colombiano - Sede B,Laureles,07,Bosa,CRA 80 K # 73 F - 29 Sur,4.609059012999978,-74.200155059,geocodificado,IDECA/Catastro Bogotá - Puestos de Votación 2023,BOSA LA ESTACION,11,11,6,42,4,3,3,1,100.0,54.5,9
160010710,07,10,Colegio Distrital Porfilio Barba Jacob,PALESTINA,PALESTINA,Colegio Distrital Porfilio Barba Jacob,Palestina,07,Bosa,CLL 70 A Sur # 81 G - 13,4.611871834999988,-74.19364580199999,geocodificado,IDECA/Catastro Bogotá - Puestos de Votación 2023,BOSA LA ESTACION,9,9,4,85,1,4,1,3,100.0,44.4,10
160010711,07,11,Colegio Distrital Orlando Higuita Rojas,ORLANDO HIGUITA,ORLANDO HIGUITA,Colegio Distrital Orlando Higuita Rojas,Orlando Higuita,07,Bosa,"CLL 57 Sur # 87 H - 03 / 
CLL 57 Sur # 87 G - 35",4.62544509899999,-74.18696811799998,geocodificado,IDECA/Catastro Bogotá - Puestos de Votación 2023,BOSA RECREO,22,17,9,73,10,2,1,4,77.3,40.9,11
160010712,07,12,Colegio Distrital Paulo de Tarso - Sede B,BOSA PAULO VI,BOSA PAULO VI,Colegio Distrital Paulo de Tarso - Sede B,Bosa Paulo VI,07,Bosa,CLL 71 Bis Sur # 77 I - 21,4.5993502910000075,-74.194433387,geocodificado,IDECA/Catastro Bogotá - Puestos de Votación 2023,BOSA LA ESTACION,13,13,7,166,5,1,3,4,100.0,53.8,12
160010713,07,13,Colegio Distrital Brasilia,BOSA BRASILIA,BOSA BRASILIA,Colegio Distrital Brasilia,Bosa Brasilia,07,Bosa,CLL 52 A Sur # 87 D - 45,4.627958126999999,-74.18158176899999,geocodificado,IDECA/Catastro Bogotá - Puestos de Votación 2023,BOSA RECREO,21,21,12,111,7,5,4,5,100.0,57.1,13
160010714,07,14,"Colegio Distrital Alfonso Reyes Echandía
Alfonso Reyes Echandía",ISLANDIA,ISLANDIA,"Colegio Distrital Alfonso Reyes Echandía
Alfonso Reyes Echandía",Islandia,07,Bosa,CRA 86 # 74 - 00 Sur,4.616162771000006,-74.200357731,geocodificado,IDECA/Catastro Bogotá - Puestos de Votación 2023,BOSA LA ESTACION,7,7,3,43,0,6,0,1,100.0,42.9,14
160010715,07,15,Colegio Distrital Fernando Mazuera Villegas - Sede B,JIMENEZ DE QUESADA,JIMENEZ DE QUESADA,Colegio Distrital Fernando Mazuera Villegas - Sede B,Jiménez de Quesada,07,Bosa,DIAG 66 Sur # 80 C - 20,4.606190850000019,-74.18843550999998,geocodificado,IDECA/Catastro Bogotá - Puestos de Votación 2023,BOSA LA ESTACION,9,8,6,53,2,3,0,3,88.9,66.7,15
160010716,07,16,Colegio Distrital San Bernardino,SAN BERNARDINO,SAN BERNARDINO,Colegio Distrital San Bernardino,San Bernardino,07,Bosa,CRA 89 C # 79 - 51 Sur,4.623649619999981,-74.20614751400001,geocodificado,IDECA/Catastro Bogotá - Puestos de Votación 2023,BOSA RECREO,2,2,1,10,1,0,0,1,100.0,50.0,16
160010717,07,17,Colegio Distrital  Albán Holguín - Sede C,BOSA SAN JOSE,BOSA SAN JOSE,Colegio Distrital  Albán Holguín - Sede C,Bosa San José,07,Bosa,"CRA 89 Bis # 85 A - 20 Sur / 
CRA 80 K # 85 A - 33 Sur",4.613764418000017,-74.209886063,geocodificado,IDECA/Catastro Bogotá - Puestos de Votación 2023,BOSA RECREO,6,6,2,16,4,0,2,0,100.0,33.3,17
160010718,07,18,SuperCADE de Bosa,SURBANA,SURBANA,SuperCADE de Bosa,Surbana,07,Bosa,AV CLL 57 R Sur # 72 D - 12,4.597031586000014,-74.16766293699999,geocodificado,IDECA/Catastro Bogotá - Puestos de Votación 2023,BOSA LA ESTACION,4,3,0,22,0,1,0,2,75.0,0.0,18
160010719,07,19,Colegio Distrital Nuevo Chile,NUEVO CHILE,NUEVO CHILE,Colegio Distrital Nuevo Chile,Nuevo Chile,07,Bosa,CLL 56 Sur # 72 G - 20,4.603305502000012,-74.16626320400002,geocodificado,IDECA/Catastro Bogotá - Puestos de Votación 2023,BOSA LA ESTACION,17,16,8,119,3,6,2,5,94.1,47.1,19
160010720,07,20,Colegio Distrital Villas del Progreso,SANTA FE DE BOSA,SANTA FE DE BOSA,Colegio Distrital Villas del Progreso,Santa Fé de Bosa,07,Bosa,CRA 102A # 56F - 34 Sur,4.641153610999993,-74.19523999299997,geocodificado,IDECA/Catastro Bogotá - Puestos de Votación 2023,BOSA RECREO,16,14,12,110,3,5,0,6,87.5,75.0,20
160010721,07,21,Colegio Distrital El Porvenir Sede A,EL PORVENIR,EL PORVENIR,Colegio Distrital El Porvenir Sede A,El Porvenir,07,Bosa,CLL 51 Sur # 91 D - 56,4.635898908999991,-74.18362205699998,geocodificado,IDECA/Catastro Bogotá - Puestos de Votación 2023,BOSA RECREO,12,11,9,61,3,3,3,2,91.7,75.0,21
160010722,07,22,Colegio Distrital Leonardo Posada Pedraza,EL RECREO,EL RECREO,Colegio Distrital Leonardo Posada Pedraza,El Recreo,07,Bosa,CRA 92 # 72 - 42 Sur,4.6275335650000216,-74.20148261100002,geocodificado,IDECA/Catastro Bogotá - Puestos de Votación 2023,BOSA RECREO,38,34,26,261,7,12,7,8,89.5,68.4,22
160010723,07,23,Colegio Distrital La Esperanza,LA ESPERANZA,LA ESPERANZA,Colegio Distrital La Esperanza,La Esperanza,07,Bosa,"CLL 77 A Sur # 86 - 40 / 
CLL 78 Sur # 79 - 40",4.609695982999995,-74.20536969900002,geocodificado,IDECA/Catastro Bogotá - Puestos de Votación 2023,BOSA LA ESTACION,13,10,5,24,4,5,1,0,76.9,38.5,23
160010724,07,24,Colegio Distrital Francisco de Paula Santander,FRANCISCO DE PAULA SANTANDER,FRANCISCO DE PAULA SANTANDER,Colegio Distrital Francisco de Paula Santander,Francisco de Paula Santander,07,Bosa,CLL 61 Sur # 80 I - 40,4.610871700000018,-74.18477973799997,geocodificado,IDECA/Catastro Bogotá - Puestos de Votación 2023,BOSA LA ESTACION,7,7,5,52,1,2,2,2,100.0,71.4,24
160010725,07,25,Colegio Distrital Pablo de Tarso - Sede A,PABLO DE TARSO,PABLO DE TARSO,Colegio Distrital Pablo de Tarso - Sede A,Pablo de Tarso,07,Bosa,"CRA 78 J Bis # 65 J - 04 Sur / 
CLL 65 J Sur # 78 J - 21",4.603976957999976,-74.18698567899997,geocodificado,IDECA/Catastro Bogotá - Puestos de Votación 2023,BOSA LA ESTACION,27,27,16,177,4,12,4,7,100.0,59.3,25
160010726,07,26,Colegio Distrital Santiago de las Atalayas,ATALAYAS,ATALAYAS,Colegio Distrital Santiago de las Atalayas,Atalayas,07,Bosa,"CLL 61 Sur # 103 - 33 / 
CLL 59C Sur # 89B - 45",4.629344928000023,-74.192837511,geocodificado,IDECA/Catastro Bogotá - Puestos de Votación 2023,BOSA RECREO,29,27,22,214,6,6,9,6,93.1,75.9,26
160010727,07,27,Colegio Distrital El Porvenir - Sede B,EL RECUERDO SANTAFE,EL RECUERDO SANTAFE,Colegio Distrital El Porvenir - Sede B,El Recuerdo Santafé,07,Bosa,"CLL 58 Sur # 104 A - 04 / 
CLL 58 Sur # 104 A - 50",4.641699962000018,-74.197747843,geocodificado,IDECA/Catastro Bogotá - Puestos de Votación 2023,BOSA RECREO,17,16,14,106,6,4,2,4,94.1,82.4,27
160010728,07,28,Colegio Distrital Fe y Alegría San Ignacio,FE Y ALEGRIA SAN IGNACIO,FE Y ALEGRIA SAN IGNACIO,Colegio Distrital Fe y Alegría San Ignacio,Fe y Alegría San Ignacio,07,Bosa,CLL 56 F Sur # 91 D - 14,4.633343233000005,-74.18978479999998,geocodificado,IDECA/Catastro Bogotá - Puestos de Votación 2023,BOSA RECREO,28,25,21,212,2,12,4,7,89.3,75.0,28
160010729,07,29,Colegio Distrital Ciudadela Educativa de Bosa,CIUDADELA EL PORVENIR,CIUDADELA EL PORVENIR,Colegio Distrital Ciudadela Educativa de Bosa,Ciudadela El Porvenir,07,Bosa,CLL 52 Sur # 97 C - 35,4.640829725999993,-74.18721154600001,geocodificado,IDECA/Catastro Bogotá - Puestos de Votación 2023,BOSA RECREO,31,27,15,148,8,9,5,5,87.1,48.4,29
160010730,07,30,Colegio Distrital Carlos Pizarro León Gómez - Sede A,CARLOS PIZARRO LEON GOMEZ,CARLOS PIZARRO LEON GOMEZ,Colegio Distrital Carlos Pizarro León Gómez - Sede A,Carlos Pizarro León Gómez,07,Bosa,CLL 72 Sur # 100 A - 71,4.63560566000001,-74.20486502199998,geocodificado,IDECA/Catastro Bogotá - Puestos de Votación 2023,BOSA RECREO,30,28,22,269,3,9,6,10,93.3,73.3,30
160010731,07,31,Colegio Distrital Gran Colombiano Sede D,NUEVO CARLOS ALBAN,NUEVO CARLOS ALBAN,Colegio Distrital Gran Colombiano Sede D,Nuevo Carlos Albán,07,Bosa,"CLL 72 A Sur # 80 J - 20 / 
CRA 80 J # 72 - 19 Sur",4.608147739999993,-74.19669725799997,geocodificado,IDECA/Catastro Bogotá - Puestos de Votación 2023,BOSA LA ESTACION,8,7,2,30,2,3,1,1,87.5,25.0,31
160010732,07,32,Colegio Distrital Gran Colombiano Sede A,LAURELES II,LAURELES II,Colegio Distrital Gran Colombiano Sede A,Laureles II,07,Bosa,"CLL 73 F Sur # 80 N Bis - 49 / 
CLL 73 F Sur # 80 N - 41",4.610226665000027,-74.199914192,geocodificado,IDECA/Catastro Bogotá - Puestos de Votación 2023,BOSA LA ESTACION,5,5,4,35,0,3,0,2,100.0,80.0,32
160010733,07,33,Nueva Estación,NUEVA ESTACION,NUEVA ESTACION,Nueva Estación,Nueva Estación,07,Bosa,CLL 63 Sur # 78J - 10,4.605178691999981,-74.18230046000002,geocodificado,IDECA/Catastro Bogotá - Puestos de Votación 2023,BOSA LA ESTACION,26,24,15,188,4,11,3,6,92.3,57.7,33
160010734,07,34,Colegio Mixto Villa Carolina,LA INDEPENDENCIA,LA INDEPENDENCIA,Colegio Mixto Villa Carolina,La Independencia,07,Bosa,"CRA 87 C # 69 A - 80 Sur / 
CLL 69 B Sur # 87 B - 32",4.620747999999992,-74.19478500000002,geocodificado,IDECA/Catastro Bogotá - Puestos de Votación 2023,BOSA RECREO,12,12,8,79,3,4,1,4,100.0,66.7,34
160010735,07,35,Colegio Distrital Bosa Nova,BOSANOVA,BOSANOVA,Colegio Distrital Bosa Nova,Bosanova,07,Bosa,CLL 59 B Sur # 87 B - 02,4.622721000000013,-74.18837300000001,geocodificado,IDECA/Catastro Bogotá - Puestos de Votación 2023,CHAPINERO,1,1,0,2,0,1,0,0,100.0,0.0,35
160010736,07,36,Colegio Distrital Llano Oriental,LLANO ORIENTAL,LLANO ORIENTAL,Colegio Distrital Llano Oriental,Llano Oriental,07,Bosa,"CLL 73 B Sur # 78 A Bis - 15 / 
CLL 73 B Sur # 78 A - 15",4.603365074999999,-74.19999755999999,geocodificado,IDECA/Catastro Bogotá - Puestos de Votación 2023,BOSA LA ESTACION,2,2,1,17,0,1,0,1,100.0,50.0,36
160010737,07,37,Colegio Distrital Carlos Albán Holguín Sede B,CARBONELL,CARBONELL,Colegio Distrital Carlos Albán Holguín Sede B,Carbonell,07,Bosa,DIAG 71 C Bis A Sur # 77 G - 15,4.599669000000006,-74.19771600000001,geocodificado,IDECA/Catastro Bogotá - Puestos de Votación 2023,BOSA LA ESTACION,3,3,1,6,1,2,0,0,100.0,33.3,37
160010738,07,38,Colegio Distrital CEDID San Pablo Sede C,NUEVA GRANADA BOSA,NUEVA GRANADA BOSA,Colegio Distrital CEDID San Pablo Sede C,Nueva Granada,07,Bosa,"CLL 70 Bis Sur # 77 L - 05 /
CLL 70 A Sur # 77 L - 06",4.600995000000012,-74.19226099999997,geocodificado,IDECA/Catastro Bogotá - Puestos de Votación 2023,BOSA LA ESTACION,2,2,0,3,1,1,0,0,100.0,0.0,38
160010739,07,39,Colegio Distrital Los Naranjos,NARANJOS,NARANJOS,Colegio Distrital Los Naranjos,Naranjos,07,Bosa,CRA 80 M # 71 C - 31 Sur,4.609037999999998,-74.19487900000001,geocodificado,IDECA/Catastro Bogotá - Puestos de Votación 2023,BOSA LA ESTACION,8,8,4,107,1,3,1,3,100.0,50.0,39
160010740,07,40,Colegio Distrital Kimy Pernia,CAMPO VERDE - POTRERITOS,CAMPO VERDE - POTRERITOS,Colegio Distrital Kimy Pernia,Campo Verde - Potreritos,07,Bosa,CLL 82 Sur # 89 - 21,4.622137000000009,-74.20795900000002,geocodificado,IDECA/Catastro Bogotá - Puestos de Votación 2023,BOSA RECREO,26,26,20,179,2,11,7,6,100.0,76.9,40
160010741,07,41,Colegio Claretiano de Bosa,CLARETIANO,CLARETIANO,Colegio Claretiano de Bosa,Claretiano,07,Bosa,"CLL 60 Sur # 80 K - 02 / 
CLL 60 Sur # 80 H - 58",4.61186041000002,-74.18399516,geocodificado,IDECA/Catastro Bogotá - Puestos de Votación 2023,BOSA LA ESTACION,30,30,20,203,8,12,5,5,100.0,66.7,41
160010742,07,42,Gimnasio Santa Rocio,VILLA DEL RIO II,VILLA DEL RIO II,Gimnasio Santa Rocio,Villa del Río II,07,Bosa,CRA 68D # 54A - 31 Sur,4.602399999999989,-74.16000000000003,geocodificado,IDECA/Catastro Bogotá - Puestos de Votación 2023,BOSA LA ESTACION,8,7,4,28,1,5,0,1,87.5,50.0,42
160010743,07,43,Colegio Distrital Brasilia Bosa Sede B,HOLANDA,HOLANDA,Colegio Distrital Brasilia Bosa Sede B,Holanda,07,Bosa,CRA 87J # 55 - 06 Sur,4.626800000000003,-74.18560000000002,geocodificado,IDECA/Catastro Bogotá - Puestos de Votación 2023,BOSA RECREO,7,6,5,25,4,0,1,1,85.7,71.4,43
160010744,07,44,Colegio Distrital German Arciniegas Sede A,PORTAL DE BRASIL,PORTAL DE BRASIL,Colegio Distrital German Arciniegas Sede A,Portal de Brasil,07,Bosa,CRA 88I # 54B - 44 Sur,4.630499999999984,-74.18509999999998,geocodificado,IDECA/Catastro Bogotá - Puestos de Votación 2023,BOSA RECREO,7,7,6,40,2,0,4,1,100.0,85.7,44
160010745,07,45,Colegio Distrital Alfonso López Michelsen,RECREO MICHELSEN,RECREO MICHELSEN,Colegio Distrital Alfonso López Michelsen,Recreo – Michelsen,07,Bosa,CRA 98B # 74 - 68 Sur,4.631399998999996,-74.20659999999998,geocodificado,IDECA/Catastro Bogotá - Puestos de Votación 2023,BOSA RECREO,30,26,21,179,9,7,2,8,86.7,70.0,45
160010746,07,46,Colegio Distrital CEDID San Pablo Sede A,CEDID SAN PABLO,CEDID SAN PABLO,Colegio Distrital CEDID San Pablo Sede A,CEDID San Pablo,07,Bosa,CRA 77L # 65J - 73 Sur,4.599800000000016,-74.18759999999997,geocodificado,IDECA/Catastro Bogotá - Puestos de Votación 2023,BOSA LA ESTACION,27,26,17,97,10,11,0,5,96.3,63.0,46
160010747,07,47,Colegio Distrital Luis Lopez de Mesa - Sede Nueva,LA ACUARELA,LA ACUARELA,Colegio Distrital Luis Lopez de Mesa - Sede Nueva,La Acuarela,07,Bosa,CRA 77J # 65A - 38 Sur,4.598299999999995,-74.18180000000001,geocodificado,IDECA/Catastro Bogotá - Puestos de Votación 2023,BOSA LA ESTACION,43,41,30,523,4,13,7,17,95.3,69.8,47
160010748,07,48,Colegio Miguel Ángel Asturias,MIGUEL ANGEL ASTURIAS,MIGUEL ANGEL ASTURIAS,Colegio Miguel Ángel Asturias,Miguel Ángel Asturias,07,Bosa,CRA 78 D # 59 A - 18 Sur,4.603579111999977,-74.18020678800002,geocodificado,IDECA/Catastro Bogotá - Puestos de Votación 2023,BOSA LA ESTACION,8,7,4,25,2,3,1,1,87.5,50.0,48
160010749,07,49,Coliseo la Palestina,COLISEO LA PALESTINA,COLISEO LA PALESTINA,Coliseo la Palestina,Coliseo la Palestina,07,Bosa,CLL 68 Sur # 81 G - 09,4.612073759999987,-74.19132801799998,geocodificado,IDECA/Catastro Bogotá - Puestos de Votación 2023,BOSA LA ESTACION,3,3,0,11,2,0,0,1,100.0,0.0,49
160010750,07,50,Colegio Privado Liceo Alfredo Nóbel,ALFREDO NOBEL,ALFREDO NOBEL,Colegio Privado Liceo Alfredo Nóbel,Alfredo Nóbel,07,Bosa,TRV 80 B # 65 I - 25 Sur,4.606167819999996,-74.18766827899998,geocodificado,IDECA/Catastro Bogotá - Puestos de Votación 2023,BOSA LA ESTACION,5,5,3,20,0,4,0,1,100.0,60.0,50
160010751,07,51,Liceo Manuel Elkin Patarroyo,MANUEL ELKIN PATARROYO,MANUEL ELKIN PATARROYO,Liceo Manuel Elkin Patarroyo,Manuel Elkin Patarroyo,07,Bosa,CRA 81 A # 82 A - 18 Sur,4.613195066000003,-74.206021051,geocodificado,IDECA/Catastro Bogotá - Puestos de Votación 2023,BOSA LA ESTACION,11,11,5,249,2,3,0,6,100.0,45.5,51
160010752,07,52,Parque IDRD,PARQUE AUTOPISTA SUR PAVCO,PARQUE AUTOPISTA SUR PAVCO,Parque IDRD,Parque Autopista Sur PAVCO,07,Bosa,"CRA 72 # 57 H - 94 Sur /
CRA 72 # 57 H - 92 Sur",4.596569132000013,-74.16398014499998,geocodificado,IDECA/Catastro Bogotá - Puestos de Votación 2023,BOSA LA ESTACION,3,3,1,12,1,1,1,0,100.0,33.3,52
160010753,07,53,Jardín Infantil Olarte – SDIS,JARDIN INFANTIL OLARTE,JARDIN INFANTIL OLARTE,Jardín Infantil Olarte – SDIS,Jardín Infantil Olarte,07,Bosa,CRA 71 D # 54 - 15 Sur,4.6031488890000105,-74.163234794,geocodificado,IDECA/Catastro Bogotá - Puestos de Votación 2023,CARVAJAL,3,3,1,7,1,2,0,0,100.0,33.3,53
160010754,07,54,Gimnasio Los Sauces,GIMNASIO LOS SAUCES,GIMNASIO LOS SAUCES,Gimnasio Los Sauces,Gimnasio Los Sauces,07,Bosa,"CRA 88 F Bis # 51 C - 01 Sur / 
CRA 88 I # 51C - 10 Sur",4.631003803999988,-74.182286251,geocodificado,IDECA/Catastro Bogotá - Puestos de Votación 2023,BOSA RECREO,9,9,6,114,0,1,3,5,100.0,66.7,54
160010755,07,55,Colegio Claretiano El Libertador,CLARETIANO EL LIBERTADOR,CLARETIANO EL LIBERTADOR,Colegio Claretiano El Libertador,Claretiano - El Libertador,07,Bosa,CLL 61 Sur # 80 H - 40,4.610117727999977,-74.18431697900002,geocodificado,IDECA/Catastro Bogotá - Puestos de Votación 2023,BOSA LA ESTACION,3,3,1,15,2,0,0,1,100.0,33.3,55
160010756,07,56,Gimnasio Real Americano - Sede B,GIMNASIO REAL AMERICANO,GIMNASIO REAL AMERICANO,Gimnasio Real Americano - Sede B,Gimnasio Real Americano,07,Bosa,CLL 62 A Sur # 91 A - 35,4.629848510999977,-74.19528367200002,geocodificado,IDECA/Catastro Bogotá - Puestos de Votación 2023,BOSA RECREO,12,10,9,55,1,5,1,3,83.3,75.0,56
160010757,07,57,Liceo Ciudad Capital,LICEO CIUDAD CAPITAL,LICEO CIUDAD CAPITAL,Liceo Ciudad Capital,Liceo Ciudad Capital,07,Bosa,CLL 65 Sur # 100 A - 51,4.637518247000003,-74.20114482100001,geocodificado,IDECA/Catastro Bogotá - Puestos de Votación 2023,BOSA RECREO,23,22,14,129,3,9,2,8,95.7,60.9,57
160010758,07,58,Colegio Distrital Orlando Higuita Rojas Sede B - Juan Maximiliano Ambrosio,JUAN MAXIMILIANO AMBROSIO,JUAN MAXIMILIANO AMBROSIO,Colegio Distrital Orlando Higuita Rojas Sede B - Juan Maximiliano Ambrosio,Juan Maximiliano Ambrosio,07,Bosa,CLL 57 Sur # 86 F - 30,4.622818268000003,-74.18473898299999,geocodificado,IDECA/Catastro Bogotá - Puestos de Votación 2023,BOSA RECREO,6,5,4,80,0,0,2,3,83.3,66.7,58
160010759,07,59,Instituto GUIMARC,INSTITUTO GUIMARC,INSTITUTO GUIMARC,Instituto GUIMARC,Instituto GUIMARC,07,Bosa,CLL 71 C Sur # 77 M - 53,4.602298087000008,-74.19576440600002,geocodificado,IDECA/Catastro Bogotá - Puestos de Votación 2023,BOSA LA ESTACION,1,1,0,0,1,0,0,0,100.0,0.0,59
160010760,07,60,Colegio Colsubsidio Chicalá,COLEGIO COLSUBSIDIO CHICALA,COLEGIO COLSUBSIDIO CHICALA,Colegio Colsubsidio Chicalá,Colegio Colsubsidio Chicalá,07,Bosa,CRA 87 # 53 C - 26 Sur,4.625223077999976,-74.181015301,geocodificado,IDECA/Catastro Bogotá - Puestos de Votación 2023,BOSA RECREO,21,16,13,64,5,5,5,1,76.2,61.9,60
160010761,07,61,Colegio Mixto Ciudadanos del Futuro,COLEGIO CIUDADANOS DEL FUTURO,COLEGIO CIUDADANOS DEL FUTURO,Colegio Mixto Ciudadanos del Futuro,Colegio Ciudadanos del Futuro,07,Bosa,CRA 88 I # 58 A - 12 Sur,4.628029753000021,-74.19070919,geocodificado,IDECA/Catastro Bogotá - Puestos de Votación 2023,BOSA RECREO,26,22,14,123,5,9,1,7,84.6,53.8,61
160010762,07,62,Centro Comercial Gran Plaza Bosa,CC GRAN PLAZA BOSA,CC GRAN PLAZA BOSA,Centro Comercial Gran Plaza Bosa,C.C. Gran Plaza Bosa,07,Bosa,CLL 65 Sur # 78H - 51,4.605002732000003,-74.18379218199999,geocodificado,IDECA/Catastro Bogotá - Puestos de Votación 2023,BOSA LA ESTACION,38,33,22,279,11,9,1,12,86.8,57.9,62
160010763,07,63,Colegio Distrital La Concepción Sede C ,LA CONCEPCION,LA CONCEPCION,Colegio Distrital La Concepción Sede C ,La Concepción,07,Bosa,CRA 87 C # 67 - 18 Sur,4.6216910329999905,-74.193314343,geocodificado,IDECA/Catastro Bogotá - Puestos de Votación 2023,BOSA RECREO,11,11,8,32,1,8,2,0,100.0,72.7,63
160010764,07,64,Colegio Distrital Villas del Progreso,VILLAS DEL PROGRESO,VILLAS DEL PROGRESO,Colegio Distrital Villas del Progreso,Villas del Progreso,07,Bosa,CRA 89 Bis A # 72 A - 13 Sur,4.6251494289999755,-74.20077282900002,geocodificado,IDECA/Catastro Bogotá - Puestos de Votación 2023,BOSA RECREO,9,8,7,108,2,0,2,4,88.9,77.8,64
160010765,07,65,Colegio Privado Liceo Cultural López Osorio,LICEO LOPEZ OSORIO,LICEO LOPEZ OSORIO,Colegio Privado Liceo Cultural López Osorio,Liceo López Osorio,07,Bosa,"CLL 71 Sur # 87N-15 /
CLL 71 Sur # 87N - 21",4.622339260999979,-74.198149274,geocodificado,IDECA/Catastro Bogotá - Puestos de Votación 2023,BOSA RECREO,6,6,5,59,1,1,1,3,100.0,83.3,65
160010766,07,66,Colegio Distrital Soledad Acosta de Samper,SOLEDAD ACOSTA DE SAMPER,SOLEDAD ACOSTA DE SAMPER,Colegio Distrital Soledad Acosta de Samper,Soledad Acosta de Samper,07,Bosa,CLL 50 Sur # 98 B - 70,4.643221316999984,-74.18609409200002,geocodificado,IDECA/Catastro Bogotá - Puestos de Votación 2023,BOSA RECREO,15,14,12,126,1,7,2,4,93.3,80.0,66
160010767,07,67,Colegio Distrital La Bici,CLARELANDIA,CLARELANDIA,Colegio Distrital La Bici,Clarelandia,07,Bosa,CRA 81 A # 58 J - 45 Sur,4.613736313999993,-74.18236763200002,geocodificado,IDECA/Catastro Bogotá - Puestos de Votación 2023,BOSA LA ESTACION,4,3,3,29,1,1,0,1,75.0,75.0,67
160010768,07,68,Colegio Distrital Jorge Isaacs,COLEGIO JORGE ISAACS,COLEGIO JORGE ISAACS,Colegio Distrital Jorge Isaacs,Colegio Jorge Isaacs,07,Bosa,"CLL 73 Sur # 91- 35 / 
CLL 73 Sur # 91- 05",4.626632614000016,-74.20192807299998,geocodificado,IDECA/Catastro Bogotá - Puestos de Votación 2023,BOSA RECREO,15,13,7,113,5,3,1,4,86.7,46.7,68
160010769,07,69,Colegio Privado Garabatos de Colores,GIMNASIO GARABATOS DE COLORES,GIMNASIO GARABATOS DE COLORES,Colegio Privado Garabatos de Colores,Gimnasio Garabatos de Colores,07,Bosa,CLL 65 G Sur # 79 B - 20,4.605811539000001,-74.18643816399998,geocodificado,IDECA/Catastro Bogotá - Puestos de Votación 2023,BOSA LA ESTACION,1,1,0,1,0,1,0,0,100.0,0.0,69
160010770,07,70,Colegio Distrital Parques De Bogotá,PARQUES DE BOGOTA,PARQUES DE BOGOTA,Colegio Distrital Parques De Bogotá,Parques de Bogotá,07,Bosa,CLL 85 Sur # 94 - 55,4.626093818000015,-74.21173341399998,geocodificado,IDECA/Catastro Bogotá - Puestos de Votación 2023,BOSA RECREO,25,22,16,176,4,11,2,5,88.0,64.0,70
160010771,07,71,Colegio Distrital Bicentenario de La Independencia,BICENTENARIO DE LA INDEPENDENCIA,BICENTENARIO DE LA INDEPENDENCIA,Colegio Distrital Bicentenario de La Independencia,Bicentenario de La Independencia,07,Bosa,"CLL 81 Sur # 81 - 75
",4.614984477999997,-74.20381150999998,geocodificado,IDECA/Catastro Bogotá - Puestos de Votación 2023,BOSA LA ESTACION,1,1,1,36,0,0,0,1,100.0,100.0,71
160010772,07,72,Institución Educativa Distrital Esmeralda Arboleda Cadavid I.E.D.,ESMERALDA ARBOLEDA,ESMERALDA ARBOLEDA,Institución Educativa Distrital Esmeralda Arboleda Cadavid I.E.D.,Esmeralda Arboleda,07,Bosa,CLL 71A Sur # 83B - 30,4.6159168610000165,-74.194897997,geocodificado,IDECA/Catastro Bogotá - Puestos de Votación 2023,BOSA LA ESTACION,1,1,1,4,0,1,0,0,100.0,100.0,72
160010775,07,75,Institución Educativa Distrital Laura Herrera de Varela I.E.D.,LAURA HERRERA,LAURA HERRERA,Institución Educativa Distrital Laura Herrera de Varela I.E.D.,Laura Herrera,07,Bosa,CRA 89 B # 54 F 20 Sur- Bosa Brasil,4.631588129000022,-74.18737621899999,geocodificado,IDECA/Catastro Bogotá - Puestos de Votación 2023,BOSA RECREO,3,2,2,5,1,1,0,0,66.7,66.7,75
160010776,07,76,Institución Educativa Distrital Nuevo Chile I.E.D. Sede B,RODRIGO DE BASTIDAS,RODRIGO DE BASTIDAS,Institución Educativa Distrital Nuevo Chile I.E.D. Sede B,Rodrigo de Bastidas,07,Bosa,CLL 56 A Sur # 72 A 54,4.601654800999995,-74.16482197900001,geocodificado,IDECA/Catastro Bogotá - Puestos de Votación 2023,KENNEDY,1,1,1,23,0,0,0,1,100.0,100.0,76
160010777,07,77,Institución Educativa Distrital Ciudadela El Recreo Sonia Osorio de Saint-Malo I.E.D. ,SONIA OSORIO,SONIA OSORIO,Institución Educativa Distrital Ciudadela El Recreo Sonia Osorio de Saint-Malo I.E.D. ,Sonia Osorio,07,Bosa,CRA 97 C # 65-02 Sur,4.633954646999996,-74.19915535500002,geocodificado,IDECA/Catastro Bogotá - Puestos de Votación 2023,BOSA RECREO,19,19,15,269,3,3,7,6,100.0,78.9,77
160010779,07,79,Institución Educativa Distrital Brasilia Bosa Sede D I.E.D.,SENDEROS DE PORVENIR PRIMERA INFANCIA,SENDEROS DE PORVENIR PRIMERA INFANCIA,Institución Educativa Distrital Brasilia Bosa Sede D I.E.D.,Senderos de Porvenir Primera Infancia ,07,Bosa,CRA 98 # 54C-04 Sur,4.639013544000022,-74.18989756799999,geocodificado,IDECA/Catastro Bogotá - Puestos de Votación 2023,BOSA RECREO,7,7,7,43,1,3,0,3,100.0,100.0,79
160010780,07,80,Almacén Jumbo Autopista Sur,JUMBO AUTOPISTA SUR,JUMBO AUTOPISTA SUR,Almacén Jumbo Autopista Sur,Jumbo Autopista Sur ,07,Bosa,CLL 57R Sur # 72-20,4.5962080919999835,-74.166338526,geocodificado,IDECA/Catastro Bogotá - Puestos de Votación 2023,BOSA LA ESTACION,2,2,2,13,0,1,0,1,100.0,100.0,80
160010801,08,01,Colegio Distrital Class - Sede A,COLEGIO DISTRITAL CLASS SEDE A,COLEGIO DISTRITAL CLASS SEDE A,Colegio Distrital Class - Sede A,Colegio Distrital Class - Sede A,08,Kennedy,CRA 80 I # 57 B - 50 Sur,4.614181762999976,-74.17890293099998,geocodificado,IDECA/Catastro Bogotá - Puestos de Votación 2023,KENNEDY CLASS ROMA,9,8,6,90,1,0,2,5,88.9,66.7,1
160010802,08,02,Colegio Distrital Rómulo Gallegos,COL. CLASS IED SEDE C,COL. CLASS IED SEDE C,Colegio Distrital Rómulo Gallegos,Col Class IED - Sede C,08,Kennedy,CLL 57 A Sur # 78 N - 21,4.610423379999986,-74.17402687200001,geocodificado,IDECA/Catastro Bogotá - Puestos de Votación 2023,KENNEDY CLASS ROMA,30,28,21,391,4,3,6,15,93.3,70.0,2
160010803,08,03,Colegio Distrital Villa Rica - Sede A,COLEGIO DISTRITAL VILLA RICA - SEDE A,COLEGIO DISTRITAL VILLA RICA - SEDE A,Colegio Distrital Villa Rica - Sede A,Colegio Distrital Villa Rica - Sede A,08,Kennedy,CRA 77 K Bis A # 50 - 26 Sur,4.605662527999982,-74.16713612199999,geocodificado,IDECA/Catastro Bogotá - Puestos de Votación 2023,KENNEDY,9,9,5,84,0,0,5,4,100.0,55.6,3
160010804,08,04,Colegio Distrital Las Américas - Sede B (San Rafaél),CATALINA,CATALINA,Colegio Distrital Las Américas - Sede B (San Rafaél),Catalina,08,Kennedy,CLL 52 A Sur # 77 W - 05,4.6100111659999925,-74.16898937600001,geocodificado,IDECA/Catastro Bogotá - Puestos de Votación 2023,KENNEDY,19,19,8,311,6,3,3,7,100.0,42.1,4
160010805,08,05,Salón Comunal Casablanca 32,CASABLANCA 32,CASABLANCA 32,Salón Comunal Casablanca 32,Casablanca 32,08,Kennedy,CRA 79 F # 46 - 16 Sur,4.618398016000015,-74.16793260399999,geocodificado,IDECA/Catastro Bogotá - Puestos de Votación 2023,KENNEDY,25,25,13,314,3,6,4,12,100.0,52.0,5
160010806,08,06,Colegio Distrital Gran Britalia - Sede B,BRITALIA,BRITALIA,Colegio Distrital Gran Britalia - Sede B,Britalia,08,Kennedy,CLL 47 A Sur # 82 - 99,4.625309594999976,-74.17301132799997,geocodificado,IDECA/Catastro Bogotá - Puestos de Votación 2023,KENNEDY,14,14,7,261,2,1,2,9,100.0,50.0,6
160010807,08,07,Colegio Distrital San José,COLEGIO DISTRITAL SAN JOSE IED SEDE A,COLEGIO DISTRITAL SAN JOSE IED SEDE A,Colegio Distrital San José,Colegio Distrital San José - Sede A,08,Kennedy,"CLL 42 A Sur # 79 D – 37 /
CRA 79 D # 42 A - 67 Sur",4.621250330000009,-74.16282961299999,geocodificado,IDECA/Catastro Bogotá - Puestos de Votación 2023,KENNEDY,23,21,7,187,4,3,3,11,91.3,30.4,7
160010808,08,08,Colegio Distrital Los Periodistas,LOS PERIODISTAS,LOS PERIODISTAS,Colegio Distrital Los Periodistas,Los Periodistas,08,Kennedy,CLL 41 C Sur # 78 H - 85,4.617388221999988,-74.15832380900002,geocodificado,IDECA/Catastro Bogotá - Puestos de Votación 2023,KENNEDY,9,8,5,82,1,2,3,2,88.9,55.6,8
160010809,08,09,Colegio Distrital República de Finlandia,CARLOS ARTURO TORRES,CARLOS ARTURO TORRES,Colegio Distrital República de Finlandia,Carlos Arturo Torres,08,Kennedy,TRV 72 B # 44 C - 19 Sur,4.599650128999997,-74.14635852100002,geocodificado,IDECA/Catastro Bogotá - Puestos de Votación 2023,CARVAJAL,17,17,5,84,7,5,1,4,100.0,29.4,9
160010810,08,10,Colegio Distrital La Chucua,LA CHUCUA,LA CHUCUA,Colegio Distrital La Chucua,La Chucua,08,Kennedy,CRA 72 I # 42 F - 54 Sur,4.603639944000008,-74.148547893,geocodificado,IDECA/Catastro Bogotá - Puestos de Votación 2023,CARVAJAL,11,11,6,95,2,1,2,6,100.0,54.5,10
160010811,08,11,Colegio Distrital Alfonso López,COLEGIO ALFONSO LOPEZ PUMAREJO,COLEGIO ALFONSO LOPEZ PUMAREJO,Colegio Distrital Alfonso López,Colegio Alfonso López Pumarejo,08,Kennedy,"CRA 72 G # 39 - 99 Sur / 
CLL 39 B Sur # 72 G - 62",4.608288408000021,-74.14384351000001,geocodificado,IDECA/Catastro Bogotá - Puestos de Votación 2023,CARVAJAL,29,26,9,221,5,8,4,9,89.7,31.0,11
160010812,08,12,Colegio Distrital Francisco Miranda,FRANCISCO MIRANDA,FRANCISCO MIRANDA,Colegio Distrital Francisco Miranda,Francisco Miranda,08,Kennedy,DIAG 41 Sur # 73 A - 80,4.612588857999981,-74.15445626299999,geocodificado,IDECA/Catastro Bogotá - Puestos de Votación 2023,KENNEDY,15,13,7,115,0,5,2,6,86.7,46.7,12
160010813,08,13,Colegio Distrital Las Américas - Sede A,LAS AMERICAS SEDE A,LAS AMERICAS SEDE A,Colegio Distrital Las Américas - Sede A,Las Américas Sede A,08,Kennedy,"CRA 73 C Bis # 38 C - 84 Sur / 
CLL 38C Sur # 73A - 93",4.616765260000022,-74.15062750200002,geocodificado,IDECA/Catastro Bogotá - Puestos de Votación 2023,CARVAJAL,17,17,6,103,3,5,4,5,100.0,35.3,13
160010814,08,14,Colegio Distrital Tom Adams,COLEGIO TOM ADAMS,COLEGIO TOM ADAMS,Colegio Distrital Tom Adams,Colegio Tom Adams,08,Kennedy,CLL 40 J Sur # 78 - 08,4.61828804999999,-74.15564540499997,geocodificado,IDECA/Catastro Bogotá - Puestos de Votación 2023,KENNEDY,8,8,3,68,1,0,4,3,100.0,37.5,14
160010815,08,15,Colegio Distrital Jhon F. Kennedy,JOHN F. KENNEDY,JOHN F. KENNEDY,Colegio Distrital Jhon F. Kennedy,John F. Kennedy,08,Kennedy,CRA 74 B # 38 A - 35 Sur,4.619573276999972,-74.150254045,geocodificado,IDECA/Catastro Bogotá - Puestos de Votación 2023,CARVAJAL,5,5,3,32,0,1,3,1,100.0,60.0,15
160010816,08,16,Colegio Distrital El Japón,EL JAPON,EL JAPON,Colegio Distrital El Japón,El Japón,08,Kennedy,CRA 78 G # 38 C - 11 Sur,4.6216975520000005,-74.15351731200002,geocodificado,IDECA/Catastro Bogotá - Puestos de Votación 2023,CARVAJAL,11,10,4,93,3,1,0,6,90.9,36.4,16
160010817,08,17,Polideportivo Cayetano Cañizares,POLIDEPORTIVO CAYETANO CAÑIZARES,POLIDEPORTIVO CAYETANO CAÑIZARES,Polideportivo Cayetano Cañizares,Polideportivo Cayetano Cañizares,08,Kennedy,CRA 80 # 39 A - 55 Sur,4.625627870000017,-74.16032958800002,geocodificado,IDECA/Catastro Bogotá - Puestos de Votación 2023,KENNEDY,25,25,13,423,2,3,4,16,100.0,52.0,17
160010818,08,18,Colegio Distrital La Amistad - Sede B,EL SAUCEDAL,EL SAUCEDAL,Colegio Distrital La Amistad - Sede B,El Saucedal,08,Kennedy,CRA 83 # 38 B - 12 Sur,4.633038829999975,-74.16282556700003,geocodificado,IDECA/Catastro Bogotá - Puestos de Votación 2023,KENNEDY,5,5,4,166,0,1,3,1,100.0,80.0,18
160010819,08,19,Colegio Distrital Manuel Zapata Olivella,COLEGIO DISTRITAL MANUEL ZAPATA OLIVELLA,COLEGIO DISTRITAL MANUEL ZAPATA OLIVELLA,Colegio Distrital Manuel Zapata Olivella,Colegio Distrital Manuel Zapata Olivella,08,Kennedy,CLL 1 Bis Sur # 87 - 84,4.640644361,-74.15996042199998,geocodificado,IDECA/Catastro Bogotá - Puestos de Votación 2023,PATIO BONITO,19,15,5,191,4,4,3,4,78.9,26.3,19
160010820,08,20,Colegio Distrital INEM Francisco de Paula Santander -Sede B,FRANCISCO JOSE DE CALDAS - INEM SEDE B,FRANCISCO JOSE DE CALDAS - INEM SEDE B,Colegio Distrital INEM Francisco de Paula Santander -Sede B,Francisco Jose de Caldas - INEM Sede B,08,Kennedy,CLL 35 C Sur # 78 N - 10,4.626545716999999,-74.15317527799999,geocodificado,IDECA/Catastro Bogotá - Puestos de Votación 2023,KENNEDY,7,7,3,70,2,1,1,3,100.0,42.9,20
160010821,08,21,Colegio Privado C.E.L.C.O. San Lucas,COLEGIO C.E.L.C.O. SAN LUCAS,COLEGIO C.E.L.C.O. SAN LUCAS,Colegio Privado C.E.L.C.O. San Lucas,Colegio C.E.L.C.O. San Lucas,08,Kennedy,"CLL 35 A Sur # 78 I - 21/
CRA 78 F # 35 C - 63 Sur ",4.625141868000014,-74.15123482400003,geocodificado,IDECA/Catastro Bogotá - Puestos de Votación 2023,KENNEDY,6,6,2,123,4,1,0,1,100.0,33.3,21
160010822,08,22,Colegio Próspero Pinzón,PROSPERO PINZON,PROSPERO PINZON,Colegio Próspero Pinzón,Próspero Pinzón,08,Kennedy,CLL 35 C Sur #78 F - 81,4.624321242999997,-74.15109253999998,geocodificado,IDECA/Catastro Bogotá - Puestos de Votación 2023,KENNEDY,9,8,5,76,1,2,1,4,88.9,55.6,22
160010823,08,23,Colegio Distrital La Amistad,COLEGIO LA AMISTAD,COLEGIO LA AMISTAD,Colegio Distrital La Amistad,Colegio La Amistad,08,Kennedy,CRA 78 # 35 - 30 Sur,4.623422549999987,-74.14812764599998,geocodificado,IDECA/Catastro Bogotá - Puestos de Votación 2023,CARVAJAL,11,10,2,300,3,1,2,4,90.9,18.2,23
160010824,08,24,Colegio Distrital Los Héroes,LOS HEROES,LOS HEROES,Colegio Distrital Los Héroes,Los Héroes,08,Kennedy,CLL 35 B Sur # 73 A - 40 Int 1,4.6205408270000135,-74.14522563600002,geocodificado,IDECA/Catastro Bogotá - Puestos de Votación 2023,CARVAJAL,8,8,3,56,4,0,2,2,100.0,37.5,24
160010825,08,25,Colegio Distrital OEA,COLEGIO OEA,COLEGIO OEA,Colegio Distrital OEA,Colegio OEA,08,Kennedy,CRA 72 L # 34 - 19 Sur,4.618158634999986,-74.14145868399999,geocodificado,IDECA/Catastro Bogotá - Puestos de Votación 2023,CARVAJAL,31,31,16,414,2,10,4,15,100.0,51.6,25
160010826,08,26,Salón Comunal Floralia,FLORALIA,FLORALIA,Salón Comunal Floralia,Floralia,08,Kennedy,TRV 68 C # 31 - 26 Sur,4.608704879000015,-74.13231108999997,geocodificado,IDECA/Catastro Bogotá - Puestos de Votación 2023,CARVAJAL,11,10,1,58,4,2,2,2,90.9,9.1,26
160010827,08,27,Colegio Distrital Antonia Santos,CARVAJAL II SEDE ANTONIA SANTOS I,CARVAJAL II SEDE ANTONIA SANTOS I,Colegio Distrital Antonia Santos,Carvajal II - Sede Antonia Santos I,08,Kennedy,CLL 25 Sur # 69 C - 34,4.615321065999979,-74.13547167799999,geocodificado,IDECA/Catastro Bogotá - Puestos de Votación 2023,CARVAJAL,7,7,2,235,3,1,1,2,100.0,28.6,27
160010828,08,28,Salón Comunal Villa Adriana,VILLA ADRIANA,VILLA ADRIANA,Salón Comunal Villa Adriana,Villa Adriana,08,Kennedy,CLL 20 Sur # 68 D - 36,4.612923953000006,-74.12908471200001,geocodificado,IDECA/Catastro Bogotá - Puestos de Votación 2023,GALAN,5,5,2,41,1,1,0,3,100.0,40.0,28
160010829,08,29,Colegio Superior Americano,SUPERIOR AMERICANO,SUPERIOR AMERICANO,Colegio Superior Americano,Superior Americano,08,Kennedy,CRA 71 C # 3 A - 41,4.626186378999989,-74.13590567900002,geocodificado,IDECA/Catastro Bogotá - Puestos de Votación 2023,CARVAJAL,14,12,3,168,3,5,0,4,85.7,21.4,29
160010830,08,30,Colegio Distrital La Floresta Sur - Sede 1,LA FLORESTA SUR,LA FLORESTA SUR,Colegio Distrital La Floresta Sur - Sede 1,La Floresta Sur,08,Kennedy,CRA 68 B Bis # 1 - 09 Sur,4.620795857000019,-74.12744374300001,geocodificado,IDECA/Catastro Bogotá - Puestos de Votación 2023,GALAN,16,16,0,99,3,4,3,6,100.0,0.0,30
160010831,08,31,Colegio Distrital Marsella,MARSELLA,MARSELLA,Colegio Distrital Marsella,Marsella,08,Kennedy,CRA 69 # 7 - 90,4.632151288999978,-74.12731736500001,geocodificado,IDECA/Catastro Bogotá - Puestos de Votación 2023,GALAN,12,12,3,55,2,4,5,1,100.0,25.0,31
160010832,08,32,Salón Comunal Aloha,ALOHA,ALOHA,Salón Comunal Aloha,Aloha,08,Kennedy,CLL 7 A Bis # 71 A - 20,4.632901237999988,-74.13324789799998,geocodificado,IDECA/Catastro Bogotá - Puestos de Votación 2023,CARVAJAL,2,2,0,26,0,0,0,2,100.0,0.0,32
160010833,08,33,Colegio Distrital Kennedy,MANDALAY - COLEGIO KENNEDY,MANDALAY - COLEGIO KENNEDY,Colegio Distrital Kennedy,Mandalay - Colegio Kennedy,08,Kennedy,CLL 5 Sur # 72 A - 69,4.62026763199998,-74.14082627699997,geocodificado,IDECA/Catastro Bogotá - Puestos de Votación 2023,CARVAJAL,29,28,16,327,4,8,4,12,96.6,55.2,33
160010834,08,34,Colegio Distrital Isabel II -  Sede B,PIO XII - SEDE COLEGIO ISABEL II,PIO XII - SEDE COLEGIO ISABEL II,Colegio Distrital Isabel II -  Sede B,Pio XII - Sede Colegio Isabel II,08,Kennedy,CRA 79 F # 6 B - 30 / CRA 79 F # 6 B - 34,4.635361165999996,-74.15182268400002,geocodificado,IDECA/Catastro Bogotá - Puestos de Votación 2023,KENNEDY,10,8,2,66,1,1,4,2,80.0,20.0,34
160010835,08,35,Colegio Distrital Nueva Castilla,COLEGIO NUEVA CASTILLA,COLEGIO NUEVA CASTILLA,Colegio Distrital Nueva Castilla,Colegio Nueva Castilla,08,Kennedy,CRA 78 C # 8 A - 43,4.640465576999986,-74.14191583799999,geocodificado,IDECA/Catastro Bogotá - Puestos de Votación 2023,CARVAJAL,13,13,4,98,3,3,2,5,100.0,30.8,35
160010836,08,36,Colegio Distrital Alfonso López Pumarejo - Sede B,VILLANUEVA,VILLANUEVA,Colegio Distrital Alfonso López Pumarejo - Sede B,Villanueva,08,Kennedy,CLL 40 B Sur # 57 - 26 / CRA 68I # 39D - 04 Sur,4.603200021000021,-74.14097588099997,geocodificado,IDECA/Catastro Bogotá - Puestos de Votación 2023,CARVAJAL,5,4,1,17,1,2,0,1,80.0,20.0,36
160010837,08,37,Colegio Distrital Patio Bonito,COL.  DISTRITAL JAIRO ANIBAL NIÑO,COL.  DISTRITAL JAIRO ANIBAL NIÑO,Colegio Distrital Patio Bonito,Col. Distrital Jairo Aníbal Niño,08,Kennedy,CRA 87 H Bis # 39 A-23 Sur / CRA 87 H Bis # 39 - 23 Sur,4.636940863999996,-74.16683628599998,geocodificado,IDECA/Catastro Bogotá - Puestos de Votación 2023,PATIO BONITO,27,27,8,307,4,4,5,14,100.0,29.6,37
160010838,08,38,Colegio Distrital San José de Castilla - Sede C,VISION DE COLOMBIA,VISION DE COLOMBIA,Colegio Distrital San José de Castilla - Sede C,Visión de Colombia,08,Kennedy,CRA 79 C # 13 A - 40,4.650683393000008,-74.13528233599999,geocodificado,IDECA/Catastro Bogotá - Puestos de Votación 2023,FONTIBÓN,9,8,0,38,3,2,1,2,88.9,0.0,38
160010839,08,39,Salón Comunal,SALÓN COMUNAL ALMENAR,SALÓN COMUNAL ALMENAR,Salón Comunal,Salón Comunal Almenar,08,Kennedy,CRA 80 D # 48 A - 17 Sur,4.619730317999995,-74.170399481,geocodificado,IDECA/Catastro Bogotá - Puestos de Votación 2023,KENNEDY,12,10,7,128,0,2,3,5,83.3,58.3,39
160010840,08,40,Colegio Distrital Alquería,COLEGIO ALQUERIA,COLEGIO ALQUERIA,Colegio Distrital Alquería,Colegio Alquería,08,Kennedy,CLL 37 B Sur # 68 D - 93,4.604935279000017,-74.13617278999999,geocodificado,IDECA/Catastro Bogotá - Puestos de Votación 2023,LA ALQUERÍA,13,11,1,53,3,4,1,3,84.6,7.7,40
160010841,08,41,Salón Comunal Boita 1 Sector,BOITA,BOITA,Salón Comunal Boita 1 Sector,Boita,08,Kennedy,CLL 48 B # 72 K - 13 Sur,4.602362910000011,-74.15258212700002,geocodificado,IDECA/Catastro Bogotá - Puestos de Votación 2023,CARVAJAL,10,10,5,75,1,3,4,2,100.0,50.0,41
160010842,08,42,Col de Timiza,COL DE TIMIZA,COL DE TIMIZA,Col de Timiza,Col de Timiza,08,Kennedy,CRA 74 # 42 G - 52 Sur,4.609839341999987,-74.15855086099998,geocodificado,IDECA/Catastro Bogotá - Puestos de Votación 2023,KENNEDY,15,15,4,115,2,4,3,6,100.0,26.7,42
160010843,08,43,Colegio Distrital Hernando Durán Dussan,COL. DIS. HERNANDO DURÁN DUSSAN,COL. DIS. HERNANDO DURÁN DUSSAN,Colegio Distrital Hernando Durán Dussan,Col. Dis. Hernando Durán Dussan,08,Kennedy,CLL 42 F Sur # 88 A - 25,4.63459646199999,-74.17220865799999,geocodificado,IDECA/Catastro Bogotá - Puestos de Votación 2023,PATIO BONITO,20,19,12,192,1,9,2,7,95.0,60.0,43
160010844,08,44,Colegio Distrital Rodrigo de Triana - Sede B,COL. DIS. RODRIGO DE TRIANA - SEDE B,COL. DIS. RODRIGO DE TRIANA - SEDE B,Colegio Distrital Rodrigo de Triana - Sede B,Col. Dis. Rodrigo de Triana - Sede B,08,Kennedy,CRA 90 A # 39 - 12 Sur,4.640645230000018,-74.169408014,geocodificado,IDECA/Catastro Bogotá - Puestos de Votación 2023,PATIO BONITO,10,10,3,114,4,2,0,4,100.0,30.0,44
160010845,08,45,Colegio Distrital Eduardo Umaña Luna,COL. DIS. EDUARDO UMAÑA LUNA,COL. DIS. EDUARDO UMAÑA LUNA,Colegio Distrital Eduardo Umaña Luna,Col. Dis. Eduardo Umaña Luna,08,Kennedy,CRA 93 A # 42 A - 37 Sur,4.64174277799998,-74.17467597400002,geocodificado,IDECA/Catastro Bogotá - Puestos de Votación 2023,PATIO BONITO,23,21,4,113,4,10,3,4,91.3,17.4,45
160010846,08,46,Colegio Privado El Castillo,LICEO EL CASTILLO,LICEO EL CASTILLO,Colegio Privado El Castillo,Liceo El Castillo,08,Kennedy,CRA 82 Bis # 7 D - 12,4.643894622999994,-74.14992682600001,geocodificado,IDECA/Catastro Bogotá - Puestos de Votación 2023,KENNEDY,6,6,3,87,0,1,1,4,100.0,50.0,46
160010847,08,47,Centro Comercial Milenio Plaza,MILENIO PLAZA,MILENIO PLAZA,Centro Comercial Milenio Plaza,Milenio Plaza,08,Kennedy,AV Ciudad de Cali # 42 B - 51 Sur / AV CRA 86 # 42 B - 51 Sur,4.630349086000024,-74.168784781,geocodificado,IDECA/Catastro Bogotá - Puestos de Votación 2023,KENNEDY,10,8,4,90,2,1,0,5,80.0,40.0,47
160010848,08,48,Colegio Distrital Gabriel Betancourt Mejía,COL. GABRIEL BETANCOURT MEJIA,COL. GABRIEL BETANCOURT MEJIA,Colegio Distrital Gabriel Betancourt Mejía,Col. Gabriel Betancourt Mejia,08,Kennedy,CRA 87 A # 6 A - 23 / CRA 88 # 6 A - 28,4.644541435999997,-74.15653033799998,geocodificado,IDECA/Catastro Bogotá - Puestos de Votación 2023,PATIO BONITO,44,38,15,256,9,12,6,11,86.4,34.1,48
160010849,08,49,Salón Comunal María Paz,MARIA PAZ,MARIA PAZ,Salón Comunal María Paz,María Paz,08,Kennedy,CLL 5 A Sur # 82 - 63 / CLL 5 A Sur # 82 - 01,4.636868681999999,-74.15796743599998,geocodificado,IDECA/Catastro Bogotá - Puestos de Votación 2023,KENNEDY,9,9,3,39,3,3,1,2,100.0,33.3,49
160010850,08,50,Colegio Disitrital Nelson Mandela,COLEGIO NELSON MANDELA,COLEGIO NELSON MANDELA,Colegio Disitrital Nelson Mandela,Colegio Nelson Mandela,08,Kennedy,CRA 91 # 43 - 98 Sur / CRA 90 A # 46 - 50 Sur,4.635853713000017,-74.177909682,geocodificado,IDECA/Catastro Bogotá - Puestos de Votación 2023,KENNEDY,27,27,15,296,2,8,3,14,100.0,55.6,50
160010851,08,51,Colegio Distrital Gustavo Rojas Pinilla,COLEGIO GUSTAVO ROJAS PINILLA,COLEGIO GUSTAVO ROJAS PINILLA,Colegio Distrital Gustavo Rojas Pinilla,Colegio Gustavo Rojas Pinilla,08,Kennedy,CLL 11 B # 80 B - 61 / CLL 11 B # 80 C - 10,4.648509084000011,-74.14064983399999,geocodificado,IDECA/Catastro Bogotá - Puestos de Votación 2023,KENNEDY,12,12,8,179,1,2,0,9,100.0,66.7,51
160010852,08,52,Colegio Distrital Class - Sede B,COLEGIO CLASS I D E SEDE B ROMA,COLEGIO CLASS I D E SEDE B ROMA,Colegio Distrital Class - Sede B,Colegio Class I.E.D. Sede B,08,Kennedy,CLL 56 A Sur # 78 A - 20,4.608893255999988,-74.17120200699998,geocodificado,IDECA/Catastro Bogotá - Puestos de Votación 2023,KENNEDY CLASS ROMA,33,29,18,279,3,12,5,9,87.9,54.5,52
160010853,08,53,Salón Comunal El Ruby II Sector,GEMA,GEMA,Salón Comunal El Ruby II Sector,Gema,08,Kennedy,"CLL 58 B Sur # 78 K - 21 /
CLL 58 C Sur # 78 K - 21",4.6075258289999965,-74.17686551899999,geocodificado,IDECA/Catastro Bogotá - Puestos de Votación 2023,KENNEDY CLASS ROMA,4,3,2,66,0,0,0,3,75.0,50.0,53
160010854,08,54,Colegio Distrital Villa Rica - Sede B,COL. DISTRITAL VILLA RICA - SEDE B,COL. DISTRITAL VILLA RICA - SEDE B,Colegio Distrital Villa Rica - Sede B,Col. Dis. Villa Rica - sede B,08,Kennedy,CLL 49 Sur # 78 - 35,4.6114376419999985,-74.16641358300001,geocodificado,IDECA/Catastro Bogotá - Puestos de Votación 2023,KENNEDY,14,13,7,133,2,4,2,5,92.9,50.0,54
160010855,08,55,Colegio Distrital Jaime Garzón,COLEGIO JAIME GARZON,COLEGIO JAIME GARZON,Colegio Distrital Jaime Garzón,Colegio Jaime Garzón,08,Kennedy,TRV 85 A # 49 - 45 Sur,4.625827935000018,-74.17558464799998,geocodificado,IDECA/Catastro Bogotá - Puestos de Votación 2023,KENNEDY,28,28,13,279,3,9,5,11,100.0,46.4,55
160010856,08,56,Colegio Distrital Debora Arango Pérez,COLEGIO DEBORA ARANGO,COLEGIO DEBORA ARANGO,Colegio Distrital Debora Arango Pérez,Colegio Debora Arango,08,Kennedy,CRA 84 A # 57 B - 04 Sur / CRA 84 A # 57 B - 22 Sur,4.617969587999994,-74.18313506300001,geocodificado,IDECA/Catastro Bogotá - Puestos de Votación 2023,KENNEDY CLASS ROMA,10,8,1,62,1,4,1,2,80.0,10.0,56
160010857,08,57,Colegio Distrital Cafam Bellavista,COL. DIS. CAFAM BELLAVISTA,COL. DIS. CAFAM BELLAVISTA,Colegio Distrital Cafam Bellavista,Col. Dis.Cafam Bellavista,08,Kennedy,CLL 40 Sur # 94 C - 50,4.645385854999972,-74.172542018,geocodificado,IDECA/Catastro Bogotá - Puestos de Votación 2023,PATIO BONITO,61,59,13,334,16,22,8,13,96.7,21.3,57
160010858,08,58,Colegio Distrital Saludcoop Sur,COL. DIST SALUDCOOP SUR,COL. DIST SALUDCOOP SUR,Colegio Distrital Saludcoop Sur,Col. Dis. Saludcoop Sur,08,Kennedy,CRA 89 # 26 - 03 Sur / CRA 89 # 26 - 01 Sur,4.642366605999996,-74.16378937100001,geocodificado,IDECA/Catastro Bogotá - Puestos de Votación 2023,PATIO BONITO,20,16,3,229,2,3,4,7,80.0,15.0,58
160010859,08,59,Colegio Distrital Manuel Cepeda Vargas,MANUEL CEPEDA,MANUEL CEPEDA,Colegio Distrital Manuel Cepeda Vargas,Manuel Cepeda,08,Kennedy,CLL 56 Sur # 81 - 26,4.616530013999977,-74.17766230299998,geocodificado,IDECA/Catastro Bogotá - Puestos de Votación 2023,KENNEDY CLASS ROMA,29,27,16,323,0,9,3,15,93.1,55.2,59
160010860,08,60,Centro Comercial El Edén,CENTRO COMERCIAL EL EDEN,CENTRO COMERCIAL EL EDEN,Centro Comercial El Edén,Centro Comercial El Edén,08,Kennedy,CRA 72 # 12 B - 48,4.646525628000006,-74.12914780900002,geocodificado,IDECA/Catastro Bogotá - Puestos de Votación 2023,CARVAJAL,25,20,10,224,2,6,3,9,80.0,40.0,60
160010861,08,61,Salón Comunal Urbanización Villa Andrea,SANTA MARIA DE KENNEDY,SANTA MARIA DE KENNEDY,Salón Comunal Urbanización Villa Andrea,Santa Maria de Kennedy,08,Kennedy,CLL 51 C Sur # 82 A - 09,4.622501831000022,-74.17647344400001,geocodificado,IDECA/Catastro Bogotá - Puestos de Votación 2023,KENNEDY,15,14,11,296,1,3,1,9,93.3,73.3,61
160010862,08,62,Colegio Distrital Paulo VI Sede A,COLEGIO PAULO VI SEDE A,COLEGIO PAULO VI SEDE A,Colegio Distrital Paulo VI Sede A,Colegio Paulo VI Sede A,08,Kennedy,CRA 78 N # 41 - 17/ 21 Sur / CRA 78 P # 41 - 20 Sur,4.620888029000014,-74.158028828,geocodificado,IDECA/Catastro Bogotá - Puestos de Votación 2023,KENNEDY,4,4,1,50,0,0,2,2,100.0,25.0,62
160010863,08,63,Centro de Desarrollo Comunitario Kennedy,CENTRO DE DESARROLLO COMUNITARIO KENNEDY,CENTRO DE DESARROLLO COMUNITARIO KENNEDY,Centro de Desarrollo Comunitario Kennedy,Centro Desarrollo Comunitario Kennedy,08,Kennedy,"CRA 80 # 43 - 43 Sur /
AV CRA 80 # 43 - 43 Sur",4.62090271400001,-74.166610752,geocodificado,IDECA/Catastro Bogotá - Puestos de Votación 2023,KENNEDY,37,35,18,415,4,12,5,14,94.6,48.6,63
160010864,08,64,Colegio Distrital Rodrigo Triana Sede A (Paraiso),COLEGIO RODRIGO DE TRIANA,COLEGIO RODRIGO DE TRIANA,Colegio Distrital Rodrigo Triana Sede A (Paraiso),Colegio Rodrigo Triana,08,Kennedy,"CLL 38 B Sur # 89 - 81 /
CLL 38 Sur # 89 - 81",4.640010211999993,-74.16738579000003,geocodificado,IDECA/Catastro Bogotá - Puestos de Votación 2023,PATIO BONITO,22,19,7,130,10,2,2,5,86.4,31.8,64
160010865,08,65,Colegio Distrital Darío Echandía,COLEGIO DARIO ECHANDIA,COLEGIO DARIO ECHANDIA,Colegio Distrital Darío Echandía,Colegio Darío Echandía,08,Kennedy,CLL 5 A Sur # 88 B - 08,4.642173000000014,-74.161696,geocodificado,IDECA/Catastro Bogotá - Puestos de Votación 2023,PATIO BONITO,11,11,1,128,6,1,2,2,100.0,9.1,65
160010866,08,66,Colegio Gimnasio Moderno San Francisco El Tintal,SAN FRANCISCO EN EL TINTAL,SAN FRANCISCO EN EL TINTAL,Colegio Gimnasio Moderno San Francisco El Tintal,San Francisco en el Tintal,08,Kennedy,CLL 6 D # 90 - 51,4.6499929990000055,-74.15821,geocodificado,IDECA/Catastro Bogotá - Puestos de Votación 2023,PATIO BONITO,15,14,4,120,3,7,1,3,93.3,26.7,66
160010867,08,67,Centro Comercial Ciudad Tintal,CENTRO COMERCIAL CIUDAD TINTAL,CENTRO COMERCIAL CIUDAD TINTAL,Centro Comercial Ciudad Tintal,Centro Comercial Ciudad Tintal,08,Kennedy,"CRA 94 # 6 C - 30 /
CRA 93 # 6 B - 50",4.652774050999994,-74.15974955799999,geocodificado,IDECA/Catastro Bogotá - Puestos de Votación 2023,PATIO BONITO,3,3,0,8,1,2,0,0,100.0,0.0,67
160010868,08,68,Universidad Uniagustiniana,UNIVERSIDAD UNIAGUSTINIANA,UNIVERSIDAD UNIAGUSTINIANA,Universidad Uniagustiniana,Universidad Uniagustiniana,08,Kennedy,"AV Ciudad de Cali # 11 B - 95  /
CLL 11 A # 86 - 66 ",4.6533950620000155,-74.145146539,geocodificado,IDECA/Catastro Bogotá - Puestos de Votación 2023,PATIO BONITO,12,11,4,75,2,4,2,3,91.7,33.3,68
160010869,08,69,Colegio Distrital San José de Castilla - Sede A,SAN JOSE DE CASTILLA SEDE A,SAN JOSE DE CASTILLA SEDE A,Colegio Distrital San José de Castilla - Sede A,San Jose de Castilla Sede A,08,Kennedy,"CLL 7 C # 78 F - 20 /
CRA 78 F # 7 D - 03",4.6383089999999925,-74.14384000000001,geocodificado,IDECA/Catastro Bogotá - Puestos de Votación 2023,CARVAJAL,6,6,3,46,0,3,1,2,100.0,50.0,69
160010870,08,70,Colegio Fe y Alegría,COLEGIO FE Y ALEGRIA,COLEGIO FE Y ALEGRIA,Colegio Fe y Alegría,Colegio Fe y Alegría,08,Kennedy,TRV 78 C # 6 D - 49,4.635105999000018,-74.14605599999999,geocodificado,IDECA/Catastro Bogotá - Puestos de Votación 2023,CARVAJAL,6,6,3,61,1,1,2,2,100.0,50.0,70
160010871,08,71,Colegio Privado Jean Piaget,COLEGIO JEAN PIAGET,COLEGIO JEAN PIAGET,Colegio Privado Jean Piaget,Colegio Jean Piaget,08,Kennedy,CLL 2B # 70 - 22,4.624596075999989,-74.13168347700002,geocodificado,IDECA/Catastro Bogotá - Puestos de Votación 2023,CARVAJAL,5,5,2,29,2,1,0,2,100.0,40.0,71
160010872,08,72,Colegio Distrital San Pedro Claver Sede A,COLEGIO SAN PEDRO CLAVER SEDE A,COLEGIO SAN PEDRO CLAVER SEDE A,Colegio Distrital San Pedro Claver Sede A,Colegio San Pedro Claver Sede A,08,Kennedy,CRA 79C # 41B - 51 Sur,4.622000000000014,-74.16109999999998,geocodificado,IDECA/Catastro Bogotá - Puestos de Votación 2023,KENNEDY,15,15,7,183,0,3,4,8,100.0,46.7,72
160010873,08,73,Colegio Distrital La Magdalena,COL. TERESA MARTINEZ DE VARELA,COL. TERESA MARTINEZ DE VARELA,Colegio Distrital La Magdalena,Colegio La Magdalena,08,Kennedy,CLL 8A Bis # 94 - 72 / CRA 94 # 8C - 49,4.6571999989999995,-74.15730000000002,geocodificado,IDECA/Catastro Bogotá - Puestos de Votación 2023,PATIO BONITO,9,7,3,37,1,4,1,1,77.8,33.3,73
160010874,08,74,Colegio Distrital Jackeline Sede B,COLEGIO DISTRITAL JACKELINE,COLEGIO DISTRITAL JACKELINE,Colegio Distrital Jackeline Sede B,Colegio Distrital Jackeline,08,Kennedy,CRA 77 Q # 45 A - 21 Sur,4.608990300000016,-74.16273182399999,geocodificado,IDECA/Catastro Bogotá - Puestos de Votación 2023,KENNEDY,2,2,0,22,0,1,0,1,100.0,0.0,74
160010875,08,75,Gimnasio Cristiano Luz y Vida Sede C,COLEGIO LUZ Y VIDA,COLEGIO LUZ Y VIDA,Gimnasio Cristiano Luz y Vida Sede C,Colegio Luz y Vida,08,Kennedy,CLL 1 Sur  # 86 - 15,4.638695687999984,-74.159262721,geocodificado,IDECA/Catastro Bogotá - Puestos de Votación 2023,KENNEDY,6,6,2,14,2,4,0,0,100.0,33.3,75
160010876,08,76,Colegio Fernando Soto Aparicio Sede B,FERNANDO SOTO APARICIO SEDE B,FERNANDO SOTO APARICIO SEDE B,Colegio Fernando Soto Aparicio Sede B,Fernando Soto Aparicio Sede B,08,Kennedy,CRA 80 A # 51 B - 29 Sur,4.617237999999986,-74.17262599999998,geocodificado,IDECA/Catastro Bogotá - Puestos de Votación 2023,KENNEDY,5,3,2,158,0,0,0,3,60.0,40.0,76
160010877,08,77,Salón Comunal Monterrey,SALON COMUNAL MONTERREY,SALON COMUNAL MONTERREY,Salón Comunal Monterrey,Salón Comunal Monterrey,08,Kennedy,CLL 8 Bis # 81 - 40 ,4.643097501,-74.147835725,geocodificado,IDECA/Catastro Bogotá - Puestos de Votación 2023,KENNEDY,4,4,2,78,0,1,0,3,100.0,50.0,77
160010878,08,78,Centro Comercial Tintal Plaza,CENTRO COMERCIAL TINTAL PLAZA,CENTRO COMERCIAL TINTAL PLAZA,Centro Comercial Tintal Plaza,Centro Comercial Tintal Plaza,08,Kennedy,"AV CRA 86 # 6 - 37 /
AV Ciudad Cali con Américas",4.641769221000004,-74.15541178400002,geocodificado,IDECA/Catastro Bogotá - Puestos de Votación 2023,PATIO BONITO,13,13,3,68,4,3,1,5,100.0,23.1,78
160010879,08,79,Colegio Sagrado Corazón Sede Principal,SAGRADO CORAZON,SAGRADO CORAZON,Colegio Sagrado Corazón Sede Principal,Sagrado Corazón,08,Kennedy,CLL 54 Sur # 81 H - 15,4.620347682999977,-74.17712050400002,geocodificado,IDECA/Catastro Bogotá - Puestos de Votación 2023,KENNEDY CLASS ROMA,1,1,1,0,1,0,0,0,100.0,100.0,79
160010880,08,80,Colegio Distrital CODEMA,COLEGIO DIST. CODEMA,COLEGIO DIST. CODEMA,Colegio Distrital CODEMA,Col. Dis. CODEMA,08,Kennedy,CLL 2 # 93 - 28,4.648293517000013,-74.165558852,geocodificado,IDECA/Catastro Bogotá - Puestos de Votación 2023,PATIO BONITO,21,17,4,52,10,1,4,2,81.0,19.0,80
160010881,08,81,Salón Comunal Roma IV Segundo Sector,SALON COMUNAL ROMA IV,SALON COMUNAL ROMA IV,Salón Comunal Roma IV Segundo Sector,Salón Comunal Roma IV,08,Kennedy,CRA 78 J # 54 - 16 Sur,4.611307113000009,-74.17060252300001,geocodificado,IDECA/Catastro Bogotá - Puestos de Votación 2023,KENNEDY,12,9,7,128,1,0,1,7,75.0,58.3,81
160010882,08,82,Colegio Distrital INEM Francisco de Paula Santander,INEM FRANCISCO DE PAULA SANTANDER SEDE A,INEM FRANCISCO DE PAULA SANTANDER SEDE A,Colegio Distrital INEM Francisco de Paula Santander,INEM Francisco de Paula Santander Sede A,08,Kennedy,CLL 38 C Sur # 79 - 08,4.624982827999986,-74.15550350900003,geocodificado,IDECA/Catastro Bogotá - Puestos de Votación 2023,KENNEDY,11,9,3,72,1,4,2,2,81.8,27.3,82
160010883,08,83,Colegio Fernando Soto Aparicio – Nuevo Kennedy,FERNANDO SOTO APARICIO,FERNANDO SOTO APARICIO,Colegio Fernando Soto Aparicio – Nuevo Kennedy,Fernando Soto Aparicio,08,Kennedy,TRV 73 A Bis B # 36 - 47 Sur,4.618814036000003,-74.14748936900003,geocodificado,IDECA/Catastro Bogotá - Puestos de Votación 2023,CARVAJAL,1,1,0,12,0,0,0,1,100.0,0.0,83
160010884,08,84,Salón Comunal Carvajal Osorio,SALON COMUNAL CARVAJAL OSORIO,SALON COMUNAL CARVAJAL OSORIO,Salón Comunal Carvajal Osorio,Salón Comunal Carvajal Osorio,08,Kennedy,"CRA 68 L  #37 D - 38 Sur /
CRA 68 I # 37 D - 02 Sur / 
CLL 38 Sur # 68 J - 50",4.60692899899999,-74.13835799999998,geocodificado,IDECA/Catastro Bogotá - Puestos de Votación 2023,GALAN,4,4,0,54,0,1,0,3,100.0,0.0,84
160010887,08,87,Salón Comunal Marsella,SALON COMUNAL MARSELLA,SALON COMUNAL MARSELLA,Salón Comunal Marsella,Salón Comunal Marsella,08,Kennedy,CRA 69 # 8 - 28,4.632976376999977,-74.12702548099998,geocodificado,IDECA/Catastro Bogotá - Puestos de Votación 2023,KENNEDY,4,4,3,51,1,0,0,3,100.0,75.0,87
160010888,08,88,Colegio Isabel II,ISABEL II,ISABEL II,Colegio Isabel II,Isabel II,08,Kennedy,DIAG 2 D # 79 C - 83,4.6335696819999725,-74.15294975,geocodificado,IDECA/Catastro Bogotá - Puestos de Votación 2023,KENNEDY,3,3,0,0,3,0,0,0,100.0,0.0,88
160010890,08,90,Colegio OEA Sede  Antonia Santos,COLEGIO OEA ANTONIA SANTOS,COLEGIO OEA ANTONIA SANTOS,Colegio OEA Sede  Antonia Santos,Colegio OEA Antonia Santos,08,Kennedy,CRA 69 # 39 - 27  Sur / CRA 69 Bis # 39 - 30 Sur,4.6090806870000165,-74.14082055400002,geocodificado,IDECA/Catastro Bogotá - Puestos de Votación 2023,CARVAJAL,5,4,1,64,0,1,1,2,80.0,20.0,90
160010891,08,91,Salón Comunal Boita II Sector,SALON COMUNAL BOITA II SECTOR,SALON COMUNAL BOITA II SECTOR,Salón Comunal Boita II Sector,Salón Comunal Boita II Sector,08,Kennedy,CRA 72 R Bis # 48 - 11 Sur,4.604087417000017,-74.15639227399998,geocodificado,IDECA/Catastro Bogotá - Puestos de Votación 2023,KENNEDY,1,1,0,2,0,1,0,0,100.0,0.0,91
160010892,08,92,Salón Comunal Santa Catalina,SALON COMUNAL SANTA CATALINA,SALON COMUNAL SANTA CATALINA,Salón Comunal Santa Catalina,Salón Comunal Santa Catalina,08,Kennedy,"CRA 72 Q Bis #43 - 06 Sur /
CLL 43 Sur # 72Q - 45",4.606108602999996,-74.154868911,geocodificado,IDECA/Catastro Bogotá - Puestos de Votación 2023,CARVAJAL,1,1,0,3,0,1,0,0,100.0,0.0,92
160010893,08,93,Colegio Privado de Integración Moderna,COLEGIO INTEGRACION MODERNA,COLEGIO INTEGRACION MODERNA,Colegio Privado de Integración Moderna,Colegio Integración Moderna,08,Kennedy,CLL 4 # 71 A - 41,4.626742130000025,-74.13479141900001,geocodificado,IDECA/Catastro Bogotá - Puestos de Votación 2023,CARVAJAL,3,3,2,37,0,1,0,2,100.0,66.7,93
160010894,08,94,Colegio Privado Cooperativo de Timiza,COLEGIO COOPERATIVO TIMIZA,COLEGIO COOPERATIVO TIMIZA,Colegio Privado Cooperativo de Timiza,Colegio Cooperativo Timiza,08,Kennedy,CRA 72 M # 40 F - 18 Sur,4.608652925999991,-74.15073440999998,geocodificado,IDECA/Catastro Bogotá - Puestos de Votación 2023,CARVAJAL,5,5,2,32,1,1,1,2,100.0,40.0,94
160010895,08,95,Colegio Distrital La Floresta Sur Sede B,FLORESTA SUR SEDE B,FLORESTA SUR SEDE B,Colegio Distrital La Floresta Sur Sede B,Floresta Sur Sede B,08,Kennedy,"CLL 2 # 68 B - 08 Sur / 
CLL 2 # 68 B - 82 Sur",4.620478547999994,-74.127722129,geocodificado,IDECA/Catastro Bogotá - Puestos de Votación 2023,GALAN,6,6,0,45,0,3,1,2,100.0,0.0,95
160010896,08,96,Colegio Distrital Carlos Arango Vélez Sede A,CARLOS ARANGO VELEZ SEDE A,CARLOS ARANGO VELEZ SEDE A,Colegio Distrital Carlos Arango Vélez Sede A,Carlos Arango Vélez Sede A,08,Kennedy,TRV 68 G # 35 A - 42 Sur,4.607800366999982,-74.13534321100002,geocodificado,IDECA/Catastro Bogotá - Puestos de Votación 2023,CARVAJAL,11,8,3,47,1,4,2,1,72.7,27.3,96
160010897,08,97,Colegio Distrital San Rafael Sede A,COLEGIO SAN RAFAEL SEDE A,COLEGIO SAN RAFAEL SEDE A,Colegio Distrital San Rafael Sede A,Colegio San Rafael Sede A,08,Kennedy,"TRV 78 I # 42 B - 81 Sur / 
CRA 78 L # 42 B - 84 Sur",4.617571587999976,-74.16240131,geocodificado,IDECA/Catastro Bogotá - Puestos de Votación 2023,KENNEDY,4,4,2,17,0,3,0,1,100.0,50.0,97
160010898,08,98,Salón Comunal Villa Claudia,SALON COMUNAL VILLA CLAUDIA,SALON COMUNAL VILLA CLAUDIA,Salón Comunal Villa Claudia,Salón Comunal Villa Claudia,08,Kennedy,CLL 9 A Sur # 68 F - 23,4.617273995999994,-74.129142291,geocodificado,IDECA/Catastro Bogotá - Puestos de Votación 2023,GALAN,1,1,0,0,1,0,0,0,100.0,0.0,98
160010899,08,99,Colegio Distrital San Pedro Claver Sede B,COLEGIO SAN PEDRO CLAVER SEDE B,COLEGIO SAN PEDRO CLAVER SEDE B,Colegio Distrital San Pedro Claver Sede B,Colegio San Pedro Claver Sede B,08,Kennedy,CLL 42 G Sur # 87 - 06,4.631496877000018,-74.171399802,geocodificado,IDECA/Catastro Bogotá - Puestos de Votación 2023,PATIO BONITO,2,2,0,2,1,1,0,0,100.0,0.0,99
1600108A1,08,A1,Colegio Privado Ernesto Guhl,COLEGIO ERNESTO GUHL,COLEGIO ERNESTO GUHL,Colegio Privado Ernesto Guhl,Colegio Ernesto Guhl,08,Kennedy,CLL 42 G Sur # 87 G - 16,4.633208071000013,-74.17243267100002,geocodificado,IDECA/Catastro Bogotá - Puestos de Votación 2023,PATIO BONITO,3,3,2,25,0,1,0,2,100.0,66.7,A1
1600108A2,08,A2,Colegio Privado Ciudad de Fómeque,COLEGIO CIUDAD DE FOMEQUE,COLEGIO CIUDAD DE FOMEQUE,Colegio Privado Ciudad de Fómeque,Colegio Ciudad de Fómeque,08,Kennedy,"CRA 93 B # 42 F -16 Sur /
CRA 93 42F - 16 S",4.640719493999995,-74.17544944299999,geocodificado,IDECA/Catastro Bogotá - Puestos de Votación 2023,PATIO BONITO,2,2,0,8,0,1,1,0,100.0,0.0,A2
1600108A3,08,A3,Escuela Tecnológica Instituto Técnico Central,ESC.TECNOLOGICA INST. TECNICO CENTRAL,ESC.TECNOLOGICA INST. TECNICO CENTRAL,Escuela Tecnológica Instituto Técnico Central,Esc.Tecnologica Inst. Tecnico Central,08,Kennedy,CLL 6 C # 94 A - 25,4.653949641999986,-74.16140760000002,geocodificado,IDECA/Catastro Bogotá - Puestos de Votación 2023,PATIO BONITO,17,13,3,126,2,3,4,4,76.5,17.6,A3
1600108A4,08,A4,Colegio Distrital Ciudad de Techo,COLEGIO EMMA REYES IED,COLEGIO EMMA REYES IED,Colegio Distrital Ciudad de Techo,Colegio Emma Reyes IED,08,Kennedy,CRA 80 B # 6 - 71,4.636721894000004,-74.15085022,geocodificado,IDECA/Catastro Bogotá - Puestos de Votación 2023,KENNEDY,4,4,2,39,0,2,0,2,100.0,50.0,A4
1600108A5,08,A5,Salón Comunal Andalucia II Sector,SALON COMUNAL ANDALUCIA II SECTOR,SALON COMUNAL ANDALUCIA II SECTOR,Salón Comunal Andalucia II Sector,Salón Comunal Andalucia II Sector,08,Kennedy,CLL 14 A # 81 - 38,4.653618251000012,-74.13694453599999,geocodificado,IDECA/Catastro Bogotá - Puestos de Votación 2023,FONTIBÓN,7,5,0,5,2,3,0,0,71.4,0.0,A5
1600108A6,08,A6,Salón Comunal Villa Alsacia,SALON COMUNAL VILLA ALSACIA,SALON COMUNAL VILLA ALSACIA,Salón Comunal Villa Alsacia,Salón Comunal Villa Alsacia,08,Kennedy,CLL 11 A # 72 D - 20,4.6434659750000264,-74.13615890900002,geocodificado,IDECA/Catastro Bogotá - Puestos de Votación 2023,CARVAJAL,4,3,2,28,1,0,0,2,75.0,50.0,A6
1600108A7,08,A7,Centro Comercial Plaza de Las Américas,CC PLAZA DE LAS AMERICAS,CC PLAZA DE LAS AMERICAS,Centro Comercial Plaza de Las Américas,CC Plaza de Las Americas,08,Kennedy,CRA 71 D # 6 - 94 Sur,4.618442613000013,-74.13720239100002,geocodificado,IDECA/Catastro Bogotá - Puestos de Votación 2023,CARVAJAL,9,9,3,38,2,4,2,1,100.0,33.3,A7
1600108A8,08,A8,Almacén Metro Alquería,METRO ALQUERIA,METRO ALQUERIA,Almacén Metro Alquería,Metro Alqueria,08,Kennedy,"AV CRA 68 # 38 - 87 Sur / 
CRA 68 # 38A - 15
",4.602679980000005,-74.13464627899998,geocodificado,IDECA/Catastro Bogotá - Puestos de Votación 2023,LA ALQUERÍA,6,4,1,128,1,0,1,2,66.7,16.7,A8
1600108A9,08,A9,Instituto Comercial Loreto de Castilla,LORETO DE CASTILLA,LORETO DE CASTILLA,Instituto Comercial Loreto de Castilla,Loreto de Castilla,08,Kennedy,CLL 8 # 78 C - 60,4.639170745999991,-74.14319126700002,geocodificado,IDECA/Catastro Bogotá - Puestos de Votación 2023,GALAN,5,4,0,28,0,2,1,1,80.0,0.0,A9
1600108B1,08,B1,Polideportivo Castilla,POLIDEPORTIVO CASTILLA,POLIDEPORTIVO CASTILLA,Polideportivo Castilla,Polideportivo Castilla,08,Kennedy,"CLL 8 B Bis # 73 B - 1 / 
CRA 75 8 A - 31",4.639782514999979,-74.139414112,geocodificado,IDECA/Catastro Bogotá - Puestos de Votación 2023,CARVAJAL,11,11,6,112,1,2,0,8,100.0,54.5,B1
1600108B2,08,B2,Colegio Feliza Bursztyn,COLEGIO FELIZA BURSZTYN IED,COLEGIO FELIZA BURSZTYN IED,Colegio Feliza Bursztyn,Colegio Feliza Bursztyn IED,08,Kennedy,CLL 1 # 69 A - 07,4.621848070999988,-74.12948387699998,geocodificado,IDECA/Catastro Bogotá - Puestos de Votación 2023,CARVAJAL,8,8,1,18,4,2,2,0,100.0,12.5,B2
1600108B3,08,B3,Colegio María Betsabe Espinal IED,COLEGIO MARIA BETSABE ESPINAL IED,COLEGIO MARIA BETSABE ESPINAL IED,Colegio María Betsabe Espinal IED,Colegio María Betsabe Espinal IED,08,Kennedy,CLL 45 Sur # 72Q - 20,4.605120629999988,-74.15503552000001,geocodificado,IDECA/Catastro Bogotá - Puestos de Votación 2023,CARVAJAL,2,2,0,14,0,1,0,1,100.0,0.0,B3
1600108B4,08,B4,Colegio El Ferrol La Paz IED,COLEGIO EL FERROL LA PAZ IED,COLEGIO EL FERROL LA PAZ IED,Colegio El Ferrol La Paz IED,Colegio El Ferrol La Paz IED,08,Kennedy,"CRA 69 # 9C -30 / 
CRA 69 # 9C - 60 / 
CRA 69 # 9C - 52",4.634804314999997,-74.126343459,geocodificado,IDECA/Catastro Bogotá - Puestos de Votación 2023,KENNEDY,2,2,2,43,0,0,0,2,100.0,100.0,B4
1600108B6,08,B6,Salón INSTMAR - Instituto Marsella,SALON INSTMAR - INSTITUTO MARSELLA,SALON INSTMAR - INSTITUTO MARSELLA,Salón INSTMAR - Instituto Marsella,Salón INSTMAR - Instituto Marsella,08,Kennedy,CRA 70 # 6 C - 50,4.6315455580000275,-74.13063681900002,geocodificado,IDECA/Catastro Bogotá - Puestos de Votación 2023,GALAN,1,1,0,0,1,0,0,0,100.0,0.0,B6
1600108B7,08,B7,Colegio Gimnasio Moderno Castilla,GIMNASIO MODERNO CASTILLA,GIMNASIO MODERNO CASTILLA,Colegio Gimnasio Moderno Castilla,Gimnasio Moderno Castilla,08,Kennedy,AV CLL 8 # 78C - 04,4.638837001000013,-74.14266834099999,geocodificado,IDECA/Catastro Bogotá - Puestos de Votación 2023,CARVAJAL,1,1,1,9,0,0,1,0,100.0,100.0,B7
1600108B8,08,B8,Salón Comunal Las Américas,SALON COMUNAL LAS AMERICAS,SALON COMUNAL LAS AMERICAS,Salón Comunal Las Américas,Salón Comunal Las Américas,08,Kennedy,CLL 3 A # 69 B - 19,4.625397964000001,-74.12952597399999,geocodificado,IDECA/Catastro Bogotá - Puestos de Votación 2023,CARVAJAL,1,1,0,13,0,0,0,1,100.0,0.0,B8
1600108C1,08,C1,Salón Comunal Nuevas Delicias,SALON COMUNAL NUEVAS DELICIAS,SALON COMUNAL NUEVAS DELICIAS,Salón Comunal Nuevas Delicias,Salón Comunal Nuevas Delicias,08,Kennedy,CLL 44 F Sur # 72 B - 36,4.599512147999974,-74.14703322000003,geocodificado,IDECA/Catastro Bogotá - Puestos de Votación 2023,LA ALQUERÍA,2,1,0,2,0,1,0,0,50.0,0.0,C1
1600108C2,08,C2,Liceo Carmelitas,LICEO CARMELITAS,LICEO CARMELITAS,Liceo Carmelitas,Liceo Carmelitas,08,Kennedy,CRA 77 K # 57 D - 23 Sur,4.606241278000027,-74.17329448200002,geocodificado,IDECA/Catastro Bogotá - Puestos de Votación 2023,KENNEDY CLASS ROMA,2,2,2,17,0,1,0,1,100.0,100.0,C2
1600108C4,08,C4,Salón Comunal Casablanca 33,CASABLANCA I,CASABLANCA I,Salón Comunal Casablanca 33,Casablanca 33,08,Kennedy,"CRA 79 B # 46 - 70 Sur / 
CRA 79B # 46 - 16 S",4.618040081000004,-74.167141066,geocodificado,IDECA/Catastro Bogotá - Puestos de Votación 2023,KENNEDY,2,2,2,18,0,1,0,1,100.0,100.0,C4
1600108C5,08,C5,Colegio San Jose - Sede B,CASABLANCA 33,CASABLANCA 33,Colegio San Jose - Sede B,IED Colegio San Jose Sede B,08,Kennedy,CRA 78 N Bis # 45 - 60 Sur,4.61651776399998,-74.16573839400002,geocodificado,IDECA/Catastro Bogotá - Puestos de Votación 2023,KENNEDY,5,5,2,122,0,0,1,4,100.0,40.0,C5
1600108C6,08,C6,Colegio Gustavo Rojas Pinilla -Sede B,IED COLEGIO SAN JOSE SEDE B,IED COLEGIO SAN JOSE SEDE B,Colegio Gustavo Rojas Pinilla -Sede B,Col. Gustavo Rojas Pinilla -Sede B,08,Kennedy,CRA 84 D # 13 - 65 / CRA 81 D # 13 - 65,4.6525973720000025,-74.13948330400001,geocodificado,IDECA/Catastro Bogotá - Puestos de Votación 2023,KENNEDY,1,1,1,8,0,0,1,0,100.0,100.0,C6
160010901,09,01,Colegio Parroquial San Pedro Claver,FONTIBON,FONTIBON,Colegio Parroquial San Pedro Claver,Fontibón,09,Fontibon,CRA 99 CLL 17 A Esquina / CRA 99 # 17A - 62,4.672635173000003,-74.14450537800002,geocodificado,IDECA/Catastro Bogotá - Puestos de Votación 2023,FONTIBÓN,30,27,6,497,7,8,5,7,90.0,20.0,1
160010902,09,02,Colegio Distrital Villemar El Carmen,VILLEMAR,VILLEMAR,Colegio Distrital Villemar El Carmen,Villemar,09,Fontibon,CLL 20 D # 96 G - 51,4.67259422799998,-74.13918465199998,geocodificado,IDECA/Catastro Bogotá - Puestos de Votación 2023,FONTIBÓN,36,34,6,351,9,8,6,11,94.4,16.7,2
160010903,09,03,Centro Comercial Hayuelos,HAYUELOS CENTRO COMERCIAL,HAYUELOS CENTRO COMERCIAL,Centro Comercial Hayuelos,Hayuelos Centro Comercial,09,Fontibon,CLL 20 # 82 - 52,4.6642036050000115,-74.13054683600001,geocodificado,IDECA/Catastro Bogotá - Puestos de Votación 2023,FONTIBÓN,36,31,9,167,6,12,8,5,86.1,25.0,3
160010904,09,04,Colegio Integrado de Fontibón,BELEN,BELEN,Colegio Integrado de Fontibón,Belén,09,Fontibon,CRA 106 # 18 - 77,4.678433945999984,-74.14731025499998,geocodificado,IDECA/Catastro Bogotá - Puestos de Votación 2023,FONTIBÓN,27,27,4,153,13,4,8,2,100.0,14.8,4
160010905,09,05,Colegio Distrital Antonio Van Üden,SAN PABLO LA PERLA,SAN PABLO LA PERLA,Colegio Distrital Antonio Van Üden,San Pablo La Perla,09,Fontibon,CLL 17 D # 123 B - 37,4.688993233000019,-74.15887107399999,geocodificado,IDECA/Catastro Bogotá - Puestos de Votación 2023,FONTIBÓN,12,12,1,74,6,2,0,4,100.0,8.3,5
160010906,09,06,Colegio Distrital Internacional,VERSALLES,VERSALLES,Colegio Distrital Internacional,Versalles,09,Fontibon,CRA 112 # 23 - 05,4.686837267999977,-74.14523521799998,geocodificado,IDECA/Catastro Bogotá - Puestos de Votación 2023,FONTIBÓN,27,24,5,357,4,6,2,12,88.9,18.5,6
160010907,09,07,Colegio Distrital República de Costa Rica - Sede C,VERACRUZ,VERACRUZ,Colegio Distrital República de Costa Rica - Sede C,Veracruz,09,Fontibon,CRA 101 # 23 - 42,4.679446399000028,-74.13770941799999,geocodificado,IDECA/Catastro Bogotá - Puestos de Votación 2023,FONTIBÓN,44,43,13,642,10,5,6,22,97.7,29.5,7
160010908,09,08,Salón Múltiple Comunitario,MODELIA SUR,MODELIA SUR,Salón Múltiple Comunitario,Modelia Sur,09,Fontibon,"CLL 25 B # 81 - 41 / 
CRA 81C # 24D 60",4.6700497549999795,-74.11924086099998,geocodificado,IDECA/Catastro Bogotá - Puestos de Votación 2023,FONTIBÓN,18,16,5,238,2,6,2,6,88.9,27.8,8
160010909,09,09,Colegio Distrital Santa Cecilia,SANTA CECILIA - MODELIA,SANTA CECILIA - MODELIA,Colegio Distrital Santa Cecilia,Santa Cecilia - Modelia,09,Fontibon,CLL 25 B # 83 - 14,4.671957664999979,-74.120634585,geocodificado,IDECA/Catastro Bogotá - Puestos de Votación 2023,FONTIBÓN,7,7,1,10,3,4,0,0,100.0,14.3,9
160010910,09,10,Colegio Distrital Rodrigo Arenas Betancourt,CENTRO A,CENTRO A,Colegio Distrital Rodrigo Arenas Betancourt,Centro A,09,Fontibon,CRA 97 # 16 J - 15,4.670627619000015,-74.14464347799998,geocodificado,IDECA/Catastro Bogotá - Puestos de Votación 2023,FONTIBÓN,11,10,0,60,3,2,3,2,90.9,0.0,10
160010911,09,11,Colegio Distrital Pablo Neruda,LA LAGUNA,LA LAGUNA,Colegio Distrital Pablo Neruda,La Laguna,09,Fontibon,CLL 16 F Bis # 102 - 70,4.67224560599999,-74.14939245199997,geocodificado,IDECA/Catastro Bogotá - Puestos de Votación 2023,FONTIBÓN,32,29,7,193,7,11,3,8,90.6,21.9,11
160010912,09,12,Concentración Escolar Batavia,BATAVIA,BATAVIA,Concentración Escolar Batavia,Batavia,09,Fontibon,CRA 114 # 17 C - 07,4.682683578000024,-74.15300324100002,geocodificado,IDECA/Catastro Bogotá - Puestos de Votación 2023,FONTIBÓN,6,6,1,32,1,4,0,1,100.0,16.7,12
160010913,09,13,Subdirección de Integración Social,LA GIRALDA,LA GIRALDA,Subdirección de Integración Social,La Giralda,09,Fontibon,"CRA 104 B # 22 J - 15 /
CLL 23 # 104 B - 15",4.681725343999972,-74.14173478999999,geocodificado,IDECA/Catastro Bogotá - Puestos de Votación 2023,FONTIBÓN,28,26,5,194,8,3,9,6,92.9,17.9,13
160010914,09,14,Colegio Distrital Costa Rica - Sede C,PUERTA DE TEJA,PUERTA DE TEJA,Colegio Distrital Costa Rica - Sede C,Puerta de Teja,09,Fontibon,CLL 25 C Bis B # 96 - 56,4.682179560000009,-74.12699895999998,geocodificado,IDECA/Catastro Bogotá - Puestos de Votación 2023,FONTIBÓN,2,2,0,0,2,0,0,0,100.0,0.0,14
160010915,09,15,Colegio Agustiniano Salitre,AGUSTINIANO SALITRE,AGUSTINIANO SALITRE,Colegio Agustiniano Salitre,Agustiniano - Salitre,09,Fontibon,CLL 23 C # 69 B – 01,4.655439624999985,-74.11353089900001,geocodificado,IDECA/Catastro Bogotá - Puestos de Votación 2023,FERIAS,3,2,0,11,0,1,1,0,66.7,0.0,15
160010916,09,16,Colegio Agustiniano Salitre,TRES ELEFANTES- LA ESPERANZA,TRES ELEFANTES- LA ESPERANZA,Colegio Agustiniano Salitre,Agustiniano - Salitre,09,Fontibon,CLL 23 C # 69 B - 02,4.660055098999976,-74.11834597299998,geocodificado,IDECA/Catastro Bogotá - Puestos de Votación 2023,FONTIBÓN,3,3,0,0,3,0,0,0,100.0,0.0,16
160010917,09,17,Liceo Juvenil Moravia,PUENTE GRANDE,PUENTE GRANDE,Liceo Juvenil Moravia,Puente Grande,09,Fontibon,CRA 137 A # 17 D - 31,4.697663889000012,-74.168116398,geocodificado,IDECA/Catastro Bogotá - Puestos de Votación 2023,FONTIBÓN,4,4,0,48,2,0,1,1,100.0,0.0,17
160010918,09,18,Colegio Distrital Carlo Federici,ZONA FRANCA,ZONA FRANCA,Colegio Distrital Carlo Federici,Zona Franca,09,Fontibon,CLL 14 A # 108 - 78,4.67173956900001,-74.15965763100002,geocodificado,IDECA/Catastro Bogotá - Puestos de Votación 2023,FONTIBÓN,36,34,8,584,12,9,4,9,94.4,22.2,18
160010919,09,19,Salón Social Conjunto Residencial Fontibón Reservado,RECODO,RECODO,Salón Social Conjunto Residencial Fontibón Reservado,Recodo,09,Fontibon,CLL 14 B # 119 A - 17,4.6804774479999764,-74.16613787,geocodificado,IDECA/Catastro Bogotá - Puestos de Votación 2023,FONTIBÓN,16,13,1,52,5,4,2,2,81.2,6.2,19
160010920,09,20,Colegio Santa Teresa Centro,SANTA TERESA CENTRO,SANTA TERESA CENTRO,Colegio Santa Teresa Centro,Santa Teresa Centro,09,Fontibon,CRA 99 # 19 -72,4.673793999999987,-74.14252299999998,geocodificado,IDECA/Catastro Bogotá - Puestos de Votación 2023,FONTIBÓN,11,10,0,32,5,1,4,0,90.9,0.0,20
160010921,09,21,Colegio Distrital La Felicidad,LA FELICIDAD,LA FELICIDAD,Colegio Distrital La Felicidad,La Felicidad,09,Fontibon,CLL 19 # 79 - 37,4.656356405999986,-74.13059069600001,geocodificado,IDECA/Catastro Bogotá - Puestos de Votación 2023,FONTIBÓN,8,8,0,55,1,4,0,3,100.0,0.0,21
160010922,09,22,Liceo Navarra,NAVARRA MODELIA,NAVARRA MODELIA,Liceo Navarra,Navarra Modelia,09,Fontibon,CRA 74 # 24 B - 80,4.6658199999999965,-74.11706199999998,geocodificado,IDECA/Catastro Bogotá - Puestos de Votación 2023,FONTIBÓN,1,1,1,14,0,0,0,1,100.0,100.0,22
160010923,09,23,Colegio Gimnasio Modelia Real,MODELIA REAL,MODELIA REAL,Colegio Gimnasio Modelia Real,Modelia Real,09,Fontibon,"CLL 24 D # 82 - 13 /
CRA 82 # 24 C - 29 ",4.670602093000014,-74.12140295500001,geocodificado,IDECA/Catastro Bogotá - Puestos de Votación 2023,FONTIBÓN,12,7,3,90,1,0,1,5,58.3,25.0,23
160010924,09,24,Salón Comunal la Aldea,LA ALDEA,LA ALDEA,Salón Comunal la Aldea,La Aldea,09,Fontibon,CLL 22 G # 117 A - 38,4.688916000000006,-74.15002900000002,geocodificado,IDECA/Catastro Bogotá - Puestos de Votación 2023,FONTIBÓN,10,10,0,121,1,3,2,4,100.0,0.0,24
160010925,09,25,Colegio Distrital Antonio Van Uden Sede C,VAN UDEN CALLE 13,VAN UDEN CALLE 13,Colegio Distrital Antonio Van Uden Sede C,Van Uden CLL 13,09,Fontibon,CRA 124 # 17 - 05,4.688375000000008,-74.16090500000001,geocodificado,IDECA/Catastro Bogotá - Puestos de Votación 2023,FONTIBÓN,5,5,0,35,1,1,1,2,100.0,0.0,25
160010926,09,26,Colegio Distrital Atahualpa,ATAHUALPA,ATAHUALPA,Colegio Distrital Atahualpa,Atahualpa,09,Fontibon,AV CRA 116 # 22I - 56,4.688300000000027,-74.1483,geocodificado,IDECA/Catastro Bogotá - Puestos de Votación 2023,FONTIBÓN,13,12,1,60,4,3,3,2,92.3,7.7,26
160010927,09,27,Parqueadero Supermercado JUMBO,HAYUELOS JUMBO,HAYUELOS JUMBO,Parqueadero Supermercado JUMBO,Hayuelos - JUMBO,09,Fontibon,AV CRA 86 # 19A - 50,4.662800000000004,-74.13229999999999,geocodificado,IDECA/Catastro Bogotá - Puestos de Votación 2023,FONTIBÓN,16,15,1,80,7,4,3,1,93.8,6.2,27
160010928,09,28,Colegio Distrital Integrado - Sede B,INTEGRADO SEDE B,INTEGRADO SEDE B,Colegio Distrital Integrado - Sede B,Integrado Sede B,09,Fontibon,CLL 22 F # 109 B - 29,4.683119406000003,-74.14624404900002,geocodificado,IDECA/Catastro Bogotá - Puestos de Votación 2023,FONTIBÓN,7,7,1,101,0,3,1,3,100.0,14.3,28
160010929,09,29,Jardín Infantil ACUNAR Sabana Grande,ACUNAR,ACUNAR,Jardín Infantil ACUNAR Sabana Grande,ACUNAR,09,Fontibon,"CRA 104 # 13 D - 35 / 
CRA 106 # 15 A - 32",4.668003799000019,-74.15744062800002,geocodificado,IDECA/Catastro Bogotá - Puestos de Votación 2023,FONTIBÓN,7,6,1,21,3,2,0,1,85.7,14.3,29
160010930,09,30,Casa de Pensamiento Intercultural,CASA PENSAMIENTO INTERCULTURAL,CASA PENSAMIENTO INTERCULTURAL,Casa de Pensamiento Intercultural,Casa Pensamiento Intercultural,09,Fontibon,DIAG 15 D # 98 - 40,4.6663529049999966,-74.15174360399999,geocodificado,IDECA/Catastro Bogotá - Puestos de Votación 2023,FONTIBÓN,2,2,0,23,1,0,0,1,100.0,0.0,30
160010931,09,31,Colegio Distrital Luis Ángel Arango,COLEGIO LUIS ANGEL ARANGO,COLEGIO LUIS ANGEL ARANGO,Colegio Distrital Luis Ángel Arango,Colegio Luis Ángel Arango,09,Fontibon,"CLL 23 G # 103 - 60 /
CRA 103 # 23 G - 01",4.681852693999986,-74.13755124900001,geocodificado,IDECA/Catastro Bogotá - Puestos de Votación 2023,FONTIBÓN,11,9,1,56,2,1,4,2,81.8,9.1,31
160010932,09,32,Vía Pública Colegio Distrital Villemar El Carmen Sede C,FERROCAJA,FERROCAJA,Vía Pública Colegio Distrital Villemar El Carmen Sede C,Ferrocaja,09,Fontibon,CRA 97 # 22 G - 15,4.676020198999993,-74.138407588,geocodificado,IDECA/Catastro Bogotá - Puestos de Votación 2023,FONTIBÓN,5,4,0,2,3,1,0,0,80.0,0.0,32
160010933,09,33,Colegio Distrital Antonio Van Üden Sede B,EL CHARCO,EL CHARCO,Colegio Distrital Antonio Van Üden Sede B,El Charco,09,Fontibon,CLL 17 F # 128 - 45,4.692487529999994,-74.16143794499999,geocodificado,IDECA/Catastro Bogotá - Puestos de Votación 2023,FONTIBÓN,1,1,0,15,0,0,0,1,100.0,0.0,33
160010934,09,34,Centro Comercial Multiplaza,MULTIPLAZA,MULTIPLAZA,Centro Comercial Multiplaza,Multiplaza,09,Fontibon,CLL 19 A # 72 - 57,4.653330241999981,-74.12499241699999,geocodificado,IDECA/Catastro Bogotá - Puestos de Votación 2023,FONTIBÓN,10,8,5,70,2,4,0,2,80.0,50.0,34
160010935,09,35,Centro Comercial Salitre Plaza,SALITRE PLAZA,SALITRE PLAZA,Centro Comercial Salitre Plaza,Salitre Plaza,09,Fontibon,CRA 68 B # 24 - 39,4.652714735000018,-74.10918052300002,geocodificado,IDECA/Catastro Bogotá - Puestos de Votación 2023,FONTIBÓN,23,22,4,153,7,5,2,8,95.7,17.4,35
160010936,09,36,Colegio Distrital Pablo Neruda Sede B,PABLO NERUDA,PABLO NERUDA,Colegio Distrital Pablo Neruda Sede B,Pablo Neruda,09,Fontibon,CLL 16 J # 99 - 95,4.672448641000017,-74.14642965500002,geocodificado,IDECA/Catastro Bogotá - Puestos de Votación 2023,FONTIBÓN,15,14,3,115,6,3,4,1,93.3,20.0,36
160010937,09,37,Casa de La Cultura de Fontibón Cacique Hyntiba,CACIQUE HYNTIBA,CACIQUE HYNTIBA,Casa de La Cultura de Fontibón Cacique Hyntiba,Cacique Hyntiba,09,Fontibon,CLL 17A # 99 - 53,4.672996706999982,-74.14514482499999,geocodificado,IDECA/Catastro Bogotá - Puestos de Votación 2023,FONTIBÓN,4,4,0,7,1,3,0,0,100.0,0.0,37
160010938,09,38,Salón Comunal Tres Estancias,TRES ESTANCIAS,TRES ESTANCIAS,Salón Comunal Tres Estancias,Tres Estancias,09,Fontibon,"CLL 15 # 119 - 14 /
CLL 15 # 119 A - 90",4.6828145840000275,-74.16417606200002,geocodificado,IDECA/Catastro Bogotá - Puestos de Votación 2023,FONTIBÓN,8,7,2,29,1,3,3,0,87.5,25.0,38
160010939,09,39,Colegio Privado Parroquial San José ,SAN JOSE,SAN JOSE,Colegio Privado Parroquial San José ,San José,09,Fontibon,CRA 100 # 24 - 60 ,4.681714743999976,-74.13355040800002,geocodificado,IDECA/Catastro Bogotá - Puestos de Votación 2023,FONTIBÓN,4,4,0,17,1,2,0,1,100.0,0.0,39
160010940,09,40,Salón Comunal San José - El Jardín,EL JARDIN,EL JARDIN,Salón Comunal San José - El Jardín,El Jardín,09,Fontibon,CRA 100 # 24 D - 65,4.6832486440000025,-74.13252331799998,geocodificado,IDECA/Catastro Bogotá - Puestos de Votación 2023,FONTIBÓN,6,6,0,14,1,5,0,0,100.0,0.0,40
160010941,09,41,Jardín Infantil Villa Andrea,VILLA ANDREA,VILLA ANDREA,Jardín Infantil Villa Andrea,Villa Andrea,09,Fontibon,CLL 17 C # 134 - 70 Manzana 1 ,4.695402256000023,-74.16663541700001,geocodificado,IDECA/Catastro Bogotá - Puestos de Votación 2023,FONTIBÓN,1,1,0,3,0,1,0,0,100.0,0.0,41
160010942,09,42,Centro Comercial Trebolis,TREBOLIS,TREBOLIS,Centro Comercial Trebolis,Trebolis,09,Fontibon,"CRA 90 # 17 - 95 /
Cl 19A # 91 - 05",4.665852918999974,-74.13645249000001,geocodificado,IDECA/Catastro Bogotá - Puestos de Votación 2023,FONTIBÓN,7,7,2,152,1,2,0,4,100.0,28.6,42
160010943,09,43,Salón Comunal Ferrocaja,SALON COMUNAL FERROCAJA,SALON COMUNAL FERROCAJA,Salón Comunal Ferrocaja,Salón Comunal Ferrocaja,09,Fontibon,CLL 22 H # 96 D - 50,4.6736143769999785,-74.136085606,geocodificado,IDECA/Catastro Bogotá - Puestos de Votación 2023,FONTIBÓN,4,3,0,21,0,0,3,0,75.0,0.0,43
160010944,09,44,Colegio San Gabriel Modelia,COLEGIO SAN GABRIEL MODELIA,COLEGIO SAN GABRIEL MODELIA,Colegio San Gabriel Modelia,Colegio San Gabriel Modelia,09,Fontibon,"CLL 22F # 85 -05 /
CLL 22F # 85 - 09",4.667234855000004,-74.12752524299998,geocodificado,IDECA/Catastro Bogotá - Puestos de Votación 2023,FONTIBÓN,2,2,0,5,1,1,0,0,100.0,0.0,44
160010946,09,46,Institución Educativa Distrital Integrado Sede D,INTEGRADO SEDE D PALESTINA,INTEGRADO SEDE D PALESTINA,Institución Educativa Distrital Integrado Sede D,Integrado Sede D Palestina,09,Fontibon,CRA 113 # 19 A - 80,4.683856805999994,-74.15004414100002,geocodificado,IDECA/Catastro Bogotá - Puestos de Votación 2023,FONTIBÓN,2,2,1,1,1,1,0,0,100.0,50.0,46
160010948,09,48,Salón Comunal Puerta de Teja,SALON COMUNAL PUERTA DE TEJA,SALON COMUNAL PUERTA DE TEJA,Salón Comunal Puerta de Teja,Salón Comunal Puerta de Teja,09,Fontibon,CRA 96 A # 25 G - 26,4.684166951999998,-74.12673708199998,geocodificado,IDECA/Catastro Bogotá - Puestos de Votación 2023,FONTIBÓN,1,1,0,21,0,0,0,1,100.0,0.0,48
160011001,10,01,Colegio Distrital Manuela Ayala de Gaitán - Sede A,BOYACA,BOYACA,Colegio Distrital Manuela Ayala de Gaitán - Sede A,Boyacá,10,Engativá,CLL 71 # 75 - 11,4.688139072000013,-74.09952889200002,geocodificado,IDECA/Catastro Bogotá - Puestos de Votación 2023,FERIAS,21,18,5,109,2,10,2,4,85.7,23.8,1
160011002,10,02,Colegio Distrital General Santander,ENGATIVA,ENGATIVA | JUAN ACOSTA SOLERA | Sydney Consulado,Colegio Distrital General Santander,Engativá,10,Engativá,"CRA 123 # 65 A - 03 / 
CLL 65A # 123 - 38",4.716288231000021,-74.14095824100002,geocodificado,IDECA/Catastro Bogotá - Puestos de Votación 2023,ENGATIVÁ,48,48,20,809,11,10,6,21,100.0,41.7,2
160011003,10,03,Colegio Privado Instituto Técnico Industrial Centro Don Bosco,NORMANDIA,NORMANDIA | TECNOLOGICO DE ARTES DEBORA ARANGO,Colegio Privado Instituto Técnico Industrial Centro Don Bosco,Normandía,10,Engativá,DIAG 44 # 69 - 96,4.661957395000002,-74.10790265100002,geocodificado,IDECA/Catastro Bogotá - Puestos de Votación 2023,FERIAS,15,15,3,85,3,6,2,4,100.0,20.0,3
160011004,10,04,Colegio Distrital Instituto Técnico Industrial Francisco Jose de Caldas - Sede A,BOSQUE POPULAR,BOSQUE POPULAR,Colegio Distrital Instituto Técnico Industrial Francisco Jose de Caldas - Sede A,Bosque Popular,10,Engativá,CRA 68 F # 63 B - 02,4.668805920000011,-74.09538260400001,geocodificado,IDECA/Catastro Bogotá - Puestos de Votación 2023,FERIAS,20,19,5,150,3,6,4,6,95.0,25.0,4
160011005,10,05,Colegio Cafam Básica Primaria,EL GUALI,EL GUALI,Colegio Cafam Básica Primaria,El Gualí,10,Engativá,AV CLL 64 C # 68 F - 29,4.671215576999998,-74.09435405699998,geocodificado,IDECA/Catastro Bogotá - Puestos de Votación 2023,FERIAS,13,13,6,83,3,2,5,3,100.0,46.2,5
160011006,10,06,Colegio Distrital Robert Kennedy - Sede A,EL LUJAN,EL LUJAN,Colegio Distrital Robert Kennedy - Sede A,El Luján,10,Engativá,"AV Boyacá # 64 H - 39 /
AV CRA 72 # 64 H - 39",4.678894774000014,-74.10148869699998,geocodificado,IDECA/Catastro Bogotá - Puestos de Votación 2023,FERIAS,14,12,1,159,2,3,1,6,85.7,7.1,6
160011007,10,07,Gimnasio Los Alerces,VILLA LUZ,VILLA LUZ,Gimnasio Los Alerces,Villaluz,10,Engativá,"CLL 64 C # 76 - 23 /
CLL 64 C # 76 - 43",4.680781845000013,-74.106432127,geocodificado,IDECA/Catastro Bogotá - Puestos de Votación 2023,FERIAS,14,14,4,207,2,7,1,4,100.0,28.6,7
160011008,10,08,"Colegio Cooperativo Los Álamos - ""COALAMOS""",LOS ALAMOS,LOS ALAMOS,"Colegio Cooperativo Los Álamos - ""COALAMOS""",Los Alamos,10,Engativá,CLL 66 A # 97 A - 15,4.69570563000002,-74.119787949,geocodificado,IDECA/Catastro Bogotá - Puestos de Votación 2023,ENGATIVÁ,10,9,0,57,1,5,1,2,90.0,0.0,8
160011009,10,09,Colegio Distrital Villa Amalia,VILLA AMALIA,VILLA AMALIA,Colegio Distrital Villa Amalia,Villa Amalia,10,Engativá,"CRA 110 B # 71 C - 45 /
CLL 71 C # 110 B - 21",4.710598489999995,-74.12630135199998,geocodificado,IDECA/Catastro Bogotá - Puestos de Votación 2023,ENGATIVÁ,38,37,20,331,3,11,11,12,97.4,52.6,9
160011010,10,10,Colegio Distrital Los Cerezos,VILLAS DE GRANADA,VILLAS DE GRANADA,Colegio Distrital Los Cerezos,Villas de Granada,10,Engativá,CLL 72 F # 114 - 51,4.716057361000026,-74.12971920000001,geocodificado,IDECA/Catastro Bogotá - Puestos de Votación 2023,ENGATIVÁ,20,18,5,132,3,9,1,5,90.0,25.0,10
160011011,10,11,Colegio Distrital Nueva Constitución,GARCES NAVAS,GARCES NAVAS,Colegio Distrital Nueva Constitución,Garces Navas,10,Engativá,CRA 107 B # 74 B - 31,4.711136510000017,-74.12207204399999,geocodificado,IDECA/Catastro Bogotá - Puestos de Votación 2023,ENGATIVÁ,27,25,9,202,5,6,3,11,92.6,33.3,11
160011012,10,12,Centro Comercial Portal 80,BOCHICA,BOCHICA,Centro Comercial Portal 80,Bochica,10,Engativá,"TRV 100A # 80A - 20 / 
AV CLL 80 # 100 - 50",4.71057073999998,-74.112162291,geocodificado,IDECA/Catastro Bogotá - Puestos de Votación 2023,LA GRANJA,43,41,7,366,9,9,8,15,95.3,16.3,12
160011013,10,13,Colegio Distrital Garces Navas Sede A,LOS ALAMOS NORTE,LOS ALAMOS NORTE,Colegio Distrital Garces Navas Sede A,Los Alamos Norte,10,Engativá,CRA 104 A # 76 B - 09,4.710317148999991,-74.11737052299998,geocodificado,IDECA/Catastro Bogotá - Puestos de Votación 2023,LA GRANJA,16,14,4,188,2,6,3,3,87.5,25.0,13
160011014,10,14,Colegio Distrital Florida Blanca - Sede A,LA SALINA,LA SALINA,Colegio Distrital Florida Blanca - Sede A,La Salina,10,Engativá,CLL 70 A # 94 - 38,4.697956261999991,-74.114021234,geocodificado,IDECA/Catastro Bogotá - Puestos de Votación 2023,LA GRANJA,14,13,1,44,5,5,2,1,92.9,7.1,14
160011015,10,15,Colegio Manyanet,LA FLORIDA,LA FLORIDA,Colegio Manyanet,La Florida,10,Engativá,"CRA 89 # 68 A - 36 /
CRA 89 # 68 A - 32",4.692899555999986,-74.11058796700001,geocodificado,IDECA/Catastro Bogotá - Puestos de Votación 2023,LA GRANJA,21,21,8,215,2,3,5,11,100.0,38.1,15
160011016,10,16,Colegio Distrital Manuela Ayala de Gaitán - Sede B,SANTA HELENITA,SANTA HELENITA,Colegio Distrital Manuela Ayala de Gaitán - Sede B,Santa Helenita,10,Engativá,CRA 78 # 69 A - 11,4.6889287729999864,-74.103378609,geocodificado,IDECA/Catastro Bogotá - Puestos de Votación 2023,LA GRANJA,28,24,9,320,0,5,6,13,85.7,32.1,16
160011017,10,17,Colegio Distrital Néstor Forero Alcalá - Sede A,LA EUROPA,LA EUROPA,Colegio Distrital Néstor Forero Alcalá - Sede A,La Europa,10,Engativá,CRA 70 C Bis # 71 - 33,4.683808993000014,-74.093574752,geocodificado,IDECA/Catastro Bogotá - Puestos de Votación 2023,FERIAS,10,10,2,50,4,3,0,3,100.0,20.0,17
160011018,10,18,Colegio Distrital República de Colombia - Sede B,LA ESTRADA,LA ESTRADA,Colegio Distrital República de Colombia - Sede B,La Estrada,10,Engativá,CRA 69 C # 69 - 20,4.6787822910000045,-74.09152579599998,geocodificado,IDECA/Catastro Bogotá - Puestos de Votación 2023,FERIAS,32,31,11,448,7,11,2,11,96.9,34.4,18
160011019,10,19,Colegio Distrital República de Colombia - Sede A,LA ESTRADITA,LA ESTRADITA,Colegio Distrital República de Colombia - Sede A,La Estradita,10,Engativá,CLL 68 # 69 - 10,4.677421342999992,-74.09156636099999,geocodificado,IDECA/Catastro Bogotá - Puestos de Votación 2023,FERIAS,52,49,17,542,4,11,16,18,94.2,32.7,19
160011020,10,20,Colegio Distrital Naciones Unidas - Sede C,LAS FERIAS,LAS FERIAS,Colegio Distrital Naciones Unidas - Sede C,Las Ferias,10,Engativá,CLL 73 Bis # 68 G - 27,4.6806825900000035,-74.08716271499998,geocodificado,IDECA/Catastro Bogotá - Puestos de Votación 2023,FERIAS,58,52,13,921,3,11,10,28,89.7,22.4,20
160011021,10,21,Colegio Distrital Técnico República de Guatemala,BONANZA,BONANZA,Colegio Distrital Técnico República de Guatemala,Bonanza,10,Engativá,CLL 78 Bis # 69T - 45,4.690132197000025,-74.08685265499997,geocodificado,IDECA/Catastro Bogotá - Puestos de Votación 2023,FERIAS,65,60,16,1053,5,15,5,35,92.3,24.6,21
160011022,10,22,Colegio Distrital Tabora - Sede B,STA. MARIA DEL LAGO,STA. MARIA DEL LAGO,Colegio Distrital Tabora - Sede B,Santa María del Lago,10,Engativá,CLL 74 B # 73 A - 20,4.691661442999987,-74.09470131699999,geocodificado,IDECA/Catastro Bogotá - Puestos de Votación 2023,LA GRANJA,10,10,3,81,1,3,2,4,100.0,30.0,22
160011023,10,23,Colegio Distrital San José Norte - Sede A,LA GRANJA,LA GRANJA,Colegio Distrital San José Norte - Sede A,La Granja,10,Engativá,CRA 84 # 75 A - 09,4.698713441999985,-74.101807447,geocodificado,IDECA/Catastro Bogotá - Puestos de Votación 2023,LA GRANJA,22,21,8,209,2,8,2,9,95.5,36.4,23
160011024,10,24,Colegio Distrital Nidia Quintero de Turbay - Sede B,FLORENCIA,FLORENCIA,Colegio Distrital Nidia Quintero de Turbay - Sede B,Florencia,10,Engativá,DIAG 74 B # 87 - 40,4.6995681089999835,-74.10526331599999,geocodificado,IDECA/Catastro Bogotá - Puestos de Votación 2023,LA GRANJA,5,4,0,6,2,2,0,0,80.0,0.0,24
160011025,10,25,Colegio Distrital Nidia Quintero de Turbay - Sede A,SANTA ROSITA,SANTA ROSITA,Colegio Distrital Nidia Quintero de Turbay - Sede A,Santa Rosita,10,Engativá,CLL 75 # 90 - 75,4.701727638000023,-74.10789106200002,geocodificado,IDECA/Catastro Bogotá - Puestos de Votación 2023,LA GRANJA,60,54,12,556,7,18,11,18,90.0,20.0,25
160011026,10,26,Colegio Distrital República de China,QUIRIGUA,QUIRIGUA,Colegio Distrital República de China,Quirigua,10,Engativá,CRA 92 # 82 - 20,4.707612069999982,-74.10385844000001,geocodificado,IDECA/Catastro Bogotá - Puestos de Votación 2023,LA GRANJA,17,16,3,130,2,2,7,5,94.1,17.6,26
160011027,10,27,Colegio Distrital Jorge Gaitán Cortés - Sede A,LA ESPAÑOLA,LA ESPAÑOLA,Colegio Distrital Jorge Gaitán Cortés - Sede A,La Española,10,Engativá,"CRA 82 A # 82 D - 34 / 
CRA 82 A # 82 D - 40",4.703375863000019,-74.096538549,geocodificado,IDECA/Catastro Bogotá - Puestos de Votación 2023,LA GRANJA,8,8,0,72,2,2,1,3,100.0,0.0,27
160011028,10,28,Colegio Minuto de Dios,MINUTO DE DIOS,MINUTO DE DIOS,Colegio Minuto de Dios,Minuto de Dios,10,Engativá,TRV 74 # 81 C - 05,4.698129252000001,-74.09033767699998,geocodificado,IDECA/Catastro Bogotá - Puestos de Votación 2023,LA GRANJA,17,16,6,96,3,7,1,5,94.1,35.3,28
160011029,10,29,Colegio Distrital Simón Bolívar - Sede B,LA SERENA,LA SERENA,Colegio Distrital Simón Bolívar - Sede B,La Serena,10,Engativá,"CRA 85 # 88 - 99 / 
CRA 85 # 88 - 91",4.708631876000027,-74.09499903300002,geocodificado,IDECA/Catastro Bogotá - Puestos de Votación 2023,LA GRANJA,8,7,3,24,2,4,0,1,87.5,37.5,29
160011030,10,30,Colegio Técnico Distrital Laureano Gómez - Sede B,BACHUE,BACHUE,Colegio Técnico Distrital Laureano Gómez - Sede B,Bachue,10,Engativá,CLL 90 A # 95 D - 56,4.718635634000009,-74.10182822500002,geocodificado,IDECA/Catastro Bogotá - Puestos de Votación 2023,LA GRANJA,32,31,6,221,6,13,5,7,96.9,18.8,30
160011031,10,31,Colegio Distrital José Asunción Silva - Sede A,QUIRIGUA (PLAZA DE MERCADO),QUIRIGUA (PLAZA DE MERCADO),Colegio Distrital José Asunción Silva - Sede A,Quirigua Plaza de mercado,10,Engativá,"CRA 92 # 89 - 79 /
CLL 89 Bis # 91 - 20",4.712708185999986,-74.09834882400003,geocodificado,IDECA/Catastro Bogotá - Puestos de Votación 2023,LA GRANJA,30,28,8,332,7,7,3,11,93.3,26.7,31
160011032,10,32,Sede Social Edificio Comunal Bochica 1,BACHUE II - BOCHICA I,BACHUE II - BOCHICA I,Sede Social Edificio Comunal Bochica 1,Bachue II - Bochica I,10,Engativá,CLL 83 # 95 D - 04,4.712395775999994,-74.105896127,geocodificado,IDECA/Catastro Bogotá - Puestos de Votación 2023,LA GRANJA,12,11,4,99,0,2,4,5,91.7,33.3,32
160011033,10,33,Colegio Distrital Antonio Villavicencio - Sede A,VILLA GLADYS,VILLA GLADYS,Colegio Distrital Antonio Villavicencio - Sede A,Villa Gladys,10,Engativá,CLL 65 # 112 A - 39,4.705067449000012,-74.13430698299999,geocodificado,IDECA/Catastro Bogotá - Puestos de Votación 2023,ENGATIVÁ,30,28,13,238,4,10,4,10,93.3,43.3,33
160011034,10,34,Parqueadero Supermanzana D - Portería 1,EL CORTIJO ENGATIVA,EL CORTIJO ENGATIVA,Parqueadero Supermanzana D - Portería 1,Cortijo,10,Engativá,"CRA 116 # 80 A - 69 /
CLL 80 A # 116 B - 10",4.725671601999977,-74.122380739,geocodificado,IDECA/Catastro Bogotá - Puestos de Votación 2023,LA GRANJA,22,22,9,179,4,8,3,7,100.0,40.9,34
160011035,10,35,Colegio Distrital Antonio Nariño - Sede A,SAN MARCOS,SAN MARCOS,Colegio Distrital Antonio Nariño - Sede A,San Marcos,10,Engativá,CRA 77 A # 67 - 17,4.685961513999985,-74.103972134,geocodificado,IDECA/Catastro Bogotá - Puestos de Votación 2023,LA GRANJA,18,14,6,188,3,2,2,7,77.8,33.3,35
160011036,10,36,Colegio Distrital Marco Tulio Fernández - Sede D,SAN IGNACIO,SAN IGNACIO,Colegio Distrital Marco Tulio Fernández - Sede D,San Ignacio,10,Engativá,"TRV 76 B # 51 A - 57 /
CRA 75 # 51 A - 69",4.673938038000017,-74.11170781499999,geocodificado,IDECA/Catastro Bogotá - Puestos de Votación 2023,FERIAS,6,6,3,99,1,1,2,2,100.0,50.0,36
160011037,10,37,Colegio Distrital Tabora - Sede A,TABORA,TABORA,Colegio Distrital Tabora - Sede A,Tabora,10,Engativá,"CRA 77 B # 74 A - 02 / 
CRA 77 B # 74 - 02",4.693789435999975,-74.09808773399999,geocodificado,IDECA/Catastro Bogotá - Puestos de Votación 2023,LA GRANJA,45,40,17,634,4,12,2,22,88.9,37.8,37
160011038,10,38,Colegio Distrital Morisco,EL MORISCO,EL MORISCO,Colegio Distrital Morisco,El Morisco,10,Engativá,"DIAG 83 # 73 - 12 / 
DIAG 83 # 73 A - 12 ",4.705155590999993,-74.09038497199998,geocodificado,IDECA/Catastro Bogotá - Puestos de Votación 2023,LA GRANJA,20,19,8,182,6,3,6,4,95.0,40.0,38
160011039,10,39,Polideportivo,LOS CEREZOS,LOS CEREZOS,Polideportivo,Los Cerezos,10,Engativá,TRV 87 A # 83 A - 48,4.70639036099999,-74.10015043800001,geocodificado,IDECA/Catastro Bogotá - Puestos de Votación 2023,LA GRANJA,21,21,5,156,6,6,3,6,100.0,23.8,39
160011040,10,40,Colegio Centro Educativo Integral Colsubsidio,CIUDADELA COLSUBSIDIO,CIUDADELA COLSUBSIDIO,Colegio Centro Educativo Integral Colsubsidio,Ciudadela Colsubsidio,10,Engativá,CLL 83 # 110 - 58,4.720811409000021,-74.113915571,geocodificado,IDECA/Catastro Bogotá - Puestos de Votación 2023,LA GRANJA,26,24,5,231,6,3,4,11,92.3,19.2,40
160011041,10,41,Colegio Distrital Juán del Corral - Sede A,FERIAS II,FERIAS II,Colegio Distrital Juán del Corral - Sede A,Ferias II,10,Engativá,CRA 69 B # 79 A - 42,4.686961488000009,-74.081900813,geocodificado,IDECA/Catastro Bogotá - Puestos de Votación 2023,FERIAS,34,34,10,545,1,12,4,17,100.0,29.4,41
160011042,10,42,Colegio Colsubsidio Las Mercedes,EL MUELLE,EL MUELLE,Colegio Colsubsidio Las Mercedes,El Muelle,10,Engativá,"CRA 105 D # 66 A - 15 /
CRA 105 F # 66 - 33",4.700289141999974,-74.12521383799998,geocodificado,IDECA/Catastro Bogotá - Puestos de Votación 2023,ENGATIVÁ,34,31,10,260,8,5,5,13,91.2,29.4,42
160011043,10,43,Colegio Distrital Marco Tulio Fernández - Sede A,LA CABAÑA,LA CABAÑA,Colegio Distrital Marco Tulio Fernández - Sede A,La Cabaña,10,Engativá,CLL 63 B # 71 A - 16,4.674296156000025,-74.10219662999998,geocodificado,IDECA/Catastro Bogotá - Puestos de Votación 2023,FERIAS,7,7,1,63,1,2,3,1,100.0,14.3,43
160011044,10,44,Salón Comunal,TISQUESUSA,TISQUESUSA,Salón Comunal,Tisquesusa,10,Engativá,DIAG 82 B # 79 - 10,4.702307462000022,-74.09468949400002,geocodificado,IDECA/Catastro Bogotá - Puestos de Votación 2023,SUBA - PRADO,2,2,0,8,0,1,1,0,100.0,0.0,44
160011045,10,45,Salón Comunal,SANTA CECILIA,SANTA CECILIA,Salón Comunal,Santa Cecilia,10,Engativá,"CLL 52 A Bis # 78 - 35 /
TRV 85 # 52 A - 70",4.67724862,-74.11305605299998,geocodificado,IDECA/Catastro Bogotá - Puestos de Votación 2023,FERIAS,9,9,2,132,1,3,1,4,100.0,22.2,45
160011046,10,46,Salón Comunal Urbanización Plazuelas del Virrey,PLAZUELAS DEL VIRREY,PLAZUELAS DEL VIRREY,Salón Comunal Urbanización Plazuelas del Virrey,Plazuelas del Virrey,10,Engativá,"CLL 70 A # 105 G - 23 / 
CLL 70 # 105 F - 28",4.704557272999978,-74.123300648,geocodificado,IDECA/Catastro Bogotá - Puestos de Votación 2023,ENGATIVÁ,25,23,6,178,5,7,5,6,92.0,24.0,46
160011047,10,47,Colegio Distrital Instituto Técnico industrial Francisco José de Caldas - Sede B,CIUDAD DE HONDA,CIUDAD DE HONDA,Colegio Distrital Instituto Técnico industrial Francisco José de Caldas - Sede B,Ciudad de Honda,10,Engativá,CLL 64 F Bis # 68 G - 16,4.672932559000003,-74.09349928,geocodificado,IDECA/Catastro Bogotá - Puestos de Votación 2023,FERIAS,5,5,1,62,0,2,0,3,100.0,20.0,47
160011048,10,48,Sede Social Conjunto Zarzamora CAFAM,ZARZAMORA,ZARZAMORA,Sede Social Conjunto Zarzamora CAFAM,Zarzamora,10,Engativá,CLL 71 B # 88 - 35,4.696281935000002,-74.10797802399998,geocodificado,IDECA/Catastro Bogotá - Puestos de Votación 2023,LA GRANJA,12,11,2,62,3,3,2,3,91.7,16.7,48
160011049,10,49,Salón Comunal,VILLA CONSTANZA,VILLA CONSTANZA,Salón Comunal,Villa Constanza,10,Engativá,CLL 70 C # 111 - 15,4.708291404000022,-74.12846496100002,geocodificado,IDECA/Catastro Bogotá - Puestos de Votación 2023,ENGATIVÁ,10,10,4,79,3,4,1,2,100.0,40.0,49
160011050,10,50,Salón Comunal,MORTIÑO,MORTIÑO,Salón Comunal,Mortiño,10,Engativá,CLL 75 # 110 A - 23,4.713081741999986,-74.12370081099999,geocodificado,IDECA/Catastro Bogotá - Puestos de Votación 2023,ENGATIVÁ,6,6,2,81,1,1,1,3,100.0,33.3,50
160011051,10,51,Colegio Gimnasio El Lago,PALO BLANCO,PALO BLANCO,Colegio Gimnasio El Lago,Palo Blanco,10,Engativá,CLL 74 A # 73 A - 85,4.691377999999986,-74.09556700000002,geocodificado,IDECA/Catastro Bogotá - Puestos de Votación 2023,LA GRANJA,18,18,5,126,4,7,2,5,100.0,27.8,51
160011052,10,52,Colegio Distrital República de Colombia Sede C,SAN JOAQUIN,SAN JOAQUIN,Colegio Distrital República de Colombia Sede C,San Joaquín,10,Engativá,"CRA 68 H # 71 A - 01 /
CRA 69 # 71 - 16 ",4.680190999999979,-74.08902699999999,geocodificado,IDECA/Catastro Bogotá - Puestos de Votación 2023,FERIAS,10,9,1,94,0,2,3,4,90.0,10.0,52
160011053,10,53,Colegio Distrital Simón Bolívar Sede A,PRIMAVERA,PRIMAVERA,Colegio Distrital Simón Bolívar Sede A,Primavera,10,Engativá,CRA 92 # 87 A - 60,4.711138631999972,-74.10000221600001,geocodificado,IDECA/Catastro Bogotá - Puestos de Votación 2023,LA GRANJA,10,10,0,155,3,2,2,3,100.0,0.0,53
160011054,10,54,Colegio Distrital Rodolfo Llinas,BOLIVIA,BOLIVIA,Colegio Distrital Rodolfo Llinas,Bolivia,10,Engativá,CRA 103 D # 86 A - 72,4.719820000000027,-74.108315,geocodificado,IDECA/Catastro Bogotá - Puestos de Votación 2023,LA GRANJA,9,9,0,47,4,1,1,3,100.0,0.0,54
160011055,10,55,Costado Almacén Éxito de Occidente,GRAN GRANADA,GRAN GRANADA,Costado Almacén Éxito de Occidente,Gran Granada,10,Engativá,"CRA 114 A # 78 B -85 /
AV CRA 114 # 78 B - 80",4.72099436000002,-74.12272130999997,geocodificado,IDECA/Catastro Bogotá - Puestos de Votación 2023,ENGATIVÁ,20,19,6,164,3,6,3,7,95.0,30.0,55
160011056,10,56,Colegio Distrital Charry,EL CEDRO,EL CEDRO,Colegio Distrital Charry,El Cedro,10,Engativá,"CRA 109 A # 77 A - 16 /
CRA 108 # 77 - 21 ",4.713626999999974,-74.120159,geocodificado,IDECA/Catastro Bogotá - Puestos de Votación 2023,ENGATIVÁ,9,8,1,68,0,0,6,2,88.9,11.1,56
160011057,10,57,Colegio Colsubsidio Torquigua,TORQUIGUA,TORQUIGUA,Colegio Colsubsidio Torquigua,Torquigua,10,Engativá,CLL 64 # 128 - 50,4.721749836000015,-74.143409534,geocodificado,IDECA/Catastro Bogotá - Puestos de Votación 2023,ENGATIVÁ,18,16,4,57,4,8,2,2,88.9,22.2,57
160011058,10,58,Colegio Distrital Tomás Cipriano de Mosquera,ALMAZAN ENGATIVA,ALMAZAN ENGATIVA,Colegio Distrital Tomás Cipriano de Mosquera,ALMAZAN - Engativá,10,Engativá,TRV 113 # 66 - 95,4.708199999999977,-74.1345,geocodificado,IDECA/Catastro Bogotá - Puestos de Votación 2023,ENGATIVÁ,44,41,12,265,10,14,8,9,93.2,27.3,58
160011059,10,59,Centro Comercial Unicentro de Occidente,UNICENTRO DE OCCIDENTE,UNICENTRO DE OCCIDENTE,Centro Comercial Unicentro de Occidente,Unicentro de Occidente,10,Engativá,CRA 111 C # 86 - 05,4.7229813239999885,-74.11353947200001,geocodificado,IDECA/Catastro Bogotá - Puestos de Votación 2023,LA GRANJA,20,20,8,175,2,5,3,10,100.0,40.0,59
160011060,10,60,Salón Comunal Álamos,SALON COMUNAL ALAMOS,SALON COMUNAL ALAMOS,Salón Comunal Álamos,Salón Comunal Álamos,10,Engativá,"CLL 66 A # 97 - 64 /
CLL 66 A # 97 A - 34 
",4.696324618000006,-74.11943141799998,geocodificado,IDECA/Catastro Bogotá - Puestos de Votación 2023,LA GRANJA,6,5,2,87,0,3,0,2,83.3,33.3,60
160011062,10,62,Salón Comunal Barrio La Clarita,LA CLARITA,LA CLARITA,Salón Comunal Barrio La Clarita,La Clarita,10,Engativá,CRA 83 # 70 - 15,4.692167207000011,-74.10575419499997,geocodificado,IDECA/Catastro Bogotá - Puestos de Votación 2023,LA GRANJA,11,11,2,72,3,3,1,4,100.0,18.2,62
160011063,10,63,Centro Educativo Scalas,CENTRO EDUCATIVO SCALAS,CENTRO EDUCATIVO SCALAS,Centro Educativo Scalas,Centro Educativo Scalas,10,Engativá,CRA 82 # 68 B - 09,4.690014812000015,-74.10620783600001,geocodificado,IDECA/Catastro Bogotá - Puestos de Votación 2023,LA GRANJA,5,5,2,54,0,2,1,2,100.0,40.0,63
160011064,10,64,Colegio Distrital Naciones Unidas Sede B,NACIONES UNIDAS SEDE B,NACIONES UNIDAS SEDE B,Colegio Distrital Naciones Unidas Sede B,Naciones Unidas Sede B,10,Engativá,CLL 73 A # 69 J - 10,4.684366278000027,-74.08858585000002,geocodificado,IDECA/Catastro Bogotá - Puestos de Votación 2023,FERIAS,35,34,8,393,4,12,6,12,97.1,22.9,64
160011065,10,65,Colegio Adventista del Norte,COLEGIO NORTE ADVENTISTA,COLEGIO NORTE ADVENTISTA,Colegio Adventista del Norte,Colegio Norte Adventista,10,Engativá,CRA 70 G # 71 - 04,4.6837435030000165,-74.09436381400002,geocodificado,IDECA/Catastro Bogotá - Puestos de Votación 2023,FERIAS,5,5,2,35,0,2,2,1,100.0,40.0,65
160011066,10,66,Colegio Distrital Nestor Forero Alcala Sede B,ALCALA SEDE B,ALCALA SEDE B,Colegio Distrital Nestor Forero Alcala Sede B,Alcalá Sede B,10,Engativá,DIAG 70 # 70 - 40,4.681993064999972,-74.09316965900001,geocodificado,IDECA/Catastro Bogotá - Puestos de Votación 2023,FERIAS,2,2,1,26,0,0,0,2,100.0,50.0,66
160011067,10,67,Centro Comercial Diverplaza,DIVERPLAZA,DIVERPLAZA,Centro Comercial Diverplaza,Diverplaza,10,Engativá,"TRV 99 Bis # 70A - 89 / 
AV CRA 96 # 70A - 89",4.700140998999984,-74.11511200000001,geocodificado,IDECA/Catastro Bogotá - Puestos de Votación 2023,LA GRANJA,33,30,6,290,7,7,2,14,90.9,18.2,67
160011068,10,68,Colegio Margarita Bosco,MARGARITA BOSCO,MARGARITA BOSCO,Colegio Margarita Bosco,Margarita Bosco,10,Engativá,AV CLL 63 # 73 A - 44,4.676707798999985,-74.10595588500001,geocodificado,IDECA/Catastro Bogotá - Puestos de Votación 2023,FERIAS,15,15,10,264,3,4,3,5,100.0,66.7,68
160011069,10,69,Colegio Pedagógico del Espíritu Santo,COLEGIO COPES,COLEGIO COPES,Colegio Pedagógico del Espíritu Santo,Colegio COPES,10,Engativá,"CLL 72 # 102 - 23 / 
AV CLL 72 # 102 - 23",4.704984207999985,-74.11810399400002,geocodificado,IDECA/Catastro Bogotá - Puestos de Votación 2023,LA GRANJA,9,7,4,200,0,2,1,4,77.8,44.4,69
160011070,10,70,Colegio Distrital San José Norte Sede B,SOLEDAD NORTE,SOLEDAD NORTE,Colegio Distrital San José Norte Sede B,Soledad Norte ,10,Engativá,"CRA 83 # 73 A - 80 / 
CLL 74 # 82 - 37",4.696039770000027,-74.10230600199998,geocodificado,IDECA/Catastro Bogotá - Puestos de Votación 2023,LA GRANJA,12,10,2,110,0,4,2,4,83.3,16.7,70
160011072,10,72,Colegio Distrital Jorge Gaitán Sede B,PARIS GAITAN,PARIS GAITAN,Colegio Distrital Jorge Gaitán Sede B,Paris Gaitán,10,Engativá,CRA 84 # 83 - 71,4.704805792000002,-74.09788414100001,geocodificado,IDECA/Catastro Bogotá - Puestos de Votación 2023,LA GRANJA,6,6,2,64,1,2,2,1,100.0,33.3,72
160011073,10,73,Colegio Distrital La Palestina Sede A - Centro de Estudios del Niño,LA PALESTINA,LA PALESTINA,Colegio Distrital La Palestina Sede A - Centro de Estudios del Niño,La Palestina,10,Engativá,CRA 76 # 79 - 40,4.69715964300002,-74.09355299600003,geocodificado,IDECA/Catastro Bogotá - Puestos de Votación 2023,LA GRANJA,11,9,1,66,0,3,3,3,81.8,9.1,73
160011074,10,74,Salón Comunal de Villaluz,EL ENCANTO,EL ENCANTO,Salón Comunal de Villaluz,El Encanto,10,Engativá,CRA 77 A # 64 B - 03,4.681729464,-74.10735812799999,geocodificado,IDECA/Catastro Bogotá - Puestos de Votación 2023,LA GRANJA,6,5,0,32,0,4,0,1,83.3,0.0,74
160011076,10,76,Salón Comunal Protecho Villa Amalia,SALON COMUNAL PROTECHO VILLA AMALIA,SALON COMUNAL PROTECHO VILLA AMALIA,Salón Comunal Protecho Villa Amalia,Salón Comunal Protecho Villa Amalia,10,Engativá,AV CLL 72 # 110 - 13,4.710606313000028,-74.125176388,geocodificado,IDECA/Catastro Bogotá - Puestos de Votación 2023,ENGATIVÁ,9,9,3,72,1,3,2,3,100.0,33.3,76
160011077,10,77,Colegio Privado Centro Lestonac Compañía de María,COLEGIO LESTONAC,COLEGIO LESTONAC,Colegio Privado Centro Lestonac Compañía de María,Colegio Lestonac,10,Engativá,CRA 87 A # 84 A - 81,4.708032957,-74.09906523500001,geocodificado,IDECA/Catastro Bogotá - Puestos de Votación 2023,LA GRANJA,8,6,2,33,2,0,3,1,75.0,25.0,77
160011078,10,78,Colegio Distrital Fe y Alegría,COMUNIDAD COLEGIO FE Y ALEGRIA,COMUNIDAD COLEGIO FE Y ALEGRIA,Colegio Distrital Fe y Alegría,Comunidad Colegio Fe y Alegría,10,Engativá,CRA 105 A # 74 A - 15,4.708199284999978,-74.11897248999998,geocodificado,IDECA/Catastro Bogotá - Puestos de Votación 2023,ENGATIVÁ,2,2,1,16,1,0,0,1,100.0,50.0,78
160011079,10,79,Centro Comercial Punto 72,CENTRO COMERCIAL PUNTO 72,CENTRO COMERCIAL PUNTO 72,Centro Comercial Punto 72,Centro Comercial Punto 72,10,Engativá,CLL 72 A # 86 - 49 Parqueadero,4.696919331000004,-74.10605957899998,geocodificado,IDECA/Catastro Bogotá - Puestos de Votación 2023,LA GRANJA,11,10,0,56,1,6,1,2,90.9,0.0,79
160011080,10,80,Universidad Minuto de Dios,UNIMINUTO ESCUELA DE CONVENCIONES,UNIMINUTO ESCUELA DE CONVENCIONES,Universidad Minuto de Dios,Uniminuto Escuela de Convenciones,10,Engativá,CLL 89 # 87 A - 50,4.710749702999976,-74.09691179499998,geocodificado,IDECA/Catastro Bogotá - Puestos de Votación 2023,LA GRANJA,6,6,1,33,3,0,0,3,100.0,16.7,80
160011081,10,81,Coliseo Parque San Andrés,PARQUE SAN ANDRES,PARQUE SAN ANDRES,Coliseo Parque San Andrés,Parque San Andrés ,10,Engativá,CLL 82 # 100 A - 91,4.713394112000003,-74.11002009999999,geocodificado,IDECA/Catastro Bogotá - Puestos de Votación 2023,LA GRANJA,19,17,4,70,2,11,1,3,89.5,21.1,81
160011082,10,82,Salón Comunal El Verdum,SALON COMUNAL EL VERDUM,SALON COMUNAL EL VERDUM,Salón Comunal El Verdum,Salón Comunal El Verdum,10,Engativá,CRA 110 C # 64 D - 03,4.702437302000021,-74.131207501,geocodificado,IDECA/Catastro Bogotá - Puestos de Votación 2023,ENGATIVÁ,14,14,4,60,5,4,2,3,100.0,28.6,82
160011083,10,83,Colegio Distrital General Santander Sede C,LA FAENA,LA FAENA,Colegio Distrital General Santander Sede C,La Faena,10,Engativá,CRA 122 A Bis # 69 C - 21,4.717575447999991,-74.137918834,geocodificado,IDECA/Catastro Bogotá - Puestos de Votación 2023,ENGATIVÁ,13,12,3,56,5,5,1,1,92.3,23.1,83
160011084,10,84,Salón Comunal Bosques de Mariana,BOSQUES DE MARIANA,BOSQUES DE MARIANA,Salón Comunal Bosques de Mariana,Bosques de Mariana,10,Engativá,CRA 107 B Bis # 70 F - 50,4.707854483999995,-74.12430789199999,geocodificado,IDECA/Catastro Bogotá - Puestos de Votación 2023,ENGATIVÁ,15,13,3,202,2,2,2,7,86.7,20.0,84
160011085,10,85,Centro Comercial Nuestro Bogotá,CENTRO COMERCIAL NUESTRO BOGOTA,CENTRO COMERCIAL NUESTRO BOGOTA,Centro Comercial Nuestro Bogotá,Centro Comercial Nuestro Bogotá,10,Engativá,AV CRA 86 # 55 A - 75,4.683601324999984,-74.115295935,geocodificado,IDECA/Catastro Bogotá - Puestos de Votación 2023,LA GRANJA,26,26,4,221,5,9,4,8,100.0,15.4,85
160011086,10,86,Universidad De Ciencias Aplicadas Y Ambientales - U.D.C.A.,UNIVERSIDAD UDCA ENGATIVA,UNIVERSIDAD UDCA ENGATIVA,Universidad De Ciencias Aplicadas Y Ambientales - U.D.C.A.,Universidad UDCA,10,Engativá,AV Boyacá # 66 A - 61,4.6816679560000125,-74.099243661,geocodificado,IDECA/Catastro Bogotá - Puestos de Votación 2023,LA GRANJA,5,5,0,27,1,2,0,2,100.0,0.0,86
160011087,10,87,Gimnasio Santa Maria del Alcazar,GIMNASIO SANTA MARIA DEL ALCAZAR,GIMNASIO SANTA MARIA DEL ALCAZAR,Gimnasio Santa Maria del Alcazar,Gimnasio Santa Maria del Alcazar,10,Engativá,CRA 79 # 64 C - 48,4.683512211999982,-74.10817359599997,geocodificado,IDECA/Catastro Bogotá - Puestos de Votación 2023,LA GRANJA,7,6,1,84,0,1,1,4,85.7,14.3,87
160011089,10,89,Colegio Antonio Nariño Sede 2,COLEGIO ANTONIO NARIÑO SEDE 2,COLEGIO ANTONIO NARIÑO SEDE 2,Colegio Antonio Nariño Sede 2,Colegio Antonio Nariño Sede 2,10,Engativá,CLL 67 # 73 A - 15,4.682994091000012,-74.10069274900002,geocodificado,IDECA/Catastro Bogotá - Puestos de Votación 2023,LA GRANJA,2,2,0,13,1,0,0,1,100.0,0.0,89
160011091,10,91,Colegio Garces Navas Sede B,COLEGIO GARCES NAVAS SEDE B,COLEGIO GARCES NAVAS SEDE B,Colegio Garces Navas Sede B,Colegio Garces Navas Sede B,10,Engativá,CRA 104 A # 77 C - 50,4.71156653700001,-74.11645031500001,geocodificado,IDECA/Catastro Bogotá - Puestos de Votación 2023,LA GRANJA,2,2,0,9,0,1,1,0,100.0,0.0,91
160011092,10,92,Colegio Floridablanca (IED) Sede B,COLEGIO FLORIDABLANCA (IED) SEDE B,COLEGIO FLORIDABLANCA (IED) SEDE B,Colegio Floridablanca (IED) Sede B,Colegio Floridablanca (IED) Sede B,10,Engativá,CRA 89 # 66 A - 14,4.6915312599999766,-74.11149035199998,geocodificado,IDECA/Catastro Bogotá - Puestos de Votación 2023,LA GRANJA,2,2,0,28,0,1,0,1,100.0,0.0,92
160011093,10,93,Colegio Instituto Técnico Laureano Gomez (IED) Sede A,COL INST TEC LAUREANO GOMEZ (IED) SEDE A,COL INST TEC LAUREANO GOMEZ (IED) SEDE A,Colegio Instituto Técnico Laureano Gomez (IED) Sede A,Col. Inst Tec Laureano Gomez (IED) Sede A,10,Engativá,"CLL 90 A # 95 A - 56 /
CL 90 A # 95 D – 56",4.718003074000023,-74.10140051299999,geocodificado,IDECA/Catastro Bogotá - Puestos de Votación 2023,LA GRANJA,5,4,1,16,2,1,0,1,80.0,20.0,93
160011094,10,94,Colegio Lucila Rubio de Laverde (IED),COLEGIO LUCILA RUBIO DE LAVERDE (IED),COLEGIO LUCILA RUBIO DE LAVERDE (IED),Colegio Lucila Rubio de Laverde (IED),Colegio Lucila Rubio de Laverde (IED),10,Engativá,"CLL 77B # 129 - 80 / 
DG 77 B # 129 - 80",4.724479284999973,-74.13652519200002,geocodificado,IDECA/Catastro Bogotá - Puestos de Votación 2023,ENGATIVÁ,3,2,1,15,0,1,0,1,66.7,33.3,94
160011095,10,95,Salón Comunal Villas de Granada,SALON COMUNAL VILLAS DE GRANADA,SALON COMUNAL VILLAS DE GRANADA,Salón Comunal Villas de Granada,Salón Comunal Villas de Granada,10,Engativá,"CLL 77C # 111 - 51 / 
CL 78 # 111 - 51",4.716370333999976,-74.12123580299999,geocodificado,IDECA/Catastro Bogotá - Puestos de Votación 2023,ENGATIVÁ,13,12,5,67,4,4,1,3,92.3,38.5,95
160011096,10,96,Colegio Antonio Villavicencio Sede B,COLEGIO ANTONIO VILLAVICENCIO SEDE B,COLEGIO ANTONIO VILLAVICENCIO SEDE B,Colegio Antonio Villavicencio Sede B,Colegio Antonio Villavicencio Sede B,10,Engativá,CRA 113 C # 63 F - 18,4.709217100999979,-74.140342267,geocodificado,IDECA/Catastro Bogotá - Puestos de Votación 2023,ENGATIVÁ,6,5,1,6,2,3,0,0,83.3,16.7,96
160011097,10,97,Colegio Floridablanca (IED) Sede C,COLEGIO FLORIDABLANCA (IED) SEDE C,COLEGIO FLORIDABLANCA (IED) SEDE C,Colegio Floridablanca (IED) Sede C,Colegio Floridablanca (IED) Sede C,10,Engativá,"CRA 90 B # 71-12 / 
CRA 90B # 71 - 50",4.697012776000008,-74.11024990700002,geocodificado,IDECA/Catastro Bogotá - Puestos de Votación 2023,LA GRANJA,4,4,0,27,1,1,1,1,100.0,0.0,97
160011098,10,98,Colegio Distrital Rodolfo Llinas (IED) Sede B,COLEGIO DISTRITAL RODOLFO LLINAS SEDE B,COLEGIO DISTRITAL RODOLFO LLINAS SEDE B,Colegio Distrital Rodolfo Llinas (IED) Sede B,Colegio Distrital Rodolfo Llinas Sede B,10,Engativá,CLL 87 # 102 - 55,4.719072116999996,-74.10704417599999,geocodificado,IDECA/Catastro Bogotá - Puestos de Votación 2023,LA GRANJA,1,1,0,11,0,0,0,1,100.0,0.0,98
160011101,11,01,Parque Fundacional de Suba,PARQUE FUNDACIONAL DE SUBA,PARQUE FUNDACIONAL DE SUBA,Parque Fundacional de Suba,Parque Fundacional de Suba,11,Suba,CRA 90 # 146 C - 40,4.740931545000024,-74.083335847,geocodificado,IDECA/Catastro Bogotá - Puestos de Votación 2023,SUBA – RINCÓN,27,22,4,210,6,10,0,6,81.5,14.8,1
160011102,11,02,Colegio San José de Calasanz,COLEGIO SAN JOSE DE CALASANZ,COLEGIO SAN JOSE DE CALASANZ,Colegio San José de Calasanz,Colegio San José de Calasanz,11,Suba,CLL 129 # 88B - 35,4.723030264999977,-74.08824495900001,geocodificado,IDECA/Catastro Bogotá - Puestos de Votación 2023,SUBA – RINCÓN,17,16,5,156,3,6,3,4,94.1,29.4,2
160011103,11,03,Colegio Villa Elisa Sedes C y D,VILLA ELISA SEDE C - IED,VILLA ELISA SEDE C - IED,Colegio Villa Elisa Sedes C y D,Villa Elisa Sede C - IED,11,Suba,CLL 128 Bis # 93 - 80,4.722742547999985,-74.09331632599998,geocodificado,IDECA/Catastro Bogotá - Puestos de Votación 2023,SUBA – RINCÓN,27,23,11,289,2,6,6,9,85.2,40.7,3
160011104,11,04,Colegio Distrital Gerardo Paredes - Sede A,GERARDO PAREDES - IED,GERARDO PAREDES - IED,Colegio Distrital Gerardo Paredes - Sede A,Gerardo Paredes - IED,11,Suba,CRA 94 C # 129 A - 04,4.725870570999973,-74.09362809100003,geocodificado,IDECA/Catastro Bogotá - Puestos de Votación 2023,SUBA – RINCÓN,62,56,18,1034,7,15,5,29,90.3,29.0,4
160011105,11,05,Colegio Distrital Alberto Lleras Camargo,ALBERTO LLERAS CAMARGO - IED,ALBERTO LLERAS CAMARGO - IED,Colegio Distrital Alberto Lleras Camargo,Alberto Lleras Camargo - IED,11,Suba,CRA 111 A # 139 - 88,4.744081446999985,-74.102119147,geocodificado,IDECA/Catastro Bogotá - Puestos de Votación 2023,SUBA – FLORES,28,27,7,343,3,3,6,15,96.4,25.0,5
160011106,11,06,Colegio Distrital Tibabuyes Universal,TIBABUYES UNIVERSAL SEDE A - IED,TIBABUYES UNIVERSAL SEDE A - IED,Colegio Distrital Tibabuyes Universal,Tibabuyes Universal Sede A - IED,11,Suba,CRA 128 A # 139 - 13,4.746231616999978,-74.11057586700002,geocodificado,IDECA/Catastro Bogotá - Puestos de Votación 2023,SUBA – LISBOA,13,12,1,83,2,6,1,3,92.3,7.7,6
160011107,11,07,Parque Casablanca,CASABLANCA SUBA,CASABLANCA SUBA,Parque Casablanca,Casablanca Suba,11,Suba,CLL 146 B # 78 - 51,4.738040368999975,-74.07585599499998,geocodificado,IDECA/Catastro Bogotá - Puestos de Votación 2023,LA COLINA,4,4,1,45,1,1,0,2,100.0,25.0,7
160011108,11,08,UNIAGRARIA,VILLA DEL PRADO UNIAGRARIA,VILLA DEL PRADO UNIAGRARIA,UNIAGRARIA,Villa Del Prado-Uni. Agraria,11,Suba,CLL 170 # 54 A - 10,4.7534593280000195,-74.05350403900002,geocodificado,IDECA/Catastro Bogotá - Puestos de Votación 2023,ORQUÍDEAS,17,15,2,277,2,3,2,8,88.2,11.8,8
160011109,11,09,Colegio Distrital Anibal Fernández de Soto,PRADO PINZON,PRADO PINZON,Colegio Distrital Anibal Fernández de Soto,Prado Pinzón,11,Suba,CRA 53 # 135 - 13,4.722990696000011,-74.05738754200001,geocodificado,IDECA/Catastro Bogotá - Puestos de Votación 2023,LA COLINA,11,11,2,126,0,4,0,7,100.0,18.2,9
160011110,11,10,Colegio Distrital Gustavo Morales Morales - Sede B,PRADO CIUDAD JARDIN,PRADO CIUDAD JARDIN,Colegio Distrital Gustavo Morales Morales - Sede B,Prado Ciudad Jardín,11,Suba,CLL 129 B # 58 B - 45,4.719289006999986,-74.06980868400001,geocodificado,IDECA/Catastro Bogotá - Puestos de Votación 2023,LA COLINA,11,10,0,108,0,1,3,6,90.9,0.0,10
160011111,11,11,Parqueadero Centro Comercial Bulevar Niza,CENTRO COMERCIAL BULEVAR NIZA,CENTRO COMERCIAL BULEVAR NIZA,Parqueadero Centro Comercial Bulevar Niza,Centro Comercial Bulevar Niza,11,Suba,AV CLL 127 # 58 - 58,4.711594588000025,-74.07167953200002,geocodificado,IDECA/Catastro Bogotá - Puestos de Votación 2023,LA COLINA,13,10,0,68,2,5,0,3,76.9,0.0,11
160011112,11,12,Colegio Distrital Santa Rosa - Sede A,PONTEVEDRA,PONTEVEDRA,Colegio Distrital Santa Rosa - Sede A,Pontevedra,11,Suba,CLL 102 A # 70 - 40,4.6959672489999775,-74.074017922,geocodificado,IDECA/Catastro Bogotá - Puestos de Votación 2023,LA COLINA,7,6,0,73,1,2,0,3,85.7,0.0,12
160011113,11,13,San Nicolás - Agustiniano Norte,SAN NICOLAS-AGUSTINIANO NORTE,SAN NICOLAS-AGUSTINIANO NORTE,San Nicolás - Agustiniano Norte,San Nicolás - Agustiniano Norte,11,Suba,CRA 70 C # 116 A - 12,4.7002913379999995,-74.07214129099998,geocodificado,IDECA/Catastro Bogotá - Puestos de Votación 2023,SUBA - PRADO,1,1,0,3,0,1,0,0,100.0,0.0,13
160011114,11,14,Colegio Distrital Salitre Sede B,LA CONEJERA,LA CONEJERA,Colegio Distrital Salitre Sede B,La Conejera,11,Suba,CLL 163 # 92 - 96 / CRA 92 # 169 B - 60,4.759968361000006,-74.07711754799999,geocodificado,IDECA/Catastro Bogotá - Puestos de Votación 2023,SUBA – EL PINAR,8,6,1,44,2,2,1,1,75.0,12.5,14
160011115,11,15,Colegio Distrital Prado Veraniego I - Sede A,PRADO VERANIEGO,PRADO VERANIEGO,Colegio Distrital Prado Veraniego I - Sede A,Prado Veraniego,11,Suba,CRA 46 # 130 - 65,4.717159632000005,-74.05417374199999,geocodificado,IDECA/Catastro Bogotá - Puestos de Votación 2023,SUBA - PRADO,24,22,6,218,4,7,2,9,91.7,25.0,15
160011116,11,16,Colegio Distrital Prado Veraniego II - Sede B,NIZA IX,NIZA IX,Colegio Distrital Prado Veraniego II - Sede B,Niza IX,11,Suba,CRA 53 A # 128 - 51,4.713495868999985,-74.06067303499998,geocodificado,IDECA/Catastro Bogotá - Puestos de Votación 2023,SUBA - PRADO,33,33,2,326,2,10,3,18,100.0,6.1,16
160011117,11,17,Parqueadero Carulla CLL 116,LA ALHAMBRA CARULLA,LA ALHAMBRA CARULLA,Parqueadero Carulla CLL 116,La Alhambra - Carulla,11,Suba,CLL 114 A # 45 - 98,4.698879248000026,-74.05748506700002,geocodificado,IDECA/Catastro Bogotá - Puestos de Votación 2023,SUBA - PRADO,5,4,0,31,1,1,0,2,80.0,0.0,17
160011118,11,18,Colegio Emmanuel D'alzon,PUENTE LARGO-EMMANUEL D.ALZON,PUENTE LARGO-EMMANUEL D.ALZON,Colegio Emmanuel D'alzon,Puente Largo - Emmanuel D'alzon,11,Suba,TRV 56 # 114 - 50,4.697970569999995,-74.06724004,geocodificado,IDECA/Catastro Bogotá - Puestos de Votación 2023,LA COLINA,9,8,1,98,1,1,2,4,88.9,11.1,18
160011119,11,19,Colegio Instituto Técnico Distrital Julio Flórez - Sede B,FLORESTA NORTE-JULIO FLOREZ,FLORESTA NORTE-JULIO FLOREZ,Colegio Instituto Técnico Distrital Julio Flórez - Sede B,Floresta Norte - Julio Flórez,11,Suba,CRA 68 B # 94 - 12,4.687168986000017,-74.07750306999998,geocodificado,IDECA/Catastro Bogotá - Puestos de Votación 2023,FERIAS,2,2,1,3,1,1,0,0,100.0,50.0,19
160011120,11,20,Parqueadero los Tres Elefantes,PASADENA-LOS TRES ELEFANTES,PASADENA-LOS TRES ELEFANTES,Parqueadero los Tres Elefantes,Pasadena - Los Tres Elefantes,11,Suba,CRA 53 #102 A - 77,4.69108608099998,-74.062931483,geocodificado,IDECA/Catastro Bogotá - Puestos de Votación 2023,FERIAS,5,5,1,43,1,1,1,2,100.0,20.0,20
160011121,11,21,Colegio Distrital Nueva Zelandia,NUEVA ZELANDIA,NUEVA ZELANDIA,Colegio Distrital Nueva Zelandia,Nueva Zelandia,11,Suba,CLL 181 # 51 A - 31,4.759085621999986,-74.04953912600001,geocodificado,IDECA/Catastro Bogotá - Puestos de Votación 2023,ORQUÍDEAS,5,5,0,126,2,0,0,3,100.0,0.0,21
160011122,11,22,Colegio Distrital El Salitre Suba - Sede C,EL SALITRE SEDE C - IED,EL SALITRE SEDE C - IED,Colegio Distrital El Salitre Suba - Sede C,El Salitre Sede C - IED,11,Suba,CRA 92 # 152 A - 52,4.749192490999974,-74.08305400500001,geocodificado,IDECA/Catastro Bogotá - Puestos de Votación 2023,SUBA – EL PINAR,21,19,6,138,3,9,3,4,90.5,28.6,22
160011123,11,23,Colegio Distrital Vista Bella - Sede B,SAN CIPRIANO,SAN CIPRIANO,Colegio Distrital Vista Bella - Sede B,San Cipriano,11,Suba,"CLL 166 Bis  # 54 C - 08 / 
CLL 166 # 54 C - 08",4.748629041000015,-74.05503118600001,geocodificado,IDECA/Catastro Bogotá - Puestos de Votación 2023,ORQUÍDEAS,7,7,0,38,1,4,1,1,100.0,0.0,23
160011124,11,24,Fundación Universitaria Luis Amigó,FUNDACION UNIVERSITARIA LUIS AMIGO,FUNDACION UNIVERSITARIA LUIS AMIGO,Fundación Universitaria Luis Amigó,Fundación Universi. Luis Amigó,11,Suba,TRV 60 # 128 A - 51,4.7165602530000115,-74.07402014000002,geocodificado,IDECA/Catastro Bogotá - Puestos de Votación 2023,LA COLINA,18,17,2,339,4,3,3,7,94.4,11.1,24
160011125,11,25,Colegio Distrital La Gaitana,LA GAITANA SEDE A - IED,LA GAITANA SEDE A - IED,Colegio Distrital La Gaitana,La Gaitana Sede A - IED,11,Suba,TRV 126 # 134 - 88,4.742176888000017,-74.108522317,geocodificado,IDECA/Catastro Bogotá - Puestos de Votación 2023,SUBA – LISBOA,16,11,2,160,1,1,3,6,68.8,12.5,25
160011126,11,26,Centro Educativo Distrital Don Bosco V,DON BOSCO - IED,DON BOSCO - IED,Centro Educativo Distrital Don Bosco V,Don Bosco - IED,11,Suba,CLL 143 A # 118 - 50,4.750413598000023,-74.10748214699998,geocodificado,IDECA/Catastro Bogotá - Puestos de Votación 2023,SUBA - FONTANAR,29,28,3,214,6,8,5,9,96.6,10.3,26
160011127,11,27,Colegio Hijas de Cristo Rey,COLEGIO HIJAS DE CRISTO REY,COLEGIO HIJAS DE CRISTO REY,Colegio Hijas de Cristo Rey,Colegio - Hijas de Cristo Rey,11,Suba,AV CLL 138 # 58 D - 50,4.7294433819999995,-74.06727899399999,geocodificado,IDECA/Catastro Bogotá - Puestos de Votación 2023,LA COLINA,19,16,2,97,3,6,1,6,84.2,10.5,27
160011128,11,28,Parqueadero Centro Comercial Mazurén,CENTRO COMERCIAL MAZUREN,CENTRO COMERCIAL MAZUREN,Parqueadero Centro Comercial Mazurén,Centro Comercial Mazurén,11,Suba,CRA 46 # 152 - 46,4.736490337000021,-74.050052021,geocodificado,IDECA/Catastro Bogotá - Puestos de Votación 2023,ORQUÍDEAS,19,13,4,129,2,5,3,3,68.4,21.1,28
160011129,11,29,Universidad Pedagógica Nacional,TEJARES NORTE,TEJARES NORTE,Universidad Pedagógica Nacional,Tejares Norte,11,Suba,CLL 183 # 54 D - 25,4.762782868999977,-74.05026994600001,geocodificado,IDECA/Catastro Bogotá - Puestos de Votación 2023,ORQUÍDEAS,6,6,0,33,0,5,0,1,100.0,0.0,29
160011130,11,30,Colegio Celestin Freinet,COLEGIO CELESTIN FREINET,COLEGIO CELESTIN FREINET,Colegio Celestin Freinet,Colegio Celestin Freinet,11,Suba,CLL 136 # 136A - 12,4.745433789000003,-74.114335326,geocodificado,IDECA/Catastro Bogotá - Puestos de Votación 2023,SUBA – LISBOA,18,17,9,327,1,1,8,7,94.4,50.0,30
160011131,11,31,Colegio Distrital Álvaro Gómez Hurtado,ALVARO GOMEZ HURTADO SEDE A - IED,ALVARO GOMEZ HURTADO SEDE A - IED,Colegio Distrital Álvaro Gómez Hurtado,Alvaro Gomez Hurtado Sede A - IED,11,Suba,CRA 100 A # 130 - 18,4.730444497999997,-74.09685050000002,geocodificado,IDECA/Catastro Bogotá - Puestos de Votación 2023,SUBA – RINCÓN,37,32,9,335,2,12,6,12,86.5,24.3,31
160011132,11,32,Colegio Distrital Delia Zapata Olivella,DELIA ZAPATA OLIVELLA - IED,DELIA ZAPATA OLIVELLA - IED,Colegio Distrital Delia Zapata Olivella,Delia Zapata Olivella - IED,11,Suba,CLL 144 C # 141 A - 51,4.753137337999988,-74.11330965299999,geocodificado,IDECA/Catastro Bogotá - Puestos de Votación 2023,SUBA - FONTANAR,40,38,13,379,4,7,5,22,95.0,32.5,32
160011133,11,33,Colegio Distrital Hunza - Sede B,HUNZA SEDE B - IED,HUNZA SEDE B - IED,Colegio Distrital Hunza - Sede B,Hunza Sede B - IED,11,Suba,CLL 128 B # 87 D - 05,4.720686157999978,-74.087255616,geocodificado,IDECA/Catastro Bogotá - Puestos de Votación 2023,SUBA – RINCÓN,8,8,4,152,2,0,0,6,100.0,50.0,33
160011134,11,34,Colegio Distrital Villa Elisa - Sede A,VILLA ELISA SEDE A - IED,VILLA ELISA SEDE A - IED,Colegio Distrital Villa Elisa - Sede A,Villa Elisa Sede A - IED,11,Suba,CLL 132 C # 92 A - 71,4.7323439279999775,-74.08785469100002,geocodificado,IDECA/Catastro Bogotá - Puestos de Votación 2023,SUBA – RINCÓN,18,14,5,144,2,3,2,7,77.8,27.8,34
160011135,11,35,Colegio Distrital República Dominicana,REPUBLICA DOMINICANA SEDE A - IED,REPUBLICA DOMINICANA SEDE A - IED,Colegio Distrital República Dominicana,República Dominicana Sede A - IED,11,Suba,CLL 131 A # 125 - 39,4.738964392000014,-74.10899939199999,geocodificado,IDECA/Catastro Bogotá - Puestos de Votación 2023,SUBA – FLORES,18,17,1,160,1,5,4,7,94.4,5.6,35
160011136,11,36,Colegio Distrital Lisboa - Sede B,LA TOSCANA LISBOA SEDE B - IED,LA TOSCANA LISBOA SEDE B - IED,Colegio Distrital Lisboa - Sede B,La Toscana Lisboa Sede B - IED,11,Suba,CRA 151 A # 132 A - 16,4.743313741000009,-74.12165519199999,geocodificado,IDECA/Catastro Bogotá - Puestos de Votación 2023,SUBA – LISBOA,34,30,11,354,4,4,9,13,88.2,32.4,36
160011139,11,39,Colegio Distrital Gustavo Morales Morales,PRADO SUR,PRADO SUR,Colegio Distrital Gustavo Morales Morales,Prado Sur,11,Suba,CLL 129 # 55 - 55,4.716510669000002,-74.06435553799997,geocodificado,IDECA/Catastro Bogotá - Puestos de Votación 2023,SUBA - PRADO,78,75,12,1326,10,26,6,33,96.2,15.4,39
160011140,11,40,Vía Pública,SUPERCADE SUBA,SUPERCADE SUBA,Vía Pública,Supercade CAD Suba,11,Suba,AV CLL 145 # 103B - 90,4.746502143999976,-74.09570175099998,geocodificado,IDECA/Catastro Bogotá - Puestos de Votación 2023,SUBA – FLORES,26,25,13,313,2,4,5,14,96.2,50.0,40
160011141,11,41,Colegio Distrital Nicolás Buenaventura,NICOLAS BUENAVENTURA - IED,NICOLAS BUENAVENTURA - IED,Colegio Distrital Nicolás Buenaventura,Nicolás Buenaventura - IED,11,Suba,CRA 103 B # 153 - 01,4.7555374820000225,-74.090601924,geocodificado,IDECA/Catastro Bogotá - Puestos de Votación 2023,SUBA - LAS MERCEDES,28,27,6,298,2,8,3,14,96.4,21.4,41
160011142,11,42,Salón Comunal Barrio San Francisco,SALON COMUNAL SAN FRANCISCO,SALON COMUNAL SAN FRANCISCO,Salón Comunal Barrio San Francisco,Salón Comunal San Francisco,11,Suba,CRA 84 A # 145 B -07,4.736658999999975,-74.08034199999997,geocodificado,IDECA/Catastro Bogotá - Puestos de Votación 2023,SUBA – FLORES,1,1,0,0,1,0,0,0,100.0,0.0,42
160011143,11,43,Fundación San Felipe Neri,FUNDACION SAN FELIPE NERI,FUNDACION SAN FELIPE NERI,Fundación San Felipe Neri,Fundación San Felipe Neri,11,Suba,CRA 90 # 149 - 73,4.746205999999972,-74.08295500000003,geocodificado,IDECA/Catastro Bogotá - Puestos de Votación 2023,SUBA – EL PINAR,5,5,0,55,0,2,1,2,100.0,0.0,43
160011144,11,44,Colegio Distrital  Simón Bolívar Suba,SIMON BOLIVAR - IED,SIMON BOLIVAR - IED,Colegio Distrital  Simón Bolívar Suba,Simón Bolívar - IED,11,Suba,CRA 92 # 146C - 38,4.741306346999977,-74.08484848799998,geocodificado,IDECA/Catastro Bogotá - Puestos de Votación 2023,SUBA – FLORES,4,4,0,17,1,1,2,0,100.0,0.0,44
160011145,11,45,Colegio Eucarístico Mercedario,COLEGIO EUCARISTICO MERCEDARIO,COLEGIO EUCARISTICO MERCEDARIO,Colegio Eucarístico Mercedario,Colegio Eucarístico Mercedario,11,Suba,"CLL 137 # 91 - 61 /
CRA 91 # 136 - 53 ",4.7353330000000255,-74.08655299999998,geocodificado,IDECA/Catastro Bogotá - Puestos de Votación 2023,SUBA – RINCÓN,15,11,3,92,3,0,5,3,73.3,20.0,45
160011146,11,46,Colegio Distrital Ramón de Subiría - Sede B,RAMON DE ZUBIRIA SEDE B - IED,RAMON DE ZUBIRIA SEDE B - IED,Colegio Distrital Ramón de Subiría - Sede B,Ramon de Zubiria Sede B - IED,11,Suba,CLL 130 D # 88 B - 20,4.7274279989999854,-74.086593,geocodificado,IDECA/Catastro Bogotá - Puestos de Votación 2023,SUBA – RINCÓN,10,8,3,120,3,4,0,1,80.0,30.0,46
160011147,11,47,Colegio Distrital Ramón de Subiría - Sede A,RAMON DE ZUBIRIA SEDE A - IED,RAMON DE ZUBIRIA SEDE A - IED,Colegio Distrital Ramón de Subiría - Sede A,Ramon De Zubiria Sede A - IED,11,Suba,DIAG 129 B Bis # 93 B - 51,4.725400999999977,-74.09214300000002,geocodificado,IDECA/Catastro Bogotá - Puestos de Votación 2023,SUBA – RINCÓN,24,17,7,96,4,7,2,4,70.8,29.2,47
160011148,11,48,Colegio Distrital Virginia Gutiérrez de Pineda,VIRGINIA GUTIERREZ DE PINEDA - IED,VIRGINIA GUTIERREZ DE PINEDA - IED,Colegio Distrital Virginia Gutiérrez de Pineda,Virginia Gutierrez De Pineda - IED,11,Suba,CLL 131 B # 94 F - 31,4.731055910999999,-74.09174548700003,geocodificado,IDECA/Catastro Bogotá - Puestos de Votación 2023,SUBA – RINCÓN,37,28,12,271,7,4,6,11,75.7,32.4,48
160011149,11,49,Colegio Distrital Gonzalo Arango,GONZALO ARANGO - IED,GONZALO ARANGO - IED,Colegio Distrital Gonzalo Arango,Gonzalo Arango - IED,11,Suba,CLL 130 A # 98 - 71 ,4.729812315000004,-74.09492315,geocodificado,IDECA/Catastro Bogotá - Puestos de Votación 2023,SUBA – RINCÓN,19,14,4,187,1,5,2,6,73.7,21.1,49
160011150,11,50,Colegio Distrital Nueva Colombia,NUEVA COLOMBIA - IED,NUEVA COLOMBIA - IED,Colegio Distrital Nueva Colombia,Nueva Colombia - IED,11,Suba,"CLL 128 C # 102 A - 25
 / CRA 102 A # 128 A - 40",4.72853918200002,-74.09984255500001,geocodificado,IDECA/Catastro Bogotá - Puestos de Votación 2023,SUBA – RINCÓN,19,16,6,176,3,2,3,8,84.2,31.6,50
160011151,11,51,Colegio Fe y Alegría,FE Y ALEGRIA JOSE MARIA VELAZ - IED,FE Y ALEGRIA JOSE MARIA VELAZ - IED,Colegio Fe y Alegría,Fe Y alegría Jose Maria Velaz - IED,11,Suba,"CRA 131 # 134 - 44 / 
CRA 131 # 133 - 44",4.744508040000028,-74.11245527599999,geocodificado,IDECA/Catastro Bogotá - Puestos de Votación 2023,SUBA – LISBOA,19,15,3,122,4,3,3,5,78.9,15.8,51
160011152,11,52,Colegio Privado Pedagógico Dulce Maria,COLEGIO PEDAGOGICO DULCE MARIA,COLEGIO PEDAGOGICO DULCE MARIA,Colegio Privado Pedagógico Dulce Maria,Colegio Pedagógico Dulce Maria,11,Suba,TRV 127 C # 139 B - 48,4.746609999999976,-74.10824100000002,geocodificado,IDECA/Catastro Bogotá - Puestos de Votación 2023,SUBA – FLORES,9,9,0,128,2,2,1,4,100.0,0.0,52
160011153,11,53,Institución Educativa Compartir Suba,COMPARTIR SEDE A - IED,COMPARTIR SEDE A - IED,Institución Educativa Compartir Suba,Compartir Sede A - IED,11,Suba,CRA 128 # 146 - 52,4.7552867160000005,-74.10601315299999,geocodificado,IDECA/Catastro Bogotá - Puestos de Votación 2023,SUBA - LAS MERCEDES,27,27,7,358,0,6,5,16,100.0,25.9,53
160011154,11,54,Colegio Distrital Gerardo Molina Ramírez,GERARDO MOLINA RAMIREZ - IED,GERARDO MOLINA RAMIREZ - IED,Colegio Distrital Gerardo Molina Ramírez,Gerardo Molina Ramirez - IED,11,Suba,CRA 143 #142 A - 62,4.748668000000009,-74.115384,geocodificado,IDECA/Catastro Bogotá - Puestos de Votación 2023,SUBA - FONTANAR,14,11,2,112,3,1,2,5,78.6,14.3,54
160011155,11,55,Parque El Batán,EL BATAN,EL BATAN,Parque El Batán,El Batán,11,Suba,"CLL 123 A # 47 - 34 /
CRA 50 # 123 A - 30",4.704806291000011,-74.05702320099999,geocodificado,IDECA/Catastro Bogotá - Puestos de Votación 2023,SUBA - PRADO,6,4,0,34,0,2,0,2,66.7,0.0,55
160011156,11,56,Parqueadero Centro Comercial Niza,NIZA CENTRO COMERCIAL NIZA,NIZA CENTRO COMERCIAL NIZA,Parqueadero Centro Comercial Niza,Niza Centro Comercial Niza,11,Suba,AV CLL 127 # 60 - 30,4.711258019000013,-74.073033925,geocodificado,IDECA/Catastro Bogotá - Puestos de Votación 2023,LA COLINA,12,12,2,282,1,4,2,5,100.0,16.7,56
160011157,11,57,Parqueadero Centro Comercial Paseo San Rafael,CENTRO COMERCIAL PASEO SAN RAFAEL,CENTRO COMERCIAL PASEO SAN RAFAEL,Parqueadero Centro Comercial Paseo San Rafael,Centro Comercial Paseo San Rafael,11,Suba,"AV CLL 134 # 55 - 30/
AV CLL 134 # 55 - 32",4.723020991999988,-74.06227484099998,geocodificado,IDECA/Catastro Bogotá - Puestos de Votación 2023,LA COLINA,56,52,4,479,3,18,13,18,92.9,7.1,57
160011158,11,58,Almacén Éxito la Colina,ALMACEN ÉXITO LA COLINA,ALMACEN ÉXITO LA COLINA,Almacén Éxito la Colina,Almacén Éxito la Colina,11,Suba,"AV CLL 147 con AV CRA 72 /
AV CLL 147 # 58 C - 91",4.734711479999987,-74.06607258999998,geocodificado,IDECA/Catastro Bogotá - Puestos de Votación 2023,LA COLINA,19,18,2,181,4,7,2,5,94.7,10.5,58
160011159,11,59,Parqueadero Carulla Rincón de la Colina,CARULLA RINCON DE LA COLINA,CARULLA RINCON DE LA COLINA,Parqueadero Carulla Rincón de la Colina,Carulla Rincón de la Colina,11,Suba,AV CRA 72 # 152 B - 60,4.740540441000007,-74.06500450800002,geocodificado,IDECA/Catastro Bogotá - Puestos de Votación 2023,LA COLINA,3,3,0,24,0,1,1,1,100.0,0.0,59
160011160,11,60,Colsubsidio Mazuren,COLSUBSIDIO MAZUREN,COLSUBSIDIO MAZUREN,Colsubsidio Mazuren,Colsubsidio Mazuren,11,Suba,CLL 152 # 53 A - 05,4.735384150000016,-74.05456045900002,geocodificado,IDECA/Catastro Bogotá - Puestos de Votación 2023,ORQUÍDEAS,1,1,0,26,0,0,0,1,100.0,0.0,60
160011161,11,61,Cancha múltiple Villa Delia,CANCHA MULTIPLE VILLA DELIA,CANCHA MULTIPLE VILLA DELIA,Cancha múltiple Villa Delia,Cancha múltiple Villa Delia,11,Suba,CRA 65 entre la CLL 165 Y 166,4.7492956770000205,-74.06384298900002,geocodificado,IDECA/Catastro Bogotá - Puestos de Votación 2023,LA COLINA,10,9,0,38,3,3,2,1,90.0,0.0,61
160011162,11,62,Biblioteca Julio Mario Santo Domingo,BIBLIOTECA JULIO MARIO SANTODOMINGO,BIBLIOTECA JULIO MARIO SANTODOMINGO,Biblioteca Julio Mario Santo Domingo,Biblioteca Julio Mario Santo Domingo,11,Suba,AV CLL 170 # 67 - 51,4.756619000000001,-74.062725,geocodificado,IDECA/Catastro Bogotá - Puestos de Votación 2023,ORQUÍDEAS,9,8,1,40,2,4,0,2,88.9,11.1,62
160011163,11,63,Colegio Rafael Maya,COLEGIO RAFAEL MAYA,COLEGIO RAFAEL MAYA,Colegio Rafael Maya,Colegio Rafael Maya,11,Suba,CLL 134A # 147C - 07,4.745221415000003,-74.118849969,geocodificado,IDECA/Catastro Bogotá - Puestos de Votación 2023,SUBA – LISBOA,3,3,1,19,1,1,0,1,100.0,33.3,63
160011164,11,64,Salón Comunal Santa Cecilia,SALON COMUNAL SANTA CECILIA,SALON COMUNAL SANTA CECILIA,Salón Comunal Santa Cecilia,Salón Comunal Santa Cecilia,11,Suba,CRA 158B # 131A - 45,4.739700000000028,-74.12819999999999,geocodificado,IDECA/Catastro Bogotá - Puestos de Votación 2023,SUBA – LISBOA,9,7,2,55,0,4,1,2,77.8,22.2,64
160011165,11,65,Instituto San Basilio,INSTITUTO SAN BASILIO,INSTITUTO SAN BASILIO,Instituto San Basilio,Instituto San Basilio,11,Suba,CLL 136A # 152A -77,4.743896446999997,-74.124569022,geocodificado,IDECA/Catastro Bogotá - Puestos de Votación 2023,SUBA – LISBOA,2,2,0,10,0,1,1,0,100.0,0.0,65
160011166,11,66,Colegio Distrital Jorge Mario Bergoglio,FILARMONICO JORGE MARIO BERGOGLIO - IED,FILARMONICO JORGE MARIO BERGOGLIO - IED,Colegio Distrital Jorge Mario Bergoglio,Filarmónico Jorge Mario Bergoglio - IED,11,Suba,"CLL 143 A #113 C - 51 /
CRA 113C # 142B - 21",4.748823000000016,-74.10339900000002,geocodificado,IDECA/Catastro Bogotá - Puestos de Votación 2023,SUBA – FLORES,14,14,5,378,0,2,3,9,100.0,35.7,66
160011167,11,67,Colegio Distrital Veintiún Ángeles,VEINTIUN ANGELES SEDE A - IED,VEINTIUN ANGELES SEDE A - IED,Colegio Distrital Veintiún Ángeles,Veintiún Ángeles Sede A - IED,11,Suba,CRA 90 # 154 A - 09,4.7494526680000035,-74.08034907899997,geocodificado,IDECA/Catastro Bogotá - Puestos de Votación 2023,SUBA – EL PINAR,7,5,3,37,1,1,1,2,71.4,42.9,67
160011169,11,69,Colegio Distrital Hunza - Sede A,HUNZA SEDE A - IED,HUNZA SEDE A - IED,Colegio Distrital Hunza - Sede A,Hunza Sede A - IED,11,Suba,CRA 84 A # 129 A - 40,4.723360861000003,-74.08334342699999,geocodificado,IDECA/Catastro Bogotá - Puestos de Votación 2023,SUBA – RINCÓN,2,2,0,1,1,1,0,0,100.0,0.0,69
160011170,11,70,Colegio Máximino Poitiers,COLEGIO MAXIMINO POITIERS,COLEGIO MAXIMINO POITIERS,Colegio Máximino Poitiers,Colegio Maximino Poitiers,11,Suba,"CLL 152 A # 102 - 51 / 
CL 152A # 102B - 51",4.751536061000024,-74.09098674199998,geocodificado,IDECA/Catastro Bogotá - Puestos de Votación 2023,SUBA - LAS MERCEDES,27,25,13,339,0,6,4,15,92.6,48.1,70
160011171,11,71,Salón Comunal Aures II,SALON COMUNAL AURES II,SALON COMUNAL AURES II,Salón Comunal Aures II,Salón Comunal Aures II,11,Suba,CRA 105 B #129 D - 92,4.733217357000001,-74.10196150899998,geocodificado,IDECA/Catastro Bogotá - Puestos de Votación 2023,SUBA – FLORES,7,6,2,67,0,1,1,4,85.7,28.6,71
160011172,11,72,Salón Comunal Villa Maria,SALON COMUNAL VILLA MARIA,SALON COMUNAL VILLA MARIA,Salón Comunal Villa Maria,Salón Comunal Villa Maria,11,Suba,CRA 111 # 135 - 25,4.740587098999981,-74.10368113999999,geocodificado,IDECA/Catastro Bogotá - Puestos de Votación 2023,SUBA – FLORES,1,1,0,10,0,0,0,1,100.0,0.0,72
160011174,11,74,Centro Comercial Outlet La Floresta,FLORESTA OUTLET,FLORESTA OUTLET,Centro Comercial Outlet La Floresta,Floresta Outlet,11,Suba,CRA 69 # 98 A - 45,4.6913815440000235,-74.07476325200003,geocodificado,IDECA/Catastro Bogotá - Puestos de Votación 2023,LA GRANJA,11,10,0,89,3,3,0,4,90.9,0.0,74
160011175,11,75,Colegio John Dewey,COLEGIO JOHN DEWEY,COLEGIO JOHN DEWEY,Colegio John Dewey,Colegio John Dewey,11,Suba,TRV 54 # 111 - 85,4.698780414999987,-74.06397835400003,geocodificado,IDECA/Catastro Bogotá - Puestos de Votación 2023,LA COLINA,3,3,1,62,0,0,0,3,100.0,33.3,75
160011176,11,76,Colegio Externado Caro y Cuervo,COLEGIO CARO Y CUERVO,COLEGIO CARO Y CUERVO,Colegio Externado Caro y Cuervo,Colegio Caro y Cuervo,11,Suba,CLL 150 A # 50 - 57,4.7333724910000115,-74.05360010200002,geocodificado,IDECA/Catastro Bogotá - Puestos de Votación 2023,LA COLINA,24,22,2,151,3,7,2,10,91.7,8.3,76
160011177,11,77,Centro Comercial Portoalegre,CC PORTOALEGRE,CC PORTOALEGRE,Centro Comercial Portoalegre,CC Portoalegre,11,Suba,CRA 58 # 137 B - 01,4.727719513000011,-74.06481701799999,geocodificado,IDECA/Catastro Bogotá - Puestos de Votación 2023,LA COLINA,9,9,3,108,0,2,2,5,100.0,33.3,77
160011178,11,78,Centro Comercial Parque La Colina,CC PARQUE LA COLINA,CC PARQUE LA COLINA,Centro Comercial Parque La Colina,CC Parque La Colina,11,Suba,CRA 58 D # 146 - 51,4.732516249000014,-74.06549087100001,geocodificado,IDECA/Catastro Bogotá - Puestos de Votación 2023,LA COLINA,35,30,2,414,7,6,4,13,85.7,5.7,78
160011179,11,79,Cancha Múltiple Sirena II,CANCHA MULTIPLE SIRENA II,CANCHA MULTIPLE SIRENA II,Cancha Múltiple Sirena II,Cancha Múltiple Sirena II,11,Suba,"CRA 59 Entre CLL 152B y 153 / 
CRA 59 # 152B - 50",4.740402356000004,-74.063909739,geocodificado,IDECA/Catastro Bogotá - Puestos de Votación 2023,LA COLINA,35,31,2,306,4,8,6,13,88.6,5.7,79
160011180,11,80,Fundación Colegio Marymount,COLEGIO MARYMOUNT,COLEGIO MARYMOUNT,Fundación Colegio Marymount,Colegio Marymount,11,Suba,CLL 169 B # 74 A - 02,4.755702266000014,-74.06644191800001,geocodificado,IDECA/Catastro Bogotá - Puestos de Votación 2023,LA COLINA,11,10,0,98,1,3,1,5,90.9,0.0,80
160011181,11,81,Colegio Abraham Lincoln Sede Bachillerato,SAN JOSE BAVARIA-ABRAHAM LINCOLN,SAN JOSE BAVARIA-ABRAHAM LINCOLN,Colegio Abraham Lincoln Sede Bachillerato,San José Bavaria- Abraham Lincoln,11,Suba,"CLL 170 # 65 - 31 /
AC 170 # 65 - 31",4.756619186000023,-74.06104163399999,geocodificado,IDECA/Catastro Bogotá - Puestos de Votación 2023,LA COLINA,9,7,0,31,1,4,1,1,77.8,0.0,81
160011182,11,82,Colegio del Bosque - Universidad Antonio Nariño - Sede Bachillerato,COLEGIO DEL BOSQUE,COLEGIO DEL BOSQUE,Colegio del Bosque - Universidad Antonio Nariño - Sede Bachillerato,Colegio del Bosque,11,Suba,CRA 65 # 170 - 20,4.757163282000022,-74.06019420299998,geocodificado,IDECA/Catastro Bogotá - Puestos de Votación 2023,SUBA – EL PINAR,6,6,2,96,1,4,0,1,100.0,33.3,82
160011183,11,83,Colegio Santiago Alberioni,COLEGIO SANTIAGO ALBERIONI,COLEGIO SANTIAGO ALBERIONI,Colegio Santiago Alberioni,Colegio Santiago Alberioni,11,Suba,CRA 62 # 169 A - 14,4.753284576999988,-74.059833029,geocodificado,IDECA/Catastro Bogotá - Puestos de Votación 2023,LA COLINA,7,7,1,33,2,2,2,1,100.0,14.3,83
160011184,11,84,Colegio Vista Bella,COLEGIO VISTA BELLA,COLEGIO VISTA BELLA,Colegio Vista Bella,Colegio Vista Bella,11,Suba,"CRA 58 # 167 - 20 /
 AV CRA 58 # 167 - 20",4.750099164000005,-74.05878126099998,geocodificado,IDECA/Catastro Bogotá - Puestos de Votación 2023,ORQUÍDEAS,14,13,3,72,3,3,4,3,92.9,21.4,84
160011185,11,85,Colegio Nueva Zelandia Sede B,MIRANDELA - NUEVA ZELANDIA,MIRANDELA - NUEVA ZELANDIA,Colegio Nueva Zelandia Sede B,Mirandela - Nueva Zelandia,11,Suba,CLL 187 # 49 - 42,4.7655221310000115,-74.04692983199999,geocodificado,IDECA/Catastro Bogotá - Puestos de Votación 2023,ORQUÍDEAS,17,16,0,131,8,1,2,5,94.1,0.0,85
160011186,11,86,Centro Comercial Santafé,CENTRO COMERCIAL SANTAFE,CENTRO COMERCIAL SANTAFE,Centro Comercial Santafé,Centro Comercial Santafé,11,Suba,CLL 185 # 45 - 03,4.763219526,-74.04545499099999,geocodificado,IDECA/Catastro Bogotá - Puestos de Votación 2023,ORQUÍDEAS,17,12,0,96,2,3,3,4,70.6,0.0,86
160011187,11,87,Colegio Distrital Tibabuyes Universal Sede B,TIBABUYES UNIVERSAL SEDE B - IED,TIBABUYES UNIVERSAL SEDE B - IED,Colegio Distrital Tibabuyes Universal Sede B,Tibabuyes Universal Sede B - IED,11,Suba,CRA 118 # 136 -14,4.7418086389999985,-74.10474296400002,geocodificado,IDECA/Catastro Bogotá - Puestos de Votación 2023,SUBA – FLORES,4,3,0,20,0,2,0,1,75.0,0.0,87
160011188,11,88,Colegio Distrital La Toscana Lisboa,LA TOSCANA LISBOA SEDE A - IED,LA TOSCANA LISBOA SEDE A - IED,Colegio Distrital La Toscana Lisboa,La Toscana Lisboa Sede A - IED,11,Suba,CLL 132 D Bis # 132 - 05,4.743527805999975,-74.11344446700002,geocodificado,IDECA/Catastro Bogotá - Puestos de Votación 2023,SUBA – LISBOA,4,4,1,57,1,0,0,3,100.0,25.0,88
160011189,11,89,Centro Comercial Centro Suba ,CENTRO COMERCIAL CENTRO SUBA,CENTRO COMERCIAL CENTRO SUBA,Centro Comercial Centro Suba ,Centro Comercial Centro Suba ,11,Suba,CLL 145 # 91 - 19,4.737655935000021,-74.08555759199999,geocodificado,IDECA/Catastro Bogotá - Puestos de Votación 2023,SUBA – RINCÓN,32,26,5,194,4,8,4,10,81.2,15.6,89
160011190,11,90,Colegio Distrital Álvaro Gómez Hurtado Sede B,ALVARO GOMEZ HURTADO SEDE B - IED,ALVARO GOMEZ HURTADO SEDE B - IED,Colegio Distrital Álvaro Gómez Hurtado Sede B,Alvaro Gomez Hurtado Sede B - IED,11,Suba,CLL 133 # 98 B -24,4.7352619650000065,-74.09337570100001,geocodificado,IDECA/Catastro Bogotá - Puestos de Votación 2023,SUBA – RINCÓN,10,9,1,149,0,4,1,4,90.0,10.0,90
160011191,11,91,Colegio Distrital Juan Lozano y Lozano Sede B,JUAN LOZANO Y LOZANO SEDE B - IED,JUAN LOZANO Y LOZANO SEDE B - IED,Colegio Distrital Juan Lozano y Lozano Sede B,Juan Lozano y Lozano Sede B - IED,11,Suba,CRA 99 # 154 - 26,4.753495722000025,-74.08667298,geocodificado,IDECA/Catastro Bogotá - Puestos de Votación 2023,SUBA – EL PINAR,18,16,2,172,3,2,5,6,88.9,11.1,91
160011192,11,92,Colegio Distrital La Gaitana Sede B,LA GAITANA SEDE B - IED,LA GAITANA SEDE B - IED,Colegio Distrital La Gaitana Sede B,La Gaitana Sede B - IED,11,Suba,"CLL 132 D # 123 B - 65 / 
CRA 124 # 132B - 02",4.739718031999985,-74.106698343,geocodificado,IDECA/Catastro Bogotá - Puestos de Votación 2023,SUBA – LISBOA,7,5,3,44,0,4,0,1,71.4,42.9,92
160011193,11,93,Colegio Elisa Mujica Velasquez,COLEGIO ELISA MUJICA VELASQUEZ,COLEGIO ELISA MUJICA VELASQUEZ,Colegio Elisa Mujica Velasquez,Colegio Elisa Mujica Velasquez,11,Suba,CLL 131 C # 126 - 48,4.739303391000021,-74.111989058,geocodificado,IDECA/Catastro Bogotá - Puestos de Votación 2023,SUBA – FLORES,3,3,0,13,0,2,0,1,100.0,0.0,93
160011194,11,94,Colegio Distrital República Dominicana Sede B,REPUBLICA DOMINICANA SEDE B - IED,REPUBLICA DOMINICANA SEDE B - IED,Colegio Distrital República Dominicana Sede B,República Dominicana Sede B - IED,11,Suba,"CRA 123 # 129 D - 22 / 
CRA 123 # 129 D - 55",4.73490332199998,-74.10777579,geocodificado,IDECA/Catastro Bogotá - Puestos de Votación 2023,SUBA – FLORES,6,6,2,58,0,3,1,2,100.0,33.3,94
160011195,11,95,Centro Comercial Plaza Imperial,CENTRO COMERCIAL PLAZA IMPERIAL,CENTRO COMERCIAL PLAZA IMPERIAL,Centro Comercial Plaza Imperial,Centro Comercial Plaza Imperial,11,Suba,CRA 104 # 148 - 07,4.7486989060000155,-74.095522271,geocodificado,IDECA/Catastro Bogotá - Puestos de Votación 2023,SUBA - LAS MERCEDES,20,17,4,114,1,7,2,7,85.0,20.0,95
160011196,11,96,Salón Comunal El Solar 1,SALON COMUNAL EL SOLAR,SALON COMUNAL EL SOLAR,Salón Comunal El Solar 1,Salón Comunal El Solar,11,Suba,"CRA 109 B # 141 A - 36 / 
CRA 109 B # 141 A 56",4.745833679999976,-74.099801732,geocodificado,IDECA/Catastro Bogotá - Puestos de Votación 2023,SUBA - FONTANAR,4,4,1,39,0,2,0,2,100.0,25.0,96
160011197,11,97,Salón Comunal San Pedro de Tibabuyes,SALON COMUNAL SAN PEDRO DE TIBABUYES,SALON COMUNAL SAN PEDRO DE TIBABUYES,Salón Comunal San Pedro de Tibabuyes,Salón Comunal San Pedro de Tibabuyes,11,Suba,CLL 137 # 145 B - 12,4.746355408999989,-74.11793439799999,geocodificado,IDECA/Catastro Bogotá - Puestos de Votación 2023,SUBA – LISBOA,3,3,0,113,0,0,0,3,100.0,0.0,97
160011198,11,98,Salón Comunal Suba Compartir 1,SALON COMUNAL COMPARTIR 1,SALON COMUNAL COMPARTIR 1,Salón Comunal Suba Compartir 1,Salón Comunal Compartir 1,11,Suba,CRA 136 C # 152 F - 44,4.760252175000005,-74.105918395,geocodificado,IDECA/Catastro Bogotá - Puestos de Votación 2023,SUBA – FLORES,2,2,0,27,0,0,0,2,100.0,0.0,98
160011199,11,99,Colegio Distrital Compartir Sede B,COMPARTIR SEDE B IED,COMPARTIR SEDE B IED,Colegio Distrital Compartir Sede B,Compartir Sede B IED,11,Suba,CLL 149 # 117 - 35,4.753361164000012,-74.10429047500003,geocodificado,IDECA/Catastro Bogotá - Puestos de Votación 2023,SUBA - LAS MERCEDES,12,11,1,100,2,2,1,6,91.7,8.3,99
1600111A1,11,A1,Colegio Distrital Villa Elisa Sede B,VILLA ELISA SEDE B IED,VILLA ELISA SEDE B IED,Colegio Distrital Villa Elisa Sede B,Villa Elisa Sede B IED,11,Suba,CLL 135 # 94 C - 57,4.734491225999989,-74.08876332699998,geocodificado,IDECA/Catastro Bogotá - Puestos de Votación 2023,SUBA – RINCÓN,9,3,4,28,1,0,0,2,33.3,44.4,A1
1600111A2,11,A2,Salón Comunal Ciudad Jardín Norte,SALON COMUNAL CIUDAD JARDIN NORTE,SALON COMUNAL CIUDAD JARDIN NORTE,Salón Comunal Ciudad Jardín Norte,Salón Comunal Ciudad Jardín Norte,11,Suba,CRA 59 B BIS # 132 - 53,4.724865826999974,-74.07045662399997,geocodificado,IDECA/Catastro Bogotá - Puestos de Votación 2023,LA COLINA,36,35,1,667,3,11,4,17,97.2,2.8,A2
1600111A3,11,A3,Centro Comercial BIMA,CENTRO COMERCIAL BIMA,CENTRO COMERCIAL BIMA,Centro Comercial BIMA,Centro Comercial BIMA,11,Suba,Autopista Norte # 232 - 35,4.806448268999986,-74.03807322400002,geocodificado,IDECA/Catastro Bogotá - Puestos de Votación 2023,ORQUÍDEAS,2,2,0,11,0,1,1,0,100.0,0.0,A3
1600111A4,11,A4,Colegio Privado Helvetia,COLEGIO HELVETIA,COLEGIO HELVETIA,Colegio Privado Helvetia,Colegio Helvetia,11,Suba,CLL 128 # 71 A - 91,4.7151013569999805,-74.07644962299997,geocodificado,IDECA/Catastro Bogotá - Puestos de Votación 2023,LA COLINA,3,2,0,10,1,0,0,1,66.7,0.0,A4
1600111A5,11,A5,Centro de Felicidad Las Cometas,CENTRO DE FELICIDAD LAS COMETAS,CENTRO DE FELICIDAD LAS COMETAS,Centro de Felicidad Las Cometas,Centro de Felicidad Las Cometas,11,Suba,"AV SUBA RINCON DIAG 127A # 81 - 26 / 
AV SUBA RINCON DIAG 127A # 81 - 36",4.71333617800002,-74.08610222200002,geocodificado,IDECA/Catastro Bogotá - Puestos de Votación 2023,SUBA – RINCÓN,4,3,1,31,0,1,0,2,75.0,25.0,A5
1600111A6,11,A6,Colegio Distrital Veintiún Ángeles Sede B,TUNA ALTA,TUNA ALTA,Colegio Distrital Veintiún Ángeles Sede B,Tuna Alta,11,Suba,CLL 155A # 88 - 05,4.749905850000005,-74.07865152099998,geocodificado,IDECA/Catastro Bogotá - Puestos de Votación 2023,SUBA - LAS MERCEDES,2,2,1,4,1,1,0,0,100.0,50.0,A6
1600111A7,11,A7,Coliseo Tibabuyes,COLISEO TIBABUYES,COLISEO TIBABUYES,Coliseo Tibabuyes,Coliseo Tibabuyes,11,Suba,CLL 139 # 127 C - 48,4.745973628999991,-74.11023290100002,geocodificado,IDECA/Catastro Bogotá - Puestos de Votación 2023,SUBA - FONTANAR,2,2,0,160,0,1,0,1,100.0,0.0,A7
1600111A8,11,A8,Centro Felicidad Fontanar del Río,CENTRO FELICIDAD FONTANAR DEL RÍO,CENTRO FELICIDAD FONTANAR DEL RÍO,Centro Felicidad Fontanar del Río,Centro Felicidad Fontanar del Río,11,Suba,DIAG 145 # 138 A - 10,4.754179825999984,-74.11067523399998,geocodificado,IDECA/Catastro Bogotá - Puestos de Votación 2023,SUBA - FONTANAR,8,8,2,40,1,3,4,0,100.0,25.0,A8
1600111A9,11,A9,Colegio Jaime Niño Diez,COLEGIO JAIME NIÑO DIEZ,COLEGIO JAIME NIÑO DIEZ,Colegio Jaime Niño Diez,Colegio Jaime Niño Diez,11,Suba,AV CRA 109 B # 145 - 17,4.748855746999993,-74.09904507700003,geocodificado,IDECA/Catastro Bogotá - Puestos de Votación 2023,SUBA – FLORES,15,14,1,142,1,3,2,8,93.3,6.7,A9
1600111B1,11,B1,Salón Comunal Alcaparros,SALON COMUNAL ALCAPARROS,SALON COMUNAL ALCAPARROS,Salón Comunal Alcaparros,Salón Comunal Alcaparros,11,Suba,"CLL 132 B Bis # 105 - 00 / 
CL 132 # 105 B - 00",4.736757354000019,-74.10094384400003,geocodificado,IDECA/Catastro Bogotá - Puestos de Votación 2023,SUBA – FLORES,6,6,2,35,0,3,1,2,100.0,33.3,B1
1600111B2,11,B2,Salón Comunal Amberes,SALÓN COMUNAL AMBERES,SALÓN COMUNAL AMBERES,Salón Comunal Amberes,Salón Comunal Amberes,11,Suba,CRA 92 # 128 B - 41,4.722790875999976,-74.09103834799998,geocodificado,IDECA/Catastro Bogotá - Puestos de Votación 2023,SUBA – RINCÓN,4,2,1,4,1,1,0,0,50.0,25.0,B2
1600111B3,11,B3,Salón Comunal Bilbao,SALÓN COMUNAL BILBAO,SALÓN COMUNAL BILBAO,Salón Comunal Bilbao,Salón Comunal Bilbao,11,Suba,CLL 144 # 147 A - 13,4.752773520999995,-74.117741379,geocodificado,IDECA/Catastro Bogotá - Puestos de Votación 2023,SUBA – FLORES,1,1,0,5,0,1,0,0,100.0,0.0,B3
1600111B4,11,B4,Salón Comunal Lisboa,SALÓN COMUNAL LISBOA,SALÓN COMUNAL LISBOA,Salón Comunal Lisboa,Salón Comunal Lisboa,11,Suba,CRA 151 Bis #132 A-05,4.743482685999993,-74.12137760500002,geocodificado,IDECA/Catastro Bogotá - Puestos de Votación 2023,SUBA – LISBOA,4,4,1,40,0,0,1,3,100.0,25.0,B4
1600111B5,11,B5,Salón Comunal El Pórtico,SALÓN COMUNAL EL PÓRTICO,SALÓN COMUNAL EL PÓRTICO,Salón Comunal El Pórtico,Salón Comunal El Pórtico,11,Suba,CLL 141 A # 99 B - 02,4.742774559999987,-74.09183927999999,geocodificado,IDECA/Catastro Bogotá - Puestos de Votación 2023,SUBA – EL PINAR,8,8,1,46,2,3,2,1,100.0,12.5,B5
1600111B6,11,B6,Salón Comunal Villa Hermosa	,SALÓN COMUNAL VILLA HERMOSA,SALÓN COMUNAL VILLA HERMOSA,Salón Comunal Villa Hermosa	,Salón Comunal Villa Hermosa	,11,Suba,CRA 101 # 158 - 43,4.757356463000008,-74.08742610299998,geocodificado,IDECA/Catastro Bogotá - Puestos de Votación 2023,SUBA - LAS MERCEDES,1,1,0,4,0,1,0,0,100.0,0.0,B6
160011201,12,01,Cancha detrás de Olimpica,LA CASTELLANA,LA CASTELLANA,Cancha detrás de Olimpica,La Castellana,12,Barrios Unidos,"CRA 47 A con CLL 94 Cancha Parque / 
CRA 48 # 94 - 02",4.682589826000026,-74.06048851999998,geocodificado,IDECA/Catastro Bogotá - Puestos de Votación 2023,FERIAS,4,4,2,20,0,3,0,1,100.0,50.0,1
160011202,12,02,Colegio Distrital Faustino Sarmiento - Sede A,RIONEGRO,RIONEGRO,Colegio Distrital Faustino Sarmiento - Sede A,Rionegro,12,Barrios Unidos,TRV 60 # 95 - 51,4.684978808999972,-74.06649724900001,geocodificado,IDECA/Catastro Bogotá - Puestos de Votación 2023,FERIAS,3,3,2,33,0,1,0,2,100.0,66.7,2
160011203,12,03,Fundación Educativa Santa María,PATRIA,PATRIA,Fundación Educativa Santa María,Patria,12,Barrios Unidos,CRA 50 # 90 - 50,4.6790756519999945,-74.06517255400001,geocodificado,IDECA/Catastro Bogotá - Puestos de Votación 2023,FERIAS,4,4,1,3,2,2,0,0,100.0,25.0,3
160011204,12,04,Colegio Distrital Rafaél Bernal Jiménez - Sede B,GAITAN,GAITAN,Colegio Distrital Rafaél Bernal Jiménez - Sede B,Gaitán,12,Barrios Unidos,CRA 54 # 78 - 85,4.674229416999992,-74.072451979,geocodificado,IDECA/Catastro Bogotá - Puestos de Votación 2023,FERIAS,4,3,0,16,0,2,1,0,75.0,0.0,4
160011205,12,05,Parqueadero Conjunto Residencial Entre Ríos,ENTRE RIOS,ENTRE RIOS,Parqueadero Conjunto Residencial Entre Ríos,Entre Ríos,12,Barrios Unidos,"CRA 62 # 83 - 02 / 
AV CLL 80 # 58 - 84 ",4.6803001519999725,-74.07541462,geocodificado,IDECA/Catastro Bogotá - Puestos de Votación 2023,FERIAS,6,3,0,45,0,1,1,1,50.0,0.0,5
160011206,12,06,Centro Comercial Metrópolis,METROPOLIS,METROPOLIS,Centro Comercial Metrópolis,Metrópolis,12,Barrios Unidos,AV CRA 68 # 75 A - 50,4.680544726999983,-74.08229831400001,geocodificado,IDECA/Catastro Bogotá - Puestos de Votación 2023,FERIAS,13,10,3,52,4,2,0,4,76.9,23.1,6
160011207,12,07,Colegio Distrital Tomás Carrasquilla - sede A,SIMON BOLIVAR,SIMON BOLIVAR,Colegio Distrital Tomás Carrasquilla - sede A,Simón Bolívar,12,Barrios Unidos,CLL 74 A # 62 - 44,4.675761623000028,-74.08023466100002,geocodificado,IDECA/Catastro Bogotá - Puestos de Votación 2023,FERIAS,16,15,8,187,0,5,4,6,93.8,50.0,7
160011208,12,08,Fundación Universitaria Monserrate - UNIMONSERRATE,JOSE JOAQUIN VARGAS,JOSE JOAQUIN VARGAS,Fundación Universitaria Monserrate - UNIMONSERRATE,José Joaquín Vargas,12,Barrios Unidos,AV CLL 68 # 62 - 11,4.672682597000005,-74.08314810399997,geocodificado,IDECA/Catastro Bogotá - Puestos de Votación 2023,FERIAS,20,19,5,200,1,7,1,10,95.0,25.0,8
160011209,12,09,Colegio Distrital República de Panamá Sede A,SAN FERNANDO,SAN FERNANDO,Colegio Distrital República de Panamá Sede A,San Fernando,12,Barrios Unidos,CRA 57 A # 74 A - 32,4.672777721999978,-74.076704812,geocodificado,IDECA/Catastro Bogotá - Puestos de Votación 2023,FERIAS,22,22,6,248,4,5,4,9,100.0,27.3,9
160011210,12,10,Colegio Distrital Jorge Eliecer Gaitán - Sede A,POPULAR MODELO,POPULAR MODELO,Colegio Distrital Jorge Eliecer Gaitán - Sede A,Popular Modelo,12,Barrios Unidos,"CLL 66 A # 56 B – 35 / 
CLL 66 A # 56 - 25",4.665450646000011,-74.08165929299997,geocodificado,IDECA/Catastro Bogotá - Puestos de Votación 2023,FERIAS,17,17,2,172,2,5,3,7,100.0,11.8,10
160011211,12,11,Colegio Distrital  Francisco Primero Sede C,12 DE OCTUBRE,12 DE OCTUBRE,Colegio Distrital  Francisco Primero Sede C,12 de Octubre,12,Barrios Unidos,CRA 29 C # 71 C - 11,4.6669419379999795,-74.07335095100001,geocodificado,IDECA/Catastro Bogotá - Puestos de Votación 2023,FERIAS,11,10,3,96,2,2,4,2,90.9,27.3,11
160011212,12,12,Colegio Distrital Juan Francisco Berbeo - Sede A,SANTA SOFIA,SANTA SOFIA,Colegio Distrital Juan Francisco Berbeo - Sede A,Santa Sofía,12,Barrios Unidos,"CRA 28 B # 78 - 40 / 
CRA 28 B # 78 - 30 ",4.670677322000017,-74.06707617900003,geocodificado,IDECA/Catastro Bogotá - Puestos de Votación 2023,FERIAS,4,4,1,33,0,2,1,1,100.0,25.0,12
160011213,12,13,Alianza Cristiana y Misionera Colombiana,POLO CLUB,POLO CLUB,Alianza Cristiana y Misionera Colombiana,Polo Club,12,Barrios Unidos,AV CRA 20 (Autopista norte) # 81 - 55,4.669161303999999,-74.060700166,geocodificado,IDECA/Catastro Bogotá - Puestos de Votación 2023,LA COLINA,2,2,0,3,0,2,0,0,100.0,0.0,13
160011214,12,14,Colegio Distrital Juan Francisco Berbeo - Sede B,SAN FELIPE,SAN FELIPE,Colegio Distrital Juan Francisco Berbeo - Sede B,San Felipe,12,Barrios Unidos,"CLL 77 # 22 - 66 / 
CLL 77 # 22 - 68",4.666845969000008,-74.06340934299999,geocodificado,IDECA/Catastro Bogotá - Puestos de Votación 2023,CHAPINERO,5,5,3,9,2,3,0,0,100.0,60.0,14
160011215,12,15,Colegio San Felipe Neri,LOS ALCAZARES,LOS ALCAZARES,Colegio San Felipe Neri,Los Alcázares,12,Barrios Unidos,CRA 27 C # 71 - 80,4.663748038999984,-74.07035057899998,geocodificado,IDECA/Catastro Bogotá - Puestos de Votación 2023,CHAPINERO,9,8,2,42,2,4,1,1,88.9,22.2,15
160011216,12,16,Colegio Distrital Francisco primero Sede Manuela Ayala,LA PAZ,LA PAZ,Colegio Distrital Francisco primero Sede Manuela Ayala,La Paz,12,Barrios Unidos,CRA 28 B # 65 - 80,4.660220165999988,-74.07520913799999,geocodificado,IDECA/Catastro Bogotá - Puestos de Votación 2023,CHAPINERO,7,6,1,30,0,4,1,1,85.7,14.3,16
160011217,12,17,Colegio Mercedario San Pedro,COLOMBIA,COLOMBIA,Colegio Mercedario San Pedro,Colombia,12,Barrios Unidos,CLL 69 # 17 - 39,4.657375871999989,-74.06551906300001,geocodificado,IDECA/Catastro Bogotá - Puestos de Votación 2023,CHAPINERO,3,3,0,3,2,1,0,0,100.0,0.0,17
160011218,12,18,Colegio Distrital Heladia Mejía - Sede B,LA MUEQUETA,LA MUEQUETA,Colegio Distrital Heladia Mejía - Sede B,La Muequeta,12,Barrios Unidos,CLL 64 # 20 - 21,4.654475366999975,-74.06936124999999,geocodificado,IDECA/Catastro Bogotá - Puestos de Votación 2023,CHAPINERO,3,3,0,1,2,1,0,0,100.0,0.0,18
160011219,12,19,Universidad del Rosario,SIETE DE AGOSTO,SIETE DE AGOSTO,Universidad del Rosario,Siete de Agosto,12,Barrios Unidos,CRA 24 # 63 C - 69,4.654623555000001,-74.07208126500001,geocodificado,IDECA/Catastro Bogotá - Puestos de Votación 2023,CHAPINERO,14,14,4,220,0,5,2,7,100.0,28.6,19
160011220,12,20,Colegio Distrital Francisco Primero Sede Alemania,BENJAMIN HERRERA,BENJAMIN HERRERA,Colegio Distrital Francisco Primero Sede Alemania,Benjamín Herrera,12,Barrios Unidos,CRA 28 # 63 - 64,4.652273763999972,-74.07567930200003,geocodificado,IDECA/Catastro Bogotá - Puestos de Votación 2023,CHAPINERO,9,8,1,23,3,4,1,0,88.9,11.1,20
160011221,12,21,Polideportivo Polo,POLIDEPORTIVO  POLO,POLIDEPORTIVO  POLO,Polideportivo Polo,Polideportivo Polo,12,Barrios Unidos,CLL 86 A # 24 - 06,4.675465851000013,-74.06335674899998,geocodificado,IDECA/Catastro Bogotá - Puestos de Votación 2023,CHAPINERO,3,3,1,19,0,1,2,0,100.0,33.3,21
160011222,12,22,Centro Comercial ISERRA 100,ISERRA 100,ISERRA 100,Centro Comercial ISERRA 100,ISERRA 100,12,Barrios Unidos,TRV 55 # 98 A - 66,4.687820715999976,-74.06459721800002,geocodificado,IDECA/Catastro Bogotá - Puestos de Votación 2023,LA COLINA,5,5,0,6,2,3,0,0,100.0,0.0,22
160011223,12,23,Colegio Distrital Jorge Eliecer Gaitán - Sede A,SAN MIGUEL,SAN MIGUEL,Colegio Distrital Jorge Eliecer Gaitán - Sede A,San Miguel,12,Barrios Unidos,"CLL 66 A # 43 - 25 / 
CLL 66 A # 56 - 25 ",4.66505762700001,-74.08108761400001,geocodificado,IDECA/Catastro Bogotá - Puestos de Votación 2023,FERIAS,4,2,1,36,0,1,0,1,50.0,25.0,23
160011224,12,24,Plaza de Los Artesanos,PLAZA DE LOS ARTESANOS,PLAZA DE LOS ARTESANOS,Plaza de Los Artesanos,Plaza de Los Artesanos,12,Barrios Unidos,"CRA 60 # 63 A - 52/
AV CRA 60 # 63 - 64",4.664194990999988,-74.08583786700001,geocodificado,IDECA/Catastro Bogotá - Puestos de Votación 2023,FERIAS,4,4,2,19,1,1,2,0,100.0,50.0,24
160011225,12,25,Centro Comercial CAFAM Floresta,CAFAM AV. 68,CAFAM AV. 68,Centro Comercial CAFAM Floresta,CAFAM AV 68,12,Barrios Unidos,"AV CRA 68 # 96 - 50 /
AV CRA 68 # 90 - 88",4.687277919999985,-74.07401911699998,geocodificado,IDECA/Catastro Bogotá - Puestos de Votación 2023,FERIAS,23,22,0,170,6,7,0,9,95.7,0.0,25
160011226,12,26,Colegio Distrital Jorge Eliecer Gaitán - Sede B,JORGE ELIECER GAITAN SEDE B PRIMARIA,JORGE ELIECER GAITAN SEDE B PRIMARIA,Colegio Distrital Jorge Eliecer Gaitán - Sede B,Jorge Eliecer Gaitán Sede B Primaria,12,Barrios Unidos,AV CLL 72 # 58 - 75,4.672517880999976,-74.07983929699998,geocodificado,IDECA/Catastro Bogotá - Puestos de Votación 2023,FERIAS,13,12,5,217,1,3,0,8,92.3,38.5,26
160011227,12,27,Colegio Distrital República de Panamá - Sede C,REPUBLICA DE PANAMA SEDE C,REPUBLICA DE PANAMA SEDE C,Colegio Distrital República de Panamá - Sede C,República de Panamá Sede C,12,Barrios Unidos,CLL 78 # 58 - 60,4.676408761999994,-74.076579531,geocodificado,IDECA/Catastro Bogotá - Puestos de Votación 2023,FERIAS,11,11,5,150,1,3,1,6,100.0,45.5,27
160011228,12,28,Colegio Distrital Lorencita Villegas de Santos,LORENCITA VILLEGAS DE SANTOS,LORENCITA VILLEGAS DE SANTOS,Colegio Distrital Lorencita Villegas de Santos,Lorencita Villegas de Santos,12,Barrios Unidos,CRA 52 # 76 - 63,4.672640182000009,-74.07196111600001,geocodificado,IDECA/Catastro Bogotá - Puestos de Votación 2023,CHAPINERO,1,1,0,0,1,0,0,0,100.0,0.0,28
160011229,12,29,Colegio Distrital Heladía Mejía Sede A,HELADIA MEJIA SEDE A,HELADIA MEJIA SEDE A,Colegio Distrital Heladía Mejía Sede A,Heladia Mejía Sede A,12,Barrios Unidos,"CLL 65 A # 15 - 64 / 
CLL 65 A # 15A - 02",4.653123515999994,-74.06566702999999,geocodificado,IDECA/Catastro Bogotá - Puestos de Votación 2023,CHAPINERO,1,1,1,20,0,0,0,1,100.0,100.0,29
160011230,12,30,Colegio Distrital Domingo Faustino Sarmiento Sede B,DOMINGO FAUSTINO SARMIENTO SEDE B,DOMINGO FAUSTINO SARMIENTO SEDE B,Colegio Distrital Domingo Faustino Sarmiento Sede B,Domingo Faustino Sarmiento Sede B,12,Barrios Unidos,CLL 91 A # 60 - 01,4.680526826000005,-74.06668701000001,geocodificado,IDECA/Catastro Bogotá - Puestos de Votación 2023,FERIAS,2,2,1,19,0,1,0,1,100.0,50.0,30
160011231,12,31,Jardín Infantil Santa Sofía,11 DE NOVIEMBRE,11 DE NOVIEMBRE,Jardín Infantil Santa Sofía,11 de Noviembre,12,Barrios Unidos,CRA 28 B #75 - 11 ,4.668502697000008,-74.06914313800002,geocodificado,IDECA/Catastro Bogotá - Puestos de Votación 2023,CHAPINERO,2,1,0,1,0,1,0,0,50.0,0.0,31
160011232,12,32,Colegio Distrital Rafael Bernal Jimenez Sede A,RAFAEL BERNAL JIMENEZ SEDE A,RAFAEL BERNAL JIMENEZ SEDE A,Colegio Distrital Rafael Bernal Jimenez Sede A,Rafael Bernal Jimenez Sede A,12,Barrios Unidos,CRA 53 # 75 - 17,4.671847538999998,-74.073501238,geocodificado,IDECA/Catastro Bogotá - Puestos de Votación 2023,FERIAS,2,2,0,14,0,1,0,1,100.0,0.0,32
160011236,12,36,Fundación Universitaria Los Libertadores,FUNDACION UNIVERSITARIA LOS LIBERTADORES,FUNDACION UNIVERSITARIA LOS LIBERTADORES,Fundación Universitaria Los Libertadores,Fundación Universitaria Los Libertadores,12,Barrios Unidos,CRA 16 # 63 A - 68,4.651561425000011,-74.06636835799998,geocodificado,IDECA/Catastro Bogotá - Puestos de Votación 2023,CHAPINERO,2,2,0,1,1,1,0,0,100.0,0.0,36
160011237,12,37,Casa Comunal y Cultural Rionegro,CASA COMUNAL Y CULTURAL RIONEGRO,CASA COMUNAL Y CULTURAL RIONEGRO,Casa Comunal y Cultural Rionegro,Casa Comunal y Cultural Rionegro,12,Barrios Unidos,CLL 94 # 59 - 17,4.682830808000006,-74.06604031299997,geocodificado,IDECA/Catastro Bogotá - Puestos de Votación 2023,FERIAS,2,2,0,3,0,2,0,0,100.0,0.0,37
160011301,13,01,Colegio Distrital Manuela Beltrán,DIVINO SALVADOR,DIVINO SALVADOR,Colegio Distrital Manuela Beltrán,Divino Salvador,13,Teusaquillo,CRA 14 A # 57 - 28,4.644427045999976,-74.06639656599998,geocodificado,IDECA/Catastro Bogotá - Puestos de Votación 2023,CHAPINERO,16,14,7,244,1,0,2,11,87.5,43.8,1
160011302,13,02,Colegio Antonio Nariño,SAN LUIS,SAN LUIS,Colegio Antonio Nariño,San Luis,13,Teusaquillo,CL 61 16 15,4.648300914000004,-74.067261949,geocodificado,IDECA/Catastro Bogotá - Puestos de Votación 2023,CHAPINERO,31,31,22,232,4,10,6,11,100.0,71.0,2
160011304,13,04,Colegio de la Contraloría,NICOLAS DE FEDERMAN,NICOLAS DE FEDERMAN,Colegio de la Contraloría,Nicolás de Federmán,13,Teusaquillo,CLL 57 B # 37 - 34,4.64823875899998,-74.081988879,geocodificado,IDECA/Catastro Bogotá - Puestos de Votación 2023,CHAPINERO,8,7,2,69,0,1,3,3,87.5,25.0,4
160011305,13,05,Plazoleta Pablo VI,PABLO VI,PABLO VI,Plazoleta Pablo VI,Pablo VI,13,Teusaquillo,"CRA 53 con CLL 57 B (Plazoleta) / 
CLL 57A # 53 - 21",4.649792882999975,-74.08685655099998,geocodificado,IDECA/Catastro Bogotá - Puestos de Votación 2023,CHAPINERO,7,5,2,34,1,2,0,2,71.4,28.6,5
160011306,13,06,Salón Comunal Salitre Greco,EL SALITRE,EL SALITRE,Salón Comunal Salitre Greco,El Salitre,13,Teusaquillo,CLL 46 # 67 A - 35,4.655930619999992,-74.100110019,geocodificado,IDECA/Catastro Bogotá - Puestos de Votación 2023,FERIAS,6,6,0,1,5,1,0,0,100.0,0.0,6
160011307,13,07,Colegio Calazanz Femenino,LA ESMERALDA,LA ESMERALDA,Colegio Calazanz Femenino,La Esmeralda,13,Teusaquillo,"CLL 44 C # 55 - 50 /
CLL 45 # 54 - 51",4.6472539979999965,-74.09103470999997,geocodificado,IDECA/Catastro Bogotá - Puestos de Votación 2023,CHAPINERO,10,10,9,90,1,1,3,5,100.0,90.0,7
160011308,13,08,Parqueadero Centro Médico Cafam,CAFAM CALLE 51,CAFAM CALLE 51,Parqueadero Centro Médico Cafam,Cafam CLL 51,13,Teusaquillo,"CRA 16 # 51 - 20 / 
CRA 16 # 51 - 26 (Parqueadero)",4.639022792999981,-74.06838478600002,geocodificado,IDECA/Catastro Bogotá - Puestos de Votación 2023,CHAPINERO,5,5,1,47,2,1,0,2,100.0,20.0,8
160011309,13,09,Colegio Distrital Palermo,PALERMO,PALERMO,Colegio Distrital Palermo,Palermo,13,Teusaquillo,CRA 23 # 49 - 37,4.638043201000016,-74.07408780600002,geocodificado,IDECA/Catastro Bogotá - Puestos de Votación 2023,CHAPINERO,6,6,3,20,2,3,0,1,100.0,50.0,9
160011310,13,10,Colegio Americano,COLEGIO AMERICANO,COLEGIO AMERICANO,Colegio Americano,Colegio Americano,13,Teusaquillo,CRA 22 # 45 A - 51,4.634310555000013,-74.07409025700002,geocodificado,IDECA/Catastro Bogotá - Puestos de Votación 2023,CHAPINERO,7,7,2,118,2,3,0,2,100.0,28.6,10
160011311,13,11,Gimnasio Boyacá,COLEGIO MONTEHELENA,COLEGIO MONTEHELENA,Gimnasio Boyacá,Belalcazar,13,Teusaquillo,CRA 27 # 45 A - 63,4.635412690999999,-74.07762638700001,geocodificado,IDECA/Catastro Bogotá - Puestos de Votación 2023,CHAPINERO,2,1,1,4,0,1,0,0,50.0,50.0,11
160011312,13,12,Hemeroteca Nacional,HEMEROTECA NACIONAL,HEMEROTECA NACIONAL,Hemeroteca Nacional,Quinta Paredes A,13,Teusaquillo,AV Dorado CLL 26 # 44 A - 40,4.636170902999993,-74.09153300899999,geocodificado,IDECA/Catastro Bogotá - Puestos de Votación 2023,CHAPINERO,3,3,2,24,1,0,0,2,100.0,66.7,12
160011313,13,13,Gimnasio Mackinley,GIMNASIO WILLIAM MACKINLEY,GIMNASIO WILLIAM MACKINLEY,Gimnasio Mackinley,Quinta Paredes B,13,Teusaquillo,AV CLL 24 # 48 - 53,4.63701808899998,-74.09760863600002,geocodificado,IDECA/Catastro Bogotá - Puestos de Votación 2023,CHAPINERO,8,8,4,23,4,2,2,0,100.0,50.0,13
160011314,13,14,Acueducto,CENTRO NARIÑO,CENTRO NARIÑO,Acueducto,Centro Nariño,13,Teusaquillo,AV CLL 24 # 37 - 27,4.628473686000007,-74.09149145200001,geocodificado,IDECA/Catastro Bogotá - Puestos de Votación 2023,CHAPINERO,3,3,3,42,0,0,1,2,100.0,100.0,14
160011315,13,15,Instituto Distrital Manuela Beltrán,RESIDENCIAS B.C.H.,RESIDENCIAS B.C.H.,Instituto Distrital Manuela Beltrán,Residencias B.C.H.,13,Teusaquillo,CRA 32 A # 27 - 18,4.629672907999975,-74.08162454299998,geocodificado,IDECA/Catastro Bogotá - Puestos de Votación 2023,SANTANDER,2,1,0,11,0,0,0,1,50.0,0.0,15
160011317,13,17,Colegio Champagnat,LA MAGDALENA,LA MAGDALENA,Colegio Champagnat,La Magdalena,13,Teusaquillo,CRA 17 # 39 B - 51,4.629350957999975,-74.07105250500001,geocodificado,IDECA/Catastro Bogotá - Puestos de Votación 2023,CHAPINERO,4,4,2,37,0,2,0,2,100.0,50.0,17
160011318,13,18,Fundación Universitaria Compensar (Sede K),TEUSAQUILLO,TEUSAQUILLO,Fundación Universitaria Compensar (Sede K),Teusaquillo,13,Teusaquillo,CLL 32 A # 17 - 14,4.621280332000026,-74.07273435500002,geocodificado,IDECA/Catastro Bogotá - Puestos de Votación 2023,CHAPINERO,8,7,3,31,4,0,2,1,87.5,37.5,18
160011320,13,20,Escuela Superior de Administración Pública - ESAP,RAFAEL NUÑEZ,RAFAEL NUÑEZ,Escuela Superior de Administración Pública - ESAP,Rafael Nuñez,13,Teusaquillo,CLL 44 # 53 - 37,4.644623937999995,-74.09262937300002,geocodificado,IDECA/Catastro Bogotá - Puestos de Votación 2023,CHAPINERO,18,16,5,163,4,3,4,5,88.9,27.8,20
160011321,13,21,Plazoleta Centro Comercial Gran Estación,CIUDAD SALITRE,CIUDAD SALITRE,Plazoleta Centro Comercial Gran Estación,Ciudad Salitre,13,Teusaquillo,"AV CLL 26 # 62 - 47 /
AV CLL 26 # 60 - 61",4.648558777999995,-74.10117280899999,geocodificado,IDECA/Catastro Bogotá - Puestos de Votación 2023,LA COLINA,3,2,1,12,0,1,1,0,66.7,33.3,21
160011322,13,22,Liceo Parroquial Sara Zapata,LICEO PARROQUIAL SARA ZAPATA,LICEO PARROQUIAL SARA ZAPATA,Liceo Parroquial Sara Zapata,Liceo Parroquial Sara Zapata,13,Teusaquillo,CRA 22 # 51 - 68,4.64012932899999,-74.07275262899998,geocodificado,IDECA/Catastro Bogotá - Puestos de Votación 2023,CHAPINERO,4,4,4,22,1,1,1,1,100.0,100.0,22
160011323,13,23,Salón Comunal Acevedo Tejada,ACEVEDO TEJADA,ACEVEDO TEJADA,Salón Comunal Acevedo Tejada,Acevedo Tejada,13,Teusaquillo,"CRA 32 A # 27 A - 16/
CRA 32 A # 27 A -20",4.629908999999998,-74.08123899999998,geocodificado,IDECA/Catastro Bogotá - Puestos de Votación 2023,CHAPINERO,1,1,1,5,0,1,0,0,100.0,100.0,23
160011324,13,24,Biblioteca Virgilio Barco,BIBLIOTECA VIRGILIO BARCO,BIBLIOTECA VIRGILIO BARCO,Biblioteca Virgilio Barco,Biblioteca Virgilio Barco,13,Teusaquillo,AV CRA 60 # 57 - 60,4.657094266999991,-74.08867879899998,geocodificado,IDECA/Catastro Bogotá - Puestos de Votación 2023,CHAPINERO,2,0,0,0,0,0,0,0,0.0,0.0,24
160011325,13,25,Imprenta Nacional,IMPRENTA NACIONAL,IMPRENTA NACIONAL,Imprenta Nacional,Imprenta Nacional,13,Teusaquillo,CRA 66 # 24 - 09,4.649000000000001,-74.10539999999997,geocodificado,IDECA/Catastro Bogotá - Puestos de Votación 2023,CHAPINERO,6,5,2,70,1,3,0,1,83.3,33.3,25
160011326,13,26,Colegio Nuestra Señora del Pilar,COLEGIO DEL PILAR,COLEGIO DEL PILAR,Colegio Nuestra Señora del Pilar,Colegio del Pilar,13,Teusaquillo,CLL 62 # 27 A - 12,4.650735227999974,-74.075276438,geocodificado,IDECA/Catastro Bogotá - Puestos de Votación 2023,CHAPINERO,3,3,3,44,0,0,0,3,100.0,100.0,26
160011327,13,27,Universidad ECCI - Sede G,UNIVERSIDAD ECCI - SEDE G,UNIVERSIDAD ECCI - SEDE G,Universidad ECCI - Sede G,Universidad ECCI - Sede G,13,Teusaquillo,CRA 19 # 48 - 32,4.636799854000003,-74.07135072599999,geocodificado,IDECA/Catastro Bogotá - Puestos de Votación 2023,CHAPINERO,4,3,0,67,0,1,0,2,75.0,0.0,27
160011328,13,28,Colegio Santa Clara,COLEGIO SANTA CLARA,COLEGIO SANTA CLARA,Colegio Santa Clara,Colegio Santa Clara,13,Teusaquillo,AV CRA 28 # 35 - 35,4.624980997000023,-74.07672482100003,geocodificado,IDECA/Catastro Bogotá - Puestos de Votación 2023,CHAPINERO,4,4,2,62,0,1,0,3,100.0,50.0,28
160011331,13,31,Sistema Distrital de Servicio a la Ciudadanía - Supercade CAD,SUPERCADE CAD,SUPERCADE CAD,Sistema Distrital de Servicio a la Ciudadanía - Supercade CAD,Supercade CAD,13,Teusaquillo,CRA 30 # 25 - 90,4.625532340999996,-74.081505773,geocodificado,IDECA/Catastro Bogotá - Puestos de Votación 2023,CHAPINERO,6,6,5,23,0,5,0,1,100.0,83.3,31
160011332,13,32,Centro Comercial Galerías,CENTRO COMERCIAL GALERIAS,CENTRO COMERCIAL GALERIAS,Centro Comercial Galerías,Centro Comercial Galerías,13,Teusaquillo,CLL 53 B # 25 - 21,4.643162798999981,-74.07494141799998,geocodificado,IDECA/Catastro Bogotá - Puestos de Votación 2023,CHAPINERO,20,19,8,212,4,3,4,8,95.0,40.0,32
160011333,13,33,Universidad Antonio Nariño,UNIV  ANTONIO NARIÑO TEUSAQUILLO,UNIV  ANTONIO NARIÑO TEUSAQUILLO,Universidad Antonio Nariño,Universidad Antonio Nariño,13,Teusaquillo,CLL 58 A Bis # 37 - 94,4.649932786000022,-74.08236803400001,geocodificado,IDECA/Catastro Bogotá - Puestos de Votación 2023,CHAPINERO,2,2,0,5,1,1,0,0,100.0,0.0,33
160011334,13,34,UNIEMPRESARIAL,UNIEMPRESARIAL,UNIEMPRESARIAL,UNIEMPRESARIAL,UNIEMPRESARIAL,13,Teusaquillo,CRA 33 A # 30 - 20,4.632361516000003,-74.08094666900001,geocodificado,IDECA/Catastro Bogotá - Puestos de Votación 2023,FERIAS,1,1,0,0,1,0,0,0,100.0,0.0,34
160011336,13,36,Jardin Infantil Orixas,JARDIN INF. AFRO EL MUNDO DE LOS ORIXAS,JARDIN INF. AFRO EL MUNDO DE LOS ORIXAS,Jardin Infantil Orixas,Jardin Infantil Orixas,13,Teusaquillo,CLL 45 C # 24 - 42,4.635965027999987,-74.075429773,geocodificado,IDECA/Catastro Bogotá - Puestos de Votación 2023,CHAPINERO,2,2,1,8,0,2,0,0,100.0,50.0,36
160011337,13,37,Universidad UNINPAHU,UNINPAHU,UNINPAHU,Universidad UNINPAHU,UNINPAHU,13,Teusaquillo,DIAG 40 A # 15 - 59,4.628982372999985,-74.06999030899999,geocodificado,IDECA/Catastro Bogotá - Puestos de Votación 2023,CHAPINERO,1,1,1,9,0,0,1,0,100.0,100.0,37
160011401,14,01,Colegio Distrital República Bolivariana de Venezuela - Sede A,SANTA FE,SANTA FE,Colegio Distrital República Bolivariana de Venezuela - Sede A,Santa Fé,14,Mártires,CLL 22 A # 18 B - 42,4.615162795000003,-74.079404382,geocodificado,IDECA/Catastro Bogotá - Puestos de Votación 2023,CHAPINERO,2,2,0,2,1,1,0,0,100.0,0.0,1
160011404,14,04,Salones de la Estación,ESTACION DE LA SABANA,ESTACION DE LA SABANA,Salones de la Estación,Estación de la Sabana,14,Mártires,CLL 13 # 18 - 24,4.607028937999985,-74.08335137199998,geocodificado,IDECA/Catastro Bogotá - Puestos de Votación 2023,GALAN,4,3,0,11,1,1,0,1,75.0,0.0,4
160011405,14,05,Colegio Distrital Antonio Ricaurte - Sede B,RICAURTE,RICAURTE,Colegio Distrital Antonio Ricaurte - Sede B,Ricaurte,14,Mártires,CLL 10 # 29 - 64,4.610112400999981,-74.094479622,geocodificado,IDECA/Catastro Bogotá - Puestos de Votación 2023,SANTANDER,6,5,2,56,0,1,1,3,83.3,33.3,5
160011406,14,06,La Estanzuela - IED Antonia Santos ,LA ESTANZUELA - IED ANTONIA SANTOS,LA ESTANZUELA - IED ANTONIA SANTOS,La Estanzuela - IED Antonia Santos ,La Estanzuela - IED Antonia Santos ,14,Mártires,CRA 22 # 12 - 49,4.608303107999973,-74.08799466300002,geocodificado,IDECA/Catastro Bogotá - Puestos de Votación 2023,SANTANDER,6,6,1,149,1,3,0,2,100.0,16.7,6
160011407,14,07,Salón Comunal Barrio El Progreso,VERAGUAS,VERAGUAS,Salón Comunal Barrio El Progreso,Veraguas,14,Mártires,CLL 5 A # 26 A - 39,4.602877286000023,-74.09628110900002,geocodificado,IDECA/Catastro Bogotá - Puestos de Votación 2023,SANTANDER,3,3,0,9,1,2,0,0,100.0,0.0,7
160011408,14,08,Centro Crecer,CENTRO CRECER,CENTRO CRECER,Centro Crecer,Centro Crecer,14,Mártires,AV CLL 1 # 24 B - 26,4.594708292000007,-74.09769647399997,geocodificado,IDECA/Catastro Bogotá - Puestos de Votación 2023,SANTANDER,4,4,0,59,2,0,1,1,100.0,0.0,8
160011409,14,09,Colegio Distrital San Francisco de Asís - Sede B,EL VERGEL,EL VERGEL,Colegio Distrital San Francisco de Asís - Sede B,El Vergel,14,Mártires,"CRA 21  # 1 D – 06 / 
CRA 21 # 1 H – 06",4.596321871999976,-74.09426546999998,geocodificado,IDECA/Catastro Bogotá - Puestos de Votación 2023,SANTANDER,6,5,1,13,2,2,0,1,83.3,16.7,9
160011411,14,11,Colegio Nuestra Señora de la Presentación,SAN FASON,SAN FASON,Colegio Nuestra Señora de la Presentación,San Fason,14,Mártires,CLL 19 # 19 - 27,4.612162252000019,-74.08133885900003,geocodificado,IDECA/Catastro Bogotá - Puestos de Votación 2023,SANTANDER,1,1,0,1,0,1,0,0,100.0,0.0,11
160011413,14,13,Colegio Distrital Panamericano,PANAMERICANO,PANAMERICANO,Colegio Distrital Panamericano,Panamericano,14,Mártires,CRA 27 # 24 C - 19,4.623057107000022,-74.07883500499997,geocodificado,IDECA/Catastro Bogotá - Puestos de Votación 2023,GALAN,3,3,0,22,0,1,1,1,100.0,0.0,13
160011415,14,15,Colegio Distrital Técnico Menorah,COLEGIO DISTRITAL TECNICO MENORAH,COLEGIO DISTRITAL TECNICO MENORAH,Colegio Distrital Técnico Menorah,Colegio Distrital Técnico Menorah,14,Mártires,"CRA 19 A # 1 C -56 / 
CRA 19 A # 1 C -64 /
CRA 19 A # 1 C - 19",4.59398292100002,-74.09278724299998,geocodificado,IDECA/Catastro Bogotá - Puestos de Votación 2023,SANTANDER,9,9,4,149,2,1,3,3,100.0,44.4,15
160011416,14,16,Centro Memoria,CENTRO MEMORIA,CENTRO MEMORIA,Centro Memoria,Centro Memoria,14,Mártires,CRA 19 B # 24 - 32,4.61868337300001,-74.07725251699998,geocodificado,IDECA/Catastro Bogotá - Puestos de Votación 2023,CHAPINERO,1,1,0,7,0,0,1,0,100.0,0.0,16
160011417,14,17,Salón Comunal Santa Isabel,SALON COMUNAL SANTA ISABEL,SALON COMUNAL SANTA ISABEL,Salón Comunal Santa Isabel,Salón Comunal Santa Isabel,14,Mártires,CLL 1 D Bis # 29 - 92,4.599747277999995,-74.102903287,geocodificado,IDECA/Catastro Bogotá - Puestos de Votación 2023,LA GRANJA,2,2,2,47,0,0,1,1,100.0,100.0,17
160011418,14,18,Centro Comercial Mallplaza,MALLPLAZA,MALLPLAZA,Centro Comercial Mallplaza,Mallplaza,14,Mártires,"AV NQS con 19 /
CRA 30 20 54 ",4.619226968000021,-74.08655260900002,geocodificado,IDECA/Catastro Bogotá - Puestos de Votación 2023,SANTANDER,6,6,1,32,2,3,0,1,100.0,16.7,18
160011419,14,19,Colegio Privado Bilingüe CEDAM,COLEGIO BILINGUE CEDAM,COLEGIO BILINGUE CEDAM,Colegio Privado Bilingüe CEDAM,Colegio Bilingüe CEDAM,14,Mártires,CLL 2 B # 27 A - 26,4.601268119999986,-74.09919003700003,geocodificado,IDECA/Catastro Bogotá - Puestos de Votación 2023,CHAPINERO,4,4,0,11,2,1,1,0,100.0,0.0,19
160011420,14,20,Salón Comunal Samper Mendoza,SALON COMUNAL SAMPER MENDOZA,SALON COMUNAL SAMPER MENDOZA,Salón Comunal Samper Mendoza,Salón Comunal Samper Mendoza,14,Mártires,CRA 26 # 22A - 16,4.618834873000026,-74.083170543,geocodificado,IDECA/Catastro Bogotá - Puestos de Votación 2023,CHAPINERO,1,1,0,0,1,0,0,0,100.0,0.0,20
160011421,14,21,Salón Comunal Usatama,SALON COMUNAL USATAMA,SALON COMUNAL USATAMA,Salón Comunal Usatama,Salón Comunal Usatama,14,Mártires,CLL 23 Bis # 29A - 40,4.623001547000001,-74.08347249000002,geocodificado,IDECA/Catastro Bogotá - Puestos de Votación 2023,CHAPINERO,1,1,0,0,1,0,0,0,100.0,0.0,21
160011423,14,23,San Vicente Plaza,SAN VICENTE PLAZA,SAN VICENTE PLAZA,San Vicente Plaza,San Vicente Plaza,14,Mártires,CRA 21 # 9- 31,4.605096058000015,-74.08936338500001,geocodificado,IDECA/Catastro Bogotá - Puestos de Votación 2023,GALAN,1,1,0,15,0,0,0,1,100.0,0.0,23
160011501,15,01,Colegio Distrital Jaime Pardo Leal,POLICARPA,POLICARPA,Colegio Distrital Jaime Pardo Leal,Policarpa,15,Antonio Nariño,"CRA 10 A Sur # 3 - 63/
CRA 10 A # 3 - 21 Sur",4.5866030010000145,-74.088220976,geocodificado,IDECA/Catastro Bogotá - Puestos de Votación 2023,SANTANDER,6,5,1,67,0,0,2,3,83.3,16.7,1
160011502,15,02,Escuela Superior Distrital María Montesory - Sede B,CIUDAD BERNA,CIUDAD BERNA | Guayaquil - Consulado,Escuela Superior Distrital María Montesory - Sede B,Ciudad Berna,15,Antonio Nariño,CLL 10 Sur # 13 - 27,4.586132711999994,-74.09353678399998,geocodificado,IDECA/Catastro Bogotá - Puestos de Votación 2023,EL SOSIEGO,2,1,0,13,0,0,0,1,50.0,0.0,2
160011503,15,03,Gimnasio Monseñor Manuel María Camargo,SAN ANTONIO,SAN ANTONIO,Gimnasio Monseñor Manuel María Camargo,San Antonio,15,Antonio Nariño,"CLL 6 Sur # 14 - 49 / 
CRA 14 # 6 - 51 Sur",4.587600355000006,-74.093606459,geocodificado,IDECA/Catastro Bogotá - Puestos de Votación 2023,SANTANDER,8,7,3,44,1,3,1,2,87.5,37.5,3
160011504,15,04,Colegio Distrital Guillermo León Valencia - Sede C,LUNA PARK,LUNA PARK,Colegio Distrital Guillermo León Valencia - Sede C,Luna Park,15,Antonio Nariño,CLL 10 B Bis Sur # 16 - 11,4.587194524999973,-74.09726188799999,geocodificado,IDECA/Catastro Bogotá - Puestos de Votación 2023,SANTANDER,6,6,0,25,0,4,2,0,100.0,0.0,4
160011505,15,05,Colegio Cooperativo del Magisterio de Cundinamarca,CIUDAD JARDIN,CIUDAD JARDIN,Colegio Cooperativo del Magisterio de Cundinamarca,Ciudad Jardín,15,Antonio Nariño,CLL 16 Bis Sur # 12 C - 02,4.582211685999994,-74.09646507500003,geocodificado,IDECA/Catastro Bogotá - Puestos de Votación 2023,EL SOSIEGO,3,3,0,33,0,1,1,1,100.0,0.0,5
160011506,15,06,Escuela Normal Superior Distrital María Montesory - Sede A,RESTREPO A,RESTREPO A,Escuela Normal Superior Distrital María Montesory - Sede A,Restrepo A,15,Antonio Nariño,CLL 14 Sur # 14 - 20,4.585244524000018,-74.096900129,geocodificado,IDECA/Catastro Bogotá - Puestos de Votación 2023,SANTANDER,18,15,2,116,1,7,4,3,83.3,11.1,6
160011507,15,07,Colegio Distrital Guillermo León Valencia - Sede A,RESTREPO B,RESTREPO B,Colegio Distrital Guillermo León Valencia - Sede A,Restrepo B,15,Antonio Nariño,"CLL 15 Sur # 24 B - 15 / 
CLL 15 Sur # 24 B - 17 / 
CRA 24 B # 16 - 03 Sur",4.588278757000012,-74.10211535299999,geocodificado,IDECA/Catastro Bogotá - Puestos de Votación 2023,SANTANDER,25,23,4,337,4,4,1,14,92.0,16.0,7
160011508,15,08,Salón Comunal La Fraguita,SALON COMUNAL LA FRAGUITA,SALON COMUNAL LA FRAGUITA,Salón Comunal La Fraguita,Salón Comunal La Fraguita,15,Antonio Nariño,CRA 25 Bis # 3-51/71 Sur,4.594020544999978,-74.10004220899998,geocodificado,IDECA/Catastro Bogotá - Puestos de Votación 2023,SANTANDER,3,3,0,60,0,1,0,2,100.0,0.0,8
160011509,15,09,Colegio Distrital Atanasio Girardot - Sede A,LA FRAGUA,LA FRAGUA,Colegio Distrital Atanasio Girardot - Sede A,La Fragua,15,Antonio Nariño,CLL 14 Sur # 28 - 16,4.594286364000027,-74.10444052100001,geocodificado,IDECA/Catastro Bogotá - Puestos de Votación 2023,SANTANDER,32,30,7,396,4,9,4,13,93.8,21.9,9
160011510,15,10,Colegio Distrital Francisco Jose de Paula - Sede A,SANTANDER,SANTANDER,Colegio Distrital Francisco Jose de Paula - Sede A,Santander,15,Antonio Nariño,CLL 23 Sur # 27 - 27,4.589816231999976,-74.110355508,geocodificado,IDECA/Catastro Bogotá - Puestos de Votación 2023,SANTANDER,106,102,19,1245,11,24,24,43,96.2,17.9,10
160011511,15,11,Colegio Distrital Francisco Jose de Paula - Sede B,SANTANDER SUR,SANTANDER SUR,Colegio Distrital Francisco Jose de Paula - Sede B,Santander Sur,15,Antonio Nariño,CLL 29 Sur # 29 A - 47,4.59098921399999,-74.11432248699998,geocodificado,IDECA/Catastro Bogotá - Puestos de Votación 2023,SANTANDER,10,9,1,74,2,2,1,4,90.0,10.0,11
160011512,15,12,Centro Comercial Centro Mayor,VILLA MAYOR,VILLA MAYOR,Centro Comercial Centro Mayor,Villa Mayor,15,Antonio Nariño,CLL 38 A Sur # 34 D - 51,4.592644458999985,-74.12509335200002,geocodificado,IDECA/Catastro Bogotá - Puestos de Votación 2023,SANTANDER,21,19,4,151,3,6,3,7,90.5,19.0,12
160011513,15,13,SENA Centro Distrital (San Jorge Central),SENA,SENA,SENA Centro Distrital (San Jorge Central),SENA,15,Antonio Nariño,"AV CRA 30 # 17 B - 25 Sur/
AV CRA 30 # 17 - 91 Sur",4.595189786999981,-74.11194131100001,geocodificado,IDECA/Catastro Bogotá - Puestos de Votación 2023,SANTANDER,29,27,8,379,6,3,3,15,93.1,27.6,13
160011514,15,14,Colegio Parroquial La Valvanera,LA VALVANERA,LA VALVANERA,Colegio Parroquial La Valvanera,La Valvanera,15,Antonio Nariño,CLL 13 Sur # 24 B - 04,4.589989000000003,-74.10028399999999,geocodificado,IDECA/Catastro Bogotá - Puestos de Votación 2023,SANTANDER,19,19,4,309,2,3,2,12,100.0,21.1,14
160011515,15,15,Salón Comunal San Antonio,SALÓN COMUNAL SAN ANTONIO,SALÓN COMUNAL SAN ANTONIO,Salón Comunal San Antonio,Salón Comunal San Antonio,15,Antonio Nariño,"CRA 18A # 4 - 81 Sur / 
CLL 6 Sur #18A - 04",4.590876380999987,-74.09567293700002,geocodificado,IDECA/Catastro Bogotá - Puestos de Votación 2023,SANTANDER,3,3,1,39,0,1,1,1,100.0,33.3,15
160011517,15,17,Salón Comunal Ciudad Villa Mayor,SALON COMUNAL VILLA MAYOR,SALON COMUNAL VILLA MAYOR,Salón Comunal Ciudad Villa Mayor,Salón Comunal Villa Mayor,15,Antonio Nariño,"CRA 34 C # 34 - 18 Sur/
CRA 34 C # 32A - 18 Sur",4.592108651999979,-74.11921227800002,geocodificado,IDECA/Catastro Bogotá - Puestos de Votación 2023,SANTANDER,8,8,2,102,0,2,0,6,100.0,25.0,17
160011518,15,18,Salón Comunal Cinco de Noviembre,CINCO DE NOVIEMBRE,CINCO DE NOVIEMBRE,Salón Comunal Cinco de Noviembre,Cinco de Noviembre,15,Antonio Nariño,"CLL 39 A Sur # 39 A - 12/
CRA 34F # 39 - 12 Sur",4.593381396999973,-74.1259134,geocodificado,IDECA/Catastro Bogotá - Puestos de Votación 2023,SANTANDER,4,4,0,7,1,3,0,0,100.0,0.0,18
160011519,15,19,Casa Comunal Ciudad Jardín,CASA COMUNAL CIUDAD JARDIN,CASA COMUNAL CIUDAD JARDIN,Casa Comunal Ciudad Jardín,Casa Comunal Ciudad Jardín,15,Antonio Nariño,CRA 12 F # 19 - 37 Sur,4.580744905000017,-74.099618163,geocodificado,IDECA/Catastro Bogotá - Puestos de Votación 2023,SANTANDER,2,2,0,21,0,0,1,1,100.0,0.0,19
160011521,15,21,Salón Comunal Eduardo Frei,SALON COMUNAL EDUARDO FREI,SALON COMUNAL EDUARDO FREI,Salón Comunal Eduardo Frei,Salón Comunal Eduardo Frei,15,Antonio Nariño,CL 32 Sur 29A # 75,4.590770971999973,-74.11702177500001,geocodificado,IDECA/Catastro Bogotá - Puestos de Votación 2023,SANTANDER,1,1,0,0,1,0,0,0,100.0,0.0,21
160011522,15,22,Colegio Privado Comunidad Hermanas de Nuestra Señora de La Paz,COLEGIO NUESTRA SEÑORA DE LA PAZ,COLEGIO NUESTRA SEÑORA DE LA PAZ,Colegio Privado Comunidad Hermanas de Nuestra Señora de La Paz,Colegio Nuestra Señora de La Paz,15,Antonio Nariño,"AV CRA 27 # 29 - 17 Sur /
 AV CRA 27 # 29 - 65 Sur",4.588895246999982,-74.11326542500001,geocodificado,IDECA/Catastro Bogotá - Puestos de Votación 2023,SANTANDER,2,2,0,8,0,1,1,0,100.0,0.0,22
160011524,15,24,Colegio Atanasio Girardot Sede B,COLEGIO ATANASIO GIRARDOT SEDE B,COLEGIO ATANASIO GIRARDOT SEDE B,Colegio Atanasio Girardot Sede B,Colegio Atanasio Girardot Sede B,15,Antonio Nariño,CRA 24 B # 4 04 Sur,4.593291453999996,-74.09777201999998,geocodificado,IDECA/Catastro Bogotá - Puestos de Votación 2023,CANDELARIA LA NUEVA,1,1,0,2,0,1,0,0,100.0,0.0,24
160011601,16,01,Colegio Distrital Andrés Bello,DELICIAS MUZU,DELICIAS MUZU | IE SIMON BOLIVAR SEDE BENPOSTA,Colegio Distrital Andrés Bello,Delicias (Muzu),16,Puente Aranda,CLL 39 Sur # 51 D - 19,4.599249683999972,-74.13043865899999,geocodificado,IDECA/Catastro Bogotá - Puestos de Votación 2023,LA ALQUERÍA,10,6,3,26,3,1,1,1,60.0,30.0,1
160011602,16,02,Colegio Nacional de Cultura Popular,CIUDAD MONTES,CIUDAD MONTES,Colegio Nacional de Cultura Popular,Ciudad Montes,16,Puente Aranda,CRA 51 # 16 -64 Sur,4.606158371999982,-74.120293301,geocodificado,IDECA/Catastro Bogotá - Puestos de Votación 2023,SANTANDER,6,6,2,18,0,5,1,0,100.0,33.3,2
160011603,16,03,Colegio Distrital Marco Antonio Carreño - Sede B,SANTA MATILDE,SANTA MATILDE,Colegio Distrital Marco Antonio Carreño - Sede B,Santa Matilde,16,Puente Aranda,"CLL 1 # 34 B 20 / 
CLL 1 B # 35 - 20",4.603050434000011,-74.10943884400001,geocodificado,IDECA/Catastro Bogotá - Puestos de Votación 2023,SANTANDER,6,6,2,35,1,2,2,1,100.0,33.3,3
160011604,16,04,Colegio Distrital Marco Antonio Carreño - Sede C,LA ASUNCION,LA ASUNCION,Colegio Distrital Marco Antonio Carreño - Sede C,La Asunción,16,Puente Aranda,CRA 32 B #1 D - 21,4.602694444000008,-74.10681926199999,geocodificado,IDECA/Catastro Bogotá - Puestos de Votación 2023,GALAN,9,8,3,103,1,3,1,3,88.9,33.3,4
160011605,16,05,Alcaldía Local de Puente Aranda,ALCALDIA PUENTE ARANDA,ALCALDIA PUENTE ARANDA,Alcaldía Local de Puente Aranda,Alcaldía Puente Aranda,16,Puente Aranda,CRA 31 D # 04 - 43,4.605798811,-74.10315106899998,geocodificado,IDECA/Catastro Bogotá - Puestos de Votación 2023,GALAN,7,6,0,31,3,1,0,2,85.7,0.0,5
160011606,16,06,Colegio Distrital El Jazmín - Sede B,LA PRIMAVERA,LA PRIMAVERA,Colegio Distrital El Jazmín - Sede B,La Primavera,16,Puente Aranda,CRA 41 B # 4 C – 27,4.615518683000005,-74.10939312699998,geocodificado,IDECA/Catastro Bogotá - Puestos de Votación 2023,GALAN,20,19,8,186,2,6,6,5,95.0,40.0,6
160011607,16,07,Colegio Distrital España - Sede B,CUNDINAMARCA,CUNDINAMARCA,Colegio Distrital España - Sede B,Cundinamarca,16,Puente Aranda,CLL 19 C # 33 - 30,4.622689934999983,-74.08933231700001,geocodificado,IDECA/Catastro Bogotá - Puestos de Votación 2023,GALAN,3,2,0,6,0,2,0,0,66.7,0.0,7
160011608,16,08,Salón Comunal La Francia,LA FRANCIA,LA FRANCIA,Salón Comunal La Francia,La Francia,16,Puente Aranda,DIAG 5 F Bis A # 43 B - 02,4.620199920999994,-74.107460264,geocodificado,IDECA/Catastro Bogotá - Puestos de Votación 2023,GALAN,14,14,7,197,3,2,1,8,100.0,50.0,8
160011609,16,09,Colegio Distrital José Joaquín Casas - Sede A,PUENTE ARANDA,PUENTE ARANDA,Colegio Distrital José Joaquín Casas - Sede A,Puente Aranda,16,Puente Aranda,CRA 56 # 15 - 41,4.632026551000024,-74.10888560299998,geocodificado,IDECA/Catastro Bogotá - Puestos de Votación 2023,GALAN,2,2,0,3,1,1,0,0,100.0,0.0,9
160011610,16,10,Colegio Distrital Francisco José de Sucre,SALAZAR GOMEZ,SALAZAR GOMEZ,Colegio Distrital Francisco José de Sucre,Salazar Gómez,16,Puente Aranda,CLL 11 # 65 B - 10,4.633564390000004,-74.11809821700001,geocodificado,IDECA/Catastro Bogotá - Puestos de Votación 2023,BOSA RECREO,3,2,1,13,0,0,2,0,66.7,33.3,10
160011611,16,11,Colegio Distrital Silvera Espinosa Rendón - Sede C,LA TRINIDAD,LA TRINIDAD,Colegio Distrital Silvera Espinosa Rendón - Sede C,La Trinidad,16,Puente Aranda,CLL 5 B # 60 - 29,4.626988279999978,-74.11704188499999,geocodificado,IDECA/Catastro Bogotá - Puestos de Votación 2023,GALAN,8,8,2,48,2,3,0,3,100.0,25.0,11
160011612,16,12,Colegio Distrital Silveria Espinosa Rendon - Sede B,LA PRADERA,LA PRADERA,Colegio Distrital Silveria Espinosa Rendon - Sede B,La Pradera,16,Puente Aranda,CLL 4 B # 65 - 31,4.623994109000023,-74.12182556300002,geocodificado,IDECA/Catastro Bogotá - Puestos de Votación 2023,GALAN,25,24,6,264,3,5,2,14,96.0,24.0,12
160011613,16,13,Colegio José Allamano,COLON,COLON,Colegio José Allamano,Colón,16,Puente Aranda,CLL 4 # 56 - 03,4.620190372000025,-74.119428476,geocodificado,IDECA/Catastro Bogotá - Puestos de Votación 2023,GALAN,22,20,4,222,2,8,3,7,90.9,18.2,13
160011614,16,14,Colegio Distrital Rafaél Sorrento - Sede B,SAN RAFAEL,SAN RAFAEL,Colegio Distrital Rafaél Sorrento - Sede B,San Rafael,16,Puente Aranda,CLL 4 F # 53 - 55,4.6199194949999765,-74.11365582799999,geocodificado,IDECA/Catastro Bogotá - Puestos de Votación 2023,GALAN,8,8,0,42,2,4,0,2,100.0,0.0,14
160011615,16,15,Colegio Distrital Jazmín - Sede A,EL JAZMIN,EL JAZMIN,Colegio Distrital Jazmín - Sede A,El Jazmín,16,Puente Aranda,CLL 1 H # 40 D - 13,4.60995944299998,-74.11487267199999,geocodificado,IDECA/Catastro Bogotá - Puestos de Votación 2023,GALAN,9,9,2,60,2,4,1,2,100.0,22.2,15
160011616,16,16,Colegio Distrital Luis Carlos Galán,LA PONDEROSA,LA PONDEROSA,Colegio Distrital Luis Carlos Galán,La Ponderosa,16,Puente Aranda,CLL 1 B # 52 A - 02,4.611495328999979,-74.119080758,geocodificado,IDECA/Catastro Bogotá - Puestos de Votación 2023,GALAN,8,7,2,12,2,5,0,0,87.5,25.0,16
160011617,16,17,Colegio Distrital José Manuel Restrepo,GALAN,GALAN,Colegio Distrital José Manuel Restrepo,Galán,16,Puente Aranda,CLL 2 Bis # 56 A - 37,4.617260903999977,-74.12247563,geocodificado,IDECA/Catastro Bogotá - Puestos de Votación 2023,GALAN,12,10,2,44,2,5,1,2,83.3,16.7,17
160011618,16,18,Colegio Distrital Luis Vargas Tejada - Sede A,MILENTA,MILENTA,Colegio Distrital Luis Vargas Tejada - Sede A,Milenta,16,Puente Aranda,CRA 52 C # 19 A - 76 Sur,4.60953198499999,-74.12565622599999,geocodificado,IDECA/Catastro Bogotá - Puestos de Votación 2023,GALAN,5,5,1,2,3,2,0,0,100.0,20.0,18
160011619,16,19,Colegio Distrital Luis Vargas Tejada - Sede B,EL TEJAR,EL TEJAR,Colegio Distrital Luis Vargas Tejada - Sede B,El Tejar,16,Puente Aranda,"CRA 52 D # 24 - 50 Sur / 
CRA 52 D # 24 - 48 Sur",4.608584812999993,-74.127520145,geocodificado,IDECA/Catastro Bogotá - Puestos de Votación 2023,GALAN,4,3,1,32,0,0,0,3,75.0,25.0,19
160011620,16,20,Colegio Distrital Julio Garavito - Sede A,ALQUERIA,ALQUERIA,Colegio Distrital Julio Garavito - Sede A,Alquería,16,Puente Aranda,CLL 40 B Sur # 52 C - 60,4.5997516909999945,-74.13425671499999,geocodificado,IDECA/Catastro Bogotá - Puestos de Votación 2023,LA ALQUERÍA,8,6,2,15,3,2,0,1,75.0,25.0,20
160011621,16,21,Colegio Distrital Benjamín Herrera - Sede B,ALCALA,ALCALA,Colegio Distrital Benjamín Herrera - Sede B,Alcalá,16,Puente Aranda,CRA 51 C # 33 - 41 Sur,4.601979992999986,-74.12717777900002,geocodificado,IDECA/Catastro Bogotá - Puestos de Votación 2023,SANTANDER,9,9,2,76,1,4,0,4,100.0,22.2,21
160011622,16,22,Colegio Distrital de Cultura Popular - Sede B,SANTA RITA,SANTA RITA,Colegio Distrital de Cultura Popular - Sede B,Santa Rita,16,Puente Aranda,CRA 41 # 34 - 35 Sur,4.59804774600002,-74.12372763000002,geocodificado,IDECA/Catastro Bogotá - Puestos de Votación 2023,SANTANDER,6,6,0,4,2,4,0,0,100.0,0.0,22
160011623,16,23,Salón Comunal Barrio Autopista Sur,AUTOPISTA SUR,AUTOPISTA SUR,Salón Comunal Barrio Autopista Sur,Autopista Sur,16,Puente Aranda,"CLL 38 Sur # 50 A - 70 / 
CRA 51 # 37 A - 52 Sur",4.598533669000005,-74.12678913100001,geocodificado,IDECA/Catastro Bogotá - Puestos de Votación 2023,SANTANDER,3,2,0,9,0,2,0,0,66.7,0.0,23
160011624,16,24,Salón Comunal Villas del Rosario,LOS SAUCES,LOS SAUCES,Salón Comunal Villas del Rosario,Los Sauces,16,Puente Aranda,TRV 38 # 29 B - 61 Sur,4.596838563000006,-74.11885339399998,geocodificado,IDECA/Catastro Bogotá - Puestos de Votación 2023,SANTANDER,5,5,1,19,2,1,1,1,100.0,20.0,24
160011625,16,25,Centro Comercial,CARRERA CENTRO COMERCIAL,CARRERA CENTRO COMERCIAL,Centro Comercial,CRA Centro Comercial,16,Puente Aranda,"AV las Américas # 50 - 15 / 
AV CLL 9 # 50 - 15",4.626474201999997,-74.10792934599999,geocodificado,IDECA/Catastro Bogotá - Puestos de Votación 2023,GALAN,1,1,0,0,1,0,0,0,100.0,0.0,25
160011626,16,26,Centro Comercial Puerto López,SAN ANDRESITO,SAN ANDRESITO,Centro Comercial Puerto López,San Andresito,16,Puente Aranda,CRA 38 # 10 - 90,4.616956958999992,-74.10142830000001,geocodificado,IDECA/Catastro Bogotá - Puestos de Votación 2023,GALAN,5,5,2,64,2,1,0,2,100.0,40.0,26
160011627,16,27,Salón Comunal Barrio Colón,SALÓN COMUNAL COLÓN,SALÓN COMUNAL COLÓN,Salón Comunal Barrio Colón,Salón Comunal Colón,16,Puente Aranda,CRA 53F # 4G - 04,4.62225695799998,-74.11500638299998,geocodificado,IDECA/Catastro Bogotá - Puestos de Votación 2023,GALAN,11,10,2,182,4,0,2,4,90.9,18.2,27
160011628,16,28,Salón Comunal Colonia Oriental,COLONIA ORIENTAL,COLONIA ORIENTAL,Salón Comunal Colonia Oriental,Colonia Oriental,16,Puente Aranda,CLL 4 A # 51 A - 90,4.6182999999999765,-74.11489999999998,geocodificado,IDECA/Catastro Bogotá - Puestos de Votación 2023,GALAN,7,7,0,41,2,1,2,2,100.0,0.0,28
160011629,16,29,Salón Comunal La Trinidad,SALÓN COMUNAL LA TRINIDAD,SALÓN COMUNAL LA TRINIDAD,Salón Comunal La Trinidad,Salón Comunal La Trinidad,16,Puente Aranda,CRA 58 # 4 B - 31,4.623040510999999,-74.11877986000002,geocodificado,IDECA/Catastro Bogotá - Puestos de Votación 2023,GALAN,17,13,1,128,2,4,2,5,76.5,5.9,29
160011630,16,30,Salón Comunal Primavera y Gorgonzola,PRIMAVERA Y GORGONZOLA,PRIMAVERA Y GORGONZOLA,Salón Comunal Primavera y Gorgonzola,Primavera y Gorgonzola,16,Puente Aranda,CRA 41B # 5 - 57,4.616299998999978,-74.10770000000002,geocodificado,IDECA/Catastro Bogotá - Puestos de Votación 2023,GALAN,12,11,4,73,2,5,2,2,91.7,33.3,30
160011631,16,31,Salón Comunal Ciudad Montes II,SALON COMUNAL CIUDAD MONTES II,SALON COMUNAL CIUDAD MONTES II,Salón Comunal Ciudad Montes II,Salón Comunal Ciudad Montes II,16,Puente Aranda,CRA 41 # 10 - 06 Sur,4.60548824,-74.11812478399997,geocodificado,IDECA/Catastro Bogotá - Puestos de Votación 2023,GALAN,4,4,0,5,1,3,0,0,100.0,0.0,31
160011632,16,32,Salón Comunal El Remanso Sur,SALON COMUNAL EL REMANSO SUR,SALON COMUNAL EL REMANSO SUR,Salón Comunal El Remanso Sur,Salón Comunal El Remanso Sur,16,Puente Aranda,DIAG 16 Sur # 31 - 75,4.598127068999986,-74.11132253400001,geocodificado,IDECA/Catastro Bogotá - Puestos de Votación 2023,GALAN,3,2,0,10,0,1,1,0,66.7,0.0,32
160011633,16,33,Salón Comunal Veraguas Central,SALON COMUNAL VERAGUAS,SALON COMUNAL VERAGUAS,Salón Comunal Veraguas Central,Salón Comunal Veraguas,16,Puente Aranda,"CLL 4 A # 32 A - 77 / 
CLL 4 A # 32 A - 75",4.6066678789999855,-74.103209069,geocodificado,IDECA/Catastro Bogotá - Puestos de Votación 2023,GALAN,6,6,0,33,2,1,2,1,100.0,0.0,33
160011634,16,34,Instituto de Integración Cultural,INSTITUTO DE INTEGRACION CULTURAL,INSTITUTO DE INTEGRACION CULTURAL,Instituto de Integración Cultural,Instituto de Integración Cultural,16,Puente Aranda,CLL 5 C # 31 C - 16,4.607929010000021,-74.10099576800002,geocodificado,IDECA/Catastro Bogotá - Puestos de Votación 2023,GALAN,5,5,0,48,1,0,2,2,100.0,0.0,34
160011635,16,35,Colegio Distrital Sorrento Sede A,COLEGIO DISTRITAL SORRENTO,COLEGIO DISTRITAL SORRENTO,Colegio Distrital Sorrento Sede A,Colegio Distrital Sorrento,16,Puente Aranda,CLL 5 B # 53 C - 74,4.622991051999975,-74.11328684699998,geocodificado,IDECA/Catastro Bogotá - Puestos de Votación 2023,GALAN,9,9,0,72,2,0,3,4,100.0,0.0,35
160011636,16,36,Colegio Luis Carlos Galán Sarmiento Sede B,LUIS CARLOS GALAN SARMIENTO,LUIS CARLOS GALAN SARMIENTO,Colegio Luis Carlos Galán Sarmiento Sede B,Luis Carlos Galán Sarmiento,16,Puente Aranda,CLL 2 A # 47 - 59,4.611871055999984,-74.11809663000003,geocodificado,IDECA/Catastro Bogotá - Puestos de Votación 2023,GALAN,9,8,1,121,3,1,1,3,88.9,11.1,36
160011638,16,38,Colegio Distrital Benjamín Herrera Sede A,SAN EUSEBIO,SAN EUSEBIO,Colegio Distrital Benjamín Herrera Sede A,San Eusebio,16,Puente Aranda,CRA 51 A # 26 - 38 Sur,4.603400122999972,-74.12382051100002,geocodificado,IDECA/Catastro Bogotá - Puestos de Votación 2023,LA ALQUERÍA,4,2,2,1,1,1,0,0,50.0,50.0,38
160011639,16,39,Colegio Distrital Julio Garavito Sede B,LOS ANGELES,LOS ANGELES,Colegio Distrital Julio Garavito Sede B,Los Ángeles,16,Puente Aranda,"CLL 39 Sur # 51 F - 59 / 
CLL 39 Sur # 51 F - 21",4.599680024999998,-74.13075839599998,geocodificado,IDECA/Catastro Bogotá - Puestos de Votación 2023,LA ALQUERÍA,15,12,3,56,3,3,5,1,80.0,20.0,39
160011640,16,40,Centro Comercial Outlet Factory,C.C. OUTLET FACTORY,C.C. OUTLET FACTORY,Centro Comercial Outlet Factory,C.C. Outlet Factory,16,Puente Aranda,AV CLL 9 # 62 - 84 entrada 1 y 2,4.6292423720000215,-74.11836960300002,geocodificado,IDECA/Catastro Bogotá - Puestos de Votación 2023,GALAN,7,7,2,85,2,1,1,3,100.0,28.6,40
160011641,16,41,Colegio Distrital Marco Antonio Carreño Sede A,JORGE GAITAN CORTES,JORGE GAITAN CORTES,Colegio Distrital Marco Antonio Carreño Sede A,Jorge Gaitán Cortés,16,Puente Aranda,"CLL 17 B Sur # 34 A - 21 / 
CRA 34 # 17A - 70 Sur",4.597531103999984,-74.11216463400001,geocodificado,IDECA/Catastro Bogotá - Puestos de Votación 2023,SANTANDER,1,1,1,20,0,0,0,1,100.0,100.0,41
160011642,16,42,Centro De Rehabilitación Para Adultos Ciegos - CRAC,CENTRO PARA CIEGOS  CRAC,CENTRO PARA CIEGOS  CRAC,Centro De Rehabilitación Para Adultos Ciegos - CRAC,Centro Para Ciegos - CRAC,16,Puente Aranda,"CLL 8 Sur # 31 A - 31 /
AV CLL 8 Sur # 31 A - 31",4.599010600999975,-74.10799993299997,geocodificado,IDECA/Catastro Bogotá - Puestos de Votación 2023,SANTANDER,2,2,0,1,1,1,0,0,100.0,0.0,42
160011644,16,44,Colegio Distrital Centro Educativo España,CENTRO EDUCATIVO DISTRITAL ESPAÑA,CENTRO EDUCATIVO DISTRITAL ESPAÑA,Colegio Distrital Centro Educativo España,Centro Educativo Distrital España,16,Puente Aranda,CLL 18 # 35 - 25,4.62180607800002,-74.09303402199998,geocodificado,IDECA/Catastro Bogotá - Puestos de Votación 2023,GALAN,1,1,0,0,1,0,0,0,100.0,0.0,44
160011645,16,45,Salón Comunal Torremolinos I,SALON COMUNAL TORREMOLINOS I,SALON COMUNAL TORREMOLINOS I,Salón Comunal Torremolinos I,Salón Comunal Torremolinos I,16,Puente Aranda,"CRA 52 Bis # 19 - 53 / 
Cl 19A Sur # 52A - 51",4.608688636000011,-74.123501261,geocodificado,IDECA/Catastro Bogotá - Puestos de Votación 2023,GALAN,3,3,0,2,2,1,0,0,100.0,0.0,45
160011646,16,46,Salón Comunal José Antonio Galán,SALON COMUNAL JOSE ANTONIO GALAN,SALON COMUNAL JOSE ANTONIO GALAN,Salón Comunal José Antonio Galán,Salón Comunal José Antonio Galán,16,Puente Aranda,DIAG 2 # 57 - 39,4.617809658999988,-74.12330055400002,geocodificado,IDECA/Catastro Bogotá - Puestos de Votación 2023,GALAN,11,9,5,36,4,4,0,1,81.8,45.5,46
160011647,16,47,Salón Comunal Rafael Eucaliptos,SALON COMUNAL RAFAEL EUCALIPTOS,SALON COMUNAL RAFAEL EUCALIPTOS,Salón Comunal Rafael Eucaliptos,Salón Comunal Rafael Eucaliptos,16,Puente Aranda,CRA 53 B Bis # 4 C - 04,4.619524809999973,-74.114518105,geocodificado,IDECA/Catastro Bogotá - Puestos de Votación 2023,GALAN,3,3,1,20,0,1,1,1,100.0,33.3,47
160011648,16,48,Salón Comunal Nueva Primavera,SALON COMUNAL NUEVA PRIMAVERA,SALON COMUNAL NUEVA PRIMAVERA,Salón Comunal Nueva Primavera,Salón Comunal Nueva Primavera,16,Puente Aranda,"CRA 43 B # 4 - 26 /
CRA 43 # 4 B - 72",4.6178384940000115,-74.110173352,geocodificado,IDECA/Catastro Bogotá - Puestos de Votación 2023,GALAN,7,7,2,68,1,1,2,3,100.0,28.6,48
160011649,16,49,Salón Comunal Villa Inés,SALON COMUNAL VILLA INES,SALON COMUNAL VILLA INES,Salón Comunal Villa Inés,Salón Comunal Villa Inés,16,Puente Aranda,CRA 38 A # 1 D - 30,4.606371065000019,-74.111752121,geocodificado,IDECA/Catastro Bogotá - Puestos de Votación 2023,GALAN,2,2,0,20,1,0,0,1,100.0,0.0,49
160011652,16,52,Colegio Distrital Julio Garavito Sede C,JULIO GARAVITO SEDE C,JULIO GARAVITO SEDE C,Colegio Distrital Julio Garavito Sede C,Julio Garavito Sede C,16,Puente Aranda,"CRA 52 # 37 - 05 Sur/ 
CRA 52 # 37 - 95 Sur",4.601937125999996,-74.129542711,geocodificado,IDECA/Catastro Bogotá - Puestos de Votación 2023,LA ALQUERÍA,3,3,1,20,1,0,1,1,100.0,33.3,52
160011654,16,54,Coliseo El jazmín,COLISEO EL JAZMIN,COLISEO EL JAZMIN,Coliseo El jazmín,Coliseo El jazmín,16,Puente Aranda,CLL 1G # 41A - 39,4.610165178999978,-74.11639177900003,geocodificado,IDECA/Catastro Bogotá - Puestos de Votación 2023,GALAN,2,2,0,23,0,0,1,1,100.0,0.0,54
160011655,16,55,Salón Comunal El Jazmín,SALON COMUNAL EL JAZMIN,SALON COMUNAL EL JAZMIN,Salón Comunal El Jazmín,Salón Comunal El Jazmín,16,Puente Aranda,AV CRA 50 # 1 D - 28,4.610242728000003,-74.11672785799999,geocodificado,IDECA/Catastro Bogotá - Puestos de Votación 2023,GALAN,5,5,2,57,2,0,1,2,100.0,40.0,55
160011657,16,57,Movilidad Cll 13,MOVILIDAD CALLE 13,MOVILIDAD CALLE 13,Movilidad Cll 13,Movilidad Cll 13,16,Puente Aranda,AV CLL13 # 37 - 35 ENTRADA CRA 37,4.6192833759999985,-74.09793513800003,geocodificado,IDECA/Catastro Bogotá - Puestos de Votación 2023,GALAN,1,1,0,0,1,0,0,0,100.0,0.0,57
160011660,16,60,Salón Comunal Milenta,SALON COMUNAL MILENTA,SALON COMUNAL MILENTA,Salón Comunal Milenta,Salón Comunal Milenta,16,Puente Aranda,CRA 56 # 14 - 48 Sur,4.614794432999986,-74.12518062200002,geocodificado,IDECA/Catastro Bogotá - Puestos de Votación 2023,GALAN,2,2,0,13,0,1,1,0,100.0,0.0,60
160011701,17,01,Colegio Distrital La Concordia,LA CONCORDIA,LA CONCORDIA,Colegio Distrital La Concordia,La Concordia,17,Candelaria,CLL 12D # 1A - 09 / CLL 12C # 1A - 24,4.598773004000009,-74.069176632,geocodificado,IDECA/Catastro Bogotá - Puestos de Votación 2023,CHAPINERO,10,10,5,208,2,2,0,6,100.0,50.0,1
160011702,17,02,Parqueadero de La Alcaldía Mayor y Palacio de Justicia,ALCALDIA MAYOR,ALCALDIA MAYOR,Parqueadero de La Alcaldía Mayor y Palacio de Justicia,Alcaldía Mayor,17,Candelaria,"CRA 8 # 10 - 65 Entre Calles 10, 11 y 12",4.5984275999999795,-74.07650555700002,geocodificado,IDECA/Catastro Bogotá - Puestos de Votación 2023,EL SOSIEGO,3,3,1,21,2,0,0,1,100.0,33.3,2
160011703,17,03,Escuela Nacional de Comercio -  Sede B,EGIPTO,EGIPTO,Escuela Nacional de Comercio -  Sede B,Egipto,17,Candelaria,CRA 3 Este # 9 - 77,4.59294339500002,-74.07001943900002,geocodificado,IDECA/Catastro Bogotá - Puestos de Votación 2023,EL SOSIEGO,1,1,0,10,0,0,0,1,100.0,0.0,3
160011704,17,04,Archivo Distrital,ARCHIVO DISTRITAL,ARCHIVO DISTRITAL,Archivo Distrital,Archivo Distrital,17,Candelaria,CLL 6 B # 5 - 75,4.591681988999994,-74.07713534599998,geocodificado,IDECA/Catastro Bogotá - Puestos de Votación 2023,EL SOSIEGO,6,4,1,29,0,1,2,1,66.7,16.7,4
160011705,17,05,Ministerio de las Tecnologías de la Información,MURILLO TORO,MURILLO TORO,Ministerio de las Tecnologías de la Información,Murillo Toro,17,Candelaria,"CRA 8 # 12 A - 14 / 
CRA 7 # 12 A - 37",4.600099999999998,-74.07499999999999,geocodificado,IDECA/Catastro Bogotá - Puestos de Votación 2023,EL SOSIEGO,4,3,1,13,0,2,1,0,75.0,25.0,5
160011707,17,07,Fundación Universidad Autónoma de Colombia,AUTONOMA DE COLOMBIA,AUTONOMA DE COLOMBIA,Fundación Universidad Autónoma de Colombia,Autónoma de Colombia,17,Candelaria,CLL 12 B # 4 - 31,4.598427877000006,-74.07209575500002,geocodificado,IDECA/Catastro Bogotá - Puestos de Votación 2023,LA VICTORIA,1,1,0,30,0,0,0,1,100.0,0.0,7
160011708,17,08,Escuela Nacional de Comercio (Sede Bachillerato),EGIPTO ESCUELA QUINTA DIAZ,EGIPTO ESCUELA QUINTA DIAZ,Escuela Nacional de Comercio (Sede Bachillerato),Egipto Escuela Quinta Díaz,17,Candelaria,"CLL 9A # 0 - 30 Este / 
CLL 9 A # 0 - 22 Este",4.593216814000016,-74.070547755,geocodificado,IDECA/Catastro Bogotá - Puestos de Votación 2023,EL SOSIEGO,2,2,0,20,1,0,0,1,100.0,0.0,8
160011801,18,01,Colegio Distrital Manuel del Socorro Rodríguez - Sede B,CLARET,CLARET | IE LICEO MAYOR JAIME TRIANA RESTREPO,Colegio Distrital Manuel del Socorro Rodríguez - Sede B,Claret,18,Rafael Uribe Uribe,CLL 46 Sur # 27 - 12,4.583001399000011,-74.12841807000001,geocodificado,IDECA/Catastro Bogotá - Puestos de Votación 2023,SANTA LUCÍA (BTA),7,6,3,76,1,1,2,2,85.7,42.9,1
160011802,18,02,Colegio Distrital Restrepo Millán - Sede B,INGLES,IE MARICE SINISTERRA | IE TERNERA | INGLES,Colegio Distrital Restrepo Millán - Sede B,Inglés,18,Rafael Uribe Uribe,"CLL 40 Sur # 26 - 90 / 
CLL 41 Sur # 26 - 44",4.583322851999981,-74.12341538999999,geocodificado,IDECA/Catastro Bogotá - Puestos de Votación 2023,SANTA LUCÍA (BTA),12,11,4,68,1,6,3,1,91.7,33.3,2
160011803,18,03,Colegio Distrital Rafael Delgado Salguero (General Paez) - Sede A,BRAVO PAEZ,BRAVO PAEZ,Colegio Distrital Rafael Delgado Salguero (General Paez) - Sede A,Bravo Páez,18,Rafael Uribe Uribe,CRA 26 B # 35 B - 49 Sur,4.584800499999972,-74.12037854099998,geocodificado,IDECA/Catastro Bogotá - Puestos de Votación 2023,SANTA LUCÍA (BTA),3,2,0,6,0,2,0,0,66.7,0.0,3
160011804,18,04,Colegio Distrital El Libertador,LIBERTADOR II,LIBERTADOR II,Colegio Distrital El Libertador,Libertador II,18,Rafael Uribe Uribe,CLL 32 Sur # 24 B - 20,4.584036609999998,-74.11613920500002,geocodificado,IDECA/Catastro Bogotá - Puestos de Votación 2023,SANTANDER,10,10,2,70,3,1,4,2,100.0,20.0,4
160011805,18,05,Instituto San Pablo Apóstol - ISPA,CENTENARIO,CENTENARIO,Instituto San Pablo Apóstol - ISPA,Centenario,18,Rafael Uribe Uribe,CRA 24 B # 29 A - 02 Sur,4.584835381000005,-74.112684522,geocodificado,IDECA/Catastro Bogotá - Puestos de Votación 2023,SANTA LUCÍA (BTA),3,3,1,15,0,1,2,0,100.0,33.3,5
160011806,18,06,Colegio Distrital Antonio Baraya -  Sede A,OLAYA,OLAYA,Colegio Distrital Antonio Baraya -  Sede A,Olaya,18,Rafael Uribe Uribe,CLL 27 Sur # 22 A - 02,4.5834964790000186,-74.10905679000001,geocodificado,IDECA/Catastro Bogotá - Puestos de Votación 2023,SANTA LUCÍA (BTA),5,5,1,59,2,1,0,2,100.0,20.0,6
160011807,18,07,Colegio Distrital Gustavo Restrepo - Sedes B y C,SAN JOSE RAFAEL URIBE,SAN JOSE RAFAEL URIBE,Colegio Distrital Gustavo Restrepo - Sedes B y C,San José Rafael Uribe,18,Rafael Uribe Uribe,"CRA 13 A # 26 - 17 Sur /
CRA 12 F # 26 - 17 Sur",4.5770563720000155,-74.10269822499998,geocodificado,IDECA/Catastro Bogotá - Puestos de Votación 2023,EL SOSIEGO,6,6,0,44,1,1,2,2,100.0,0.0,7
160011808,18,08,Colegio Distrital Alejandro Obregón,ALEJANDRO OBREGON GUSTAVO REST,ALEJANDRO OBREGON GUSTAVO REST,Colegio Distrital Alejandro Obregón,Alejandro Obregón Gustavo Restrepo,18,Rafael Uribe Uribe,CLL 30 Sur # 13 - 45,4.576491076000025,-74.10885290599998,geocodificado,IDECA/Catastro Bogotá - Puestos de Votación 2023,EL SOSIEGO,12,10,0,20,5,4,0,1,83.3,0.0,8
160011809,18,09,Colegio Distrital Clemencia Holguín de Urdaneta,QUIROGA,QUIROGA,Colegio Distrital Clemencia Holguín de Urdaneta,Quiroga,18,Rafael Uribe Uribe,CLL 30 Sur # 19 B - 25,4.579222339000012,-74.110551714,geocodificado,IDECA/Catastro Bogotá - Puestos de Votación 2023,SANTA LUCÍA (BTA),6,5,1,58,0,1,1,3,83.3,16.7,9
160011810,18,10,Colegio Distrital Clemencia de Caycedo,ALCALDIA QUIROGA,ALCALDIA QUIROGA,Colegio Distrital Clemencia de Caycedo,Alcaldía Quiroga,18,Rafael Uribe Uribe,CLL 32 Sur # 22 - 30,4.580469758999982,-74.11464625500003,geocodificado,IDECA/Catastro Bogotá - Puestos de Votación 2023,SANTA LUCÍA (BTA),7,5,1,42,0,1,3,1,71.4,14.3,10
160011811,18,11,Colegio Distrital Bravo Páez,CENTRAL QUIROGA,CENTRAL QUIROGA,Colegio Distrital Bravo Páez,Central Quiroga,18,Rafael Uribe Uribe,CLL 37 Sur # 23 - 51,4.579885019000017,-74.119088197,geocodificado,IDECA/Catastro Bogotá - Puestos de Votación 2023,SANTA LUCÍA (BTA),3,3,0,3,2,1,0,0,100.0,0.0,11
160011812,18,12,Colegio Distrital Manuel del Socorro Rodríguez - Sede A,SANTA LUCIA,SANTA LUCIA,Colegio Distrital Manuel del Socorro Rodríguez - Sede A,Santa Lucía,18,Rafael Uribe Uribe,TRV 23 Bis # 44 - 90 Sur,4.577615821999984,-74.12599363800001,geocodificado,IDECA/Catastro Bogotá - Puestos de Votación 2023,SANTA LUCÍA (BTA),37,35,11,222,8,12,4,11,94.6,29.7,12
160011813,18,13,Colegio Distrital José Marti - Sede B,LAS COLINAS,LAS COLINAS,Colegio Distrital José Marti - Sede B,Las Colinas,18,Rafael Uribe Uribe,"DIAG 32 B Sur # 15 C - 25 / 
DIAG 32 B Sur # 13 B - 17",4.574369309000019,-74.11286773500001,geocodificado,IDECA/Catastro Bogotá - Puestos de Votación 2023,SANTA LUCÍA (BTA),5,5,2,76,0,1,0,4,100.0,40.0,13
160011814,18,14,Colegio Distrital Enrique Olaya Herrera,COUNTRY SUR,COUNTRY SUR,Colegio Distrital Enrique Olaya Herrera,Country Sur,18,Rafael Uribe Uribe,CRA 10 # 31 - 29 Sur,4.568172989999994,-74.10245541,geocodificado,IDECA/Catastro Bogotá - Puestos de Votación 2023,EL SOSIEGO,13,10,0,63,3,2,1,4,76.9,0.0,14
160011815,18,15,Colegio Distrital Misael Pastrana Borrero,LAS LOMAS,LAS LOMAS,Colegio Distrital Misael Pastrana Borrero,Las Lomas,18,Rafael Uribe Uribe,CRA 10 A # 39 - 05 Sur,4.564671512000018,-74.10835908299998,geocodificado,IDECA/Catastro Bogotá - Puestos de Votación 2023,SANTA LUCÍA (BTA),6,6,1,44,1,4,0,1,100.0,16.7,15
160011816,18,16,Colegio Distrital Alexander Fleming - Sede B,ALEXANDER FLEMING SAN JORGE,ALEXANDER FLEMING SAN JORGE,Colegio Distrital Alexander Fleming - Sede B,Alexander Fleming San Jorge,18,Rafael Uribe Uribe,"CLL 43 Sur # 16 A - 40 /
DIAG 45 Bis B Sur # 13 F - 41",4.571593550999978,-74.12031361200002,geocodificado,IDECA/Catastro Bogotá - Puestos de Votación 2023,SANTA LUCÍA (BTA),18,16,2,62,4,9,1,2,88.9,11.1,16
160011817,18,17,Colegio Distrital Reino de Holanda - Sede B,REINO DE HOLANDA,REINO DE HOLANDA,Colegio Distrital Reino de Holanda - Sede B,Reino de Holanda,18,Rafael Uribe Uribe,DIAG 46 Sur # 12 A - 32,4.567280719999985,-74.11530818400001,geocodificado,IDECA/Catastro Bogotá - Puestos de Votación 2023,SANTA LUCÍA (BTA),5,3,0,12,1,1,1,0,60.0,0.0,17
160011818,18,18,Colegio Distrital Reino de Holanda - Sede A,MARCO FIDEL SUAREZ,MARCO FIDEL SUAREZ,Colegio Distrital Reino de Holanda - Sede A,Marco Fidel Suárez,18,Rafael Uribe Uribe,TRV 13 G Bis # 46 - 35 Sur,4.568143763000023,-74.12201370999998,geocodificado,IDECA/Catastro Bogotá - Puestos de Votación 2023,SANTA LUCÍA (BTA),12,12,3,67,2,7,0,3,100.0,25.0,18
160011819,18,19,Colegio Distrital Alexander Fleming - Sede D,EL SOCORRO SUR,EL SOCORRO SUR,Colegio Distrital Alexander Fleming - Sede D,El Socorro Sur,18,Rafael Uribe Uribe,CLL 50 B Sur # 13 A - 32,4.564808620000008,-74.124482371,geocodificado,IDECA/Catastro Bogotá - Puestos de Votación 2023,SANTA LUCÍA (BTA),8,8,0,33,1,4,3,0,100.0,0.0,19
160011820,18,20,Colegio Distrital Marruecos y Molinos - Sede A,MOLINOS DEL SUR,MOLINOS DEL SUR,Colegio Distrital Marruecos y Molinos - Sede A,Molinos del Sur,18,Rafael Uribe Uribe,CLL 49 D Bis Sur # 5 X - 02,4.555161542000008,-74.11787294099997,geocodificado,IDECA/Catastro Bogotá - Puestos de Votación 2023,SANTA LUCÍA (BTA),19,17,5,108,1,8,5,3,89.5,26.3,20
160011821,18,21,Colegio Distrital Alfredo Iriarte - Sede A,CIUDAD BOCHICA SUR,CIUDAD BOCHICA SUR,Colegio Distrital Alfredo Iriarte - Sede A,Ciudad Bochica Sur,18,Rafael Uribe Uribe,"TRV 5 J # 48 F - 69 Sur / 
TRV 5 L Bis # 48 F - 69 Sur",4.557649002000005,-74.11213382,geocodificado,IDECA/Catastro Bogotá - Puestos de Votación 2023,SANTA LUCÍA (BTA),13,13,4,111,1,7,1,4,100.0,30.8,21
160011822,18,22,Colegio Distrital Colombia Viva - Sede A,LOS MOLINOS II SECTOR,LOS MOLINOS II SECTOR,Colegio Distrital Colombia Viva - Sede A,Los Molinos II Sector,18,Rafael Uribe Uribe,TRV 5 A # 48 M - 50 Sur,4.553589046000013,-74.10769519600001,geocodificado,IDECA/Catastro Bogotá - Puestos de Votación 2023,SANTA LUCÍA (BTA),11,9,1,41,3,2,2,2,81.8,9.1,22
160011823,18,23,Colegio Distrital Palermo Sur,PALERMO SUR,PALERMO SUR,Colegio Distrital Palermo Sur,Palermo Sur,18,Rafael Uribe Uribe,TRV 2 B Bis # 49 D - 41 Sur,4.543099720999976,-74.10971793800002,geocodificado,IDECA/Catastro Bogotá - Puestos de Votación 2023,SANTA LUCÍA (BTA),7,5,3,78,0,1,1,3,71.4,42.9,23
160011824,18,24,Salón Comunal Villa Mayor La Nueva,VILLA MAYOR LA NUEVA,VILLA MAYOR LA NUEVA,Salón Comunal Villa Mayor La Nueva,Villa Mayor La Nueva,18,Rafael Uribe Uribe,DIAG 41 Sur # 34 A -90,4.589394040000002,-74.127041964,geocodificado,IDECA/Catastro Bogotá - Puestos de Votación 2023,SANTANDER,4,3,1,35,0,0,2,1,75.0,25.0,24
160011825,18,25,Colegio Distrital José Marti - Sede C,GRANJAS DE SAN PABLO,GRANJAS DE SAN PABLO,Colegio Distrital José Marti - Sede C,Granjas de San Pablo,18,Rafael Uribe Uribe,CLL 40 D Sur # 12 J - 39,4.571512927000015,-74.116137315,geocodificado,IDECA/Catastro Bogotá - Puestos de Votación 2023,SANTA LUCÍA (BTA),8,8,4,106,2,2,1,3,100.0,50.0,25
160011826,18,26,Colegio Distrital José Marti - Sede D,RESURRECCION,RESURRECCION,Colegio Distrital José Marti - Sede D,Resurrección,18,Rafael Uribe Uribe,"DIAG 32 B Sur # 12 B - 36 /
 CLL 36 D Sur # 11 D - 40 ",4.568414237000013,-74.10933182899998,geocodificado,IDECA/Catastro Bogotá - Puestos de Votación 2023,SANTA LUCÍA (BTA),5,4,1,8,1,2,1,0,80.0,20.0,26
160011827,18,27,Colegio Distrital La Paz,RAFAEL URIBE LA PAZ,RAFAEL URIBE LA PAZ,Colegio Distrital La Paz,Rafael Uribe La Paz,18,Rafael Uribe Uribe,DIAG 52 A Sur # 4 P - 10,4.543710448000013,-74.11728252500001,geocodificado,IDECA/Catastro Bogotá - Puestos de Votación 2023,SANTA LUCÍA (BTA),7,6,0,53,0,5,0,1,85.7,0.0,27
160011828,18,28,Colegio Distrital San Agustín - Sede A,SAN AGUSTIN SUR,SAN AGUSTIN SUR,Colegio Distrital San Agustín - Sede A,San Agustín Sur,18,Rafael Uribe Uribe,CLL 49 C Sur # 5 C - 41,4.547747281999989,-74.11336675299998,geocodificado,IDECA/Catastro Bogotá - Puestos de Votación 2023,SANTA LUCÍA (BTA),10,10,2,32,2,5,3,0,100.0,20.0,28
160011829,18,29,Colegio Distrital Diana Turbay - Sede A,COVIVIENDA DEL SUR ORIENTE,COVIVIENDA DEL SUR ORIENTE,Colegio Distrital Diana Turbay - Sede A,Covivienda del Sur Oriente,18,Rafael Uribe Uribe,DIAG 48 Z Sur # 4 B - 10,4.5475398759999734,-74.11013651100001,geocodificado,IDECA/Catastro Bogotá - Puestos de Votación 2023,SANTA LUCÍA (BTA),10,9,6,182,0,1,2,6,90.0,60.0,29
160011830,18,30,Salón Comunal Marruecos,MARRUECOS APARTAMENTOS,MARRUECOS APARTAMENTOS,Salón Comunal Marruecos,Marruecos Apartamentos ,18,Rafael Uribe Uribe,"CLL 48 P # 5 L - 40 Sur / 
CLL 48 Q Sur # 5 J - 86",4.554367677000016,-74.112566566,geocodificado,IDECA/Catastro Bogotá - Puestos de Votación 2023,SANTA LUCÍA (BTA),4,2,0,0,2,0,0,0,50.0,0.0,30
160011832,18,32,Salón Comunal Mirador de Marrocos,MIRADOR DE MARROCOS,MIRADOR DE MARROCOS,Salón Comunal Mirador de Marrocos,Mirador de Marrocos,18,Rafael Uribe Uribe,TRV 5 P # 48 J - 31 Sur,4.557800496000027,-74.11357177299999,geocodificado,IDECA/Catastro Bogotá - Puestos de Votación 2023,SANTA LUCÍA (BTA),1,1,0,9,0,0,1,0,100.0,0.0,32
160011833,18,33,Plazoleta entrada del almacén ARA - Conjunto Asturias Real,SAN JUANITO,SAN JUANITO,Plazoleta entrada del almacén ARA - Conjunto Asturias Real,San Juanito,18,Rafael Uribe Uribe,AV Caracas # 37 - 48 Sur,4.575836320999997,-74.11861099200001,geocodificado,IDECA/Catastro Bogotá - Puestos de Votación 2023,SANTA LUCÍA (BTA),4,4,1,29,0,1,2,1,100.0,25.0,33
160011834,18,34,Colegio Distrital Alfredo Iriarte - Sede C,PROVIDENCIA,PROVIDENCIA,Colegio Distrital Alfredo Iriarte - Sede C,Providencia,18,Rafael Uribe Uribe,"TRV 11 A # 49 D - 12 Sur /
 TRV 11 D # 49 D - 57 Sur",4.561719919999973,-74.12083405700002,geocodificado,IDECA/Catastro Bogotá - Puestos de Votación 2023,SANTA LUCÍA (BTA),2,2,1,14,0,0,2,0,100.0,50.0,34
160011835,18,35,Colegio Distrital Gustavo Restrepo - Sede A,GUSTAVO RESTREPO,GUSTAVO RESTREPO,Colegio Distrital Gustavo Restrepo - Sede A,Gustavo Restrepo,18,Rafael Uribe Uribe,CRA 12 H Bis B # 28 C - 24 Sur,4.575755499000024,-74.10616393599997,geocodificado,IDECA/Catastro Bogotá - Puestos de Votación 2023,EL SOSIEGO,7,7,0,56,1,2,0,4,100.0,0.0,35
160011836,18,36,Salón Comunal Ingles,SALÓN COMUNAL INGLES,SALÓN COMUNAL INGLES,Salón Comunal Ingles,Salón Comunal Ingles,18,Rafael Uribe Uribe,"CLL 41 Sur # 27 - 87 / 
CRA 26 A # 41 - 10 Sur",4.583363953999992,-74.123642754,geocodificado,IDECA/Catastro Bogotá - Puestos de Votación 2023,SANTA LUCÍA (BTA),5,4,0,8,2,2,0,0,80.0,0.0,36
160011837,18,37,Salón Comunal Claret,SALÓN COMUNAL CLARET,SALÓN COMUNAL CLARET,Salón Comunal Claret,Salón Comunal Claret,18,Rafael Uribe Uribe,CLL 46 Sur # 27 - 30,4.583412801000009,-74.12849366900002,geocodificado,IDECA/Catastro Bogotá - Puestos de Votación 2023,SANTA LUCÍA (BTA),6,5,0,100,0,2,1,2,83.3,0.0,37
160011838,18,38,Colegio Distrital  Alexander Fleming - sede A,SAN JORGE,SAN JORGE,Colegio Distrital  Alexander Fleming - sede A,San Jorge,18,Rafael Uribe Uribe,"CLL 45 A Sur # 14 A - 19 / 
DIAG 45 Bis B Sur # 13F - 36",4.571675027000026,-74.11984848399999,geocodificado,IDECA/Catastro Bogotá - Puestos de Votación 2023,SANTA LUCÍA (BTA),5,3,1,22,0,2,0,1,60.0,20.0,38
160011839,18,39,Liceo Psicopedagógico San Pablo,LICEO SAN PABLO,LICEO SAN PABLO,Liceo Psicopedagógico San Pablo,Liceo San Pablo,18,Rafael Uribe Uribe,"TRV 5 G # 48 P - 03 /
CLL 48 P Sur # 5 G - 07",4.554455883999992,-74.11162578800003,geocodificado,IDECA/Catastro Bogotá - Puestos de Votación 2023,EL SOSIEGO,2,2,0,24,0,0,0,2,100.0,0.0,39
160011841,18,41,Integración Social Mi Taller Creativo,LA MARQUEZA,LA MARQUEZA,Integración Social Mi Taller Creativo,La Marqueza,18,Rafael Uribe Uribe,TRV 1 B Este # 49 B - 20 Sur,4.543018000000018,-74.10695700000002,geocodificado,IDECA/Catastro Bogotá - Puestos de Votación 2023,EL SOSIEGO,1,1,0,11,0,0,0,1,100.0,0.0,41
160011842,18,42,Colegio Distrital Rafael Delgado Salguero - Sede C,RAFAEL DELGADO SEDE C,RAFAEL DELGADO SEDE C,Colegio Distrital Rafael Delgado Salguero - Sede C,Rafael Delgado Sede C,18,Rafael Uribe Uribe,"CLL 41 Sur # 31 - 81 / 
CLL 41 Bis Sur # 31 - 46",4.587100000000021,-74.1252,geocodificado,IDECA/Catastro Bogotá - Puestos de Votación 2023,SANTA LUCÍA (BTA),2,2,0,3,1,1,0,0,100.0,0.0,42
160011843,18,43,Salón Comunal La Paz Naranjos,SALÓN COMUNAL LA PAZ NARANJOS,SALÓN COMUNAL LA PAZ NARANJOS,Salón Comunal La Paz Naranjos,Salón Comunal La Paz Naranjos,18,Rafael Uribe Uribe,DIAG 54 Sur # 3F - 17,4.541364460000011,-74.11372139100001,geocodificado,IDECA/Catastro Bogotá - Puestos de Votación 2023,SANTA LUCÍA (BTA),6,4,0,31,1,1,0,2,66.7,0.0,43
160011844,18,44,Colegio Distrital Integración Rafael Delgado Salguero,INTEG. RAFAEL DELGADO SALGUERO,INTEG. RAFAEL DELGADO SALGUERO,Colegio Distrital Integración Rafael Delgado Salguero,Integración Rafael Delgado Salguero,18,Rafael Uribe Uribe,CRA 26 # 35 A - 38 Sur,4.583981133999998,-74.11932320699998,geocodificado,IDECA/Catastro Bogotá - Puestos de Votación 2023,SANTANDER,1,1,0,5,0,1,0,0,100.0,0.0,44
160011845,18,45,Colegio Parroquial San José,PARROQUIAL SAN JOSE,PARROQUIAL SAN JOSE,Colegio Parroquial San José,Parroquial San José,18,Rafael Uribe Uribe,"TRV 13 H # 45 B - 33 Sur /
TRV 13 H # 45 F - 33 Sur ",4.569196999999974,-74.12211400000001,geocodificado,IDECA/Catastro Bogotá - Puestos de Votación 2023,SANTA LUCÍA (BTA),2,1,0,17,0,0,0,1,50.0,0.0,45
160011846,18,46,Colegio Liceo Psicopedagógico Marco Fidel Suárez,LICEO PSICOPEDAGOGICO MARCO FIDEL SUAREZ,LICEO PSICOPEDAGOGICO MARCO FIDEL SUAREZ,Colegio Liceo Psicopedagógico Marco Fidel Suárez,Liceo Psicopedagógico Marco Fidel Suárez,18,Rafael Uribe Uribe,DIAG 46 Sur #13 - 40,4.567893389999995,-74.11835891999999,geocodificado,IDECA/Catastro Bogotá - Puestos de Votación 2023,SANTA LUCÍA (BTA),6,6,3,90,1,1,0,4,100.0,50.0,46
160011847,18,47,Colegio Distrital María Cano,MARIA CANO,MARIA CANO,Colegio Distrital María Cano,María Cano,18,Rafael Uribe Uribe,TRV 5 U # 48 J - 30 Sur,4.559253421999983,-74.11541593200002,geocodificado,IDECA/Catastro Bogotá - Puestos de Votación 2023,SANTA LUCÍA (BTA),9,9,4,114,0,6,1,2,100.0,44.4,47
160011848,18,48,Colegio Distrital Cafam Santa Lucía,CAFAM SANTA LUCIA,CAFAM SANTA LUCIA,Colegio Distrital Cafam Santa Lucía,CAFAM Santa Lucía,18,Rafael Uribe Uribe,"DIAG 36 Sur # 16 B - 26 / 
CRA 13 G # 37 - 80 Sur",4.5747160000000235,-74.11847699999998,geocodificado,IDECA/Catastro Bogotá - Puestos de Votación 2023,SANTA LUCÍA (BTA),11,9,3,32,0,7,2,0,81.8,27.3,48
160011849,18,49,Salón Comunal Comuneros,COLEGIO DISTRITAL DIANA TURBAY SEDE B,COLEGIO DISTRITAL DIANA TURBAY SEDE B,Salón Comunal Comuneros,Colegio Distrital Diana Turbay Sede B,18,Rafael Uribe Uribe,"DIAG 49 Sur # 2 A - 01
CLL 49 Sur # 2 - 15",4.545310286000017,-74.10746259199999,geocodificado,IDECA/Catastro Bogotá - Puestos de Votación 2023,EL SOSIEGO,3,3,1,6,1,2,0,0,100.0,33.3,49
160011850,18,50,Colegio Distrital Alianza Quiroga,ALIANZA QUIROGA,ALIANZA QUIROGA,Colegio Distrital Alianza Quiroga,Alianza Quiroga,18,Rafael Uribe Uribe,CRA 23 # 35 - 20 Sur,4.579603237000015,-74.117287428,geocodificado,IDECA/Catastro Bogotá - Puestos de Votación 2023,SANTA LUCÍA (BTA),2,1,0,3,0,1,0,0,50.0,0.0,50
160011851,18,51,Colegio Distrital Estados Unidos de América,ESTADOS UNIDOS DE AMERICA,ESTADOS UNIDOS DE AMERICA,Colegio Distrital Estados Unidos de América,Estados Unidos de América,18,Rafael Uribe Uribe,CLL 22 Sur # 22 - 65 / CLL 22 Sur # 24 B - 65,4.584815526999989,-74.106008148,geocodificado,IDECA/Catastro Bogotá - Puestos de Votación 2023,SANTANDER,5,4,1,32,1,2,0,1,80.0,20.0,51
160011853,18,53,Colegio Distrital Liceo Femenino Mercedes Nariño,LICEO FEMENINO MERCEDES NARIÑO,LICEO FEMENINO MERCEDES NARIÑO,Colegio Distrital Liceo Femenino Mercedes Nariño,Liceo Femenino Mercedes Nariño,18,Rafael Uribe Uribe,"AV CRA 14 # 23 - 24 Sur /
CRA 14 # 22A - 24 Sur",4.58055906200002,-74.10338391200003,geocodificado,IDECA/Catastro Bogotá - Puestos de Votación 2023,SANTA LUCÍA (BTA),2,2,1,9,0,1,1,0,100.0,50.0,53
160011856,18,56,Colegio Distrital  Restrepo Millán Sede A,COLEGIO  RESTREPO MILLAN SEDE  A,COLEGIO  RESTREPO MILLAN SEDE  A,Colegio Distrital  Restrepo Millán Sede A,Colegio  Restrepo Millán Sede A,18,Rafael Uribe Uribe,CLL 40 Sur # 23 - 25,4.579301704999978,-74.12087787000002,geocodificado,IDECA/Catastro Bogotá - Puestos de Votación 2023,SANTA LUCÍA (BTA),4,4,1,27,2,1,0,1,100.0,25.0,56
160011857,18,57,IDIPRON UPI Molinos (Unidad de Prevención Infantil),FE Y ALEGRIA ONG,FE Y ALEGRIA ONG,IDIPRON UPI Molinos (Unidad de Prevención Infantil),IDIPRON UPI Molinos,18,Rafael Uribe Uribe,CRA 5 A Bis # 48N-48 Sur,4.553168190000008,-74.10886904699998,geocodificado,IDECA/Catastro Bogotá - Puestos de Votación 2023,LA VICTORIA,3,2,2,13,0,1,0,1,66.7,66.7,57
160011860,18,60,Colegio Parroquial Inmaculado Corazón de Maria,COL PARROQUIAL INMACULADO CORAZON MARIA,COL PARROQUIAL INMACULADO CORAZON MARIA,Colegio Parroquial Inmaculado Corazón de Maria,Colegio Parroquial Inmaculado Corazón de Maria,18,Rafael Uribe Uribe,"CLL 44 Sur # 28-61 / 
CLL 44 Sur # 27-75",4.584490334000009,-74.12772884200001,geocodificado,IDECA/Catastro Bogotá - Puestos de Votación 2023,SAN VICENTE FERRER,1,1,0,9,0,0,1,0,100.0,0.0,60
160011861,18,61,Instituto San Antonio de Padua,INSTITUTO SAN ANTONIO DE PADUA,INSTITUTO SAN ANTONIO DE PADUA,Instituto San Antonio de Padua,Instituto San Antonio de Padua,18,Rafael Uribe Uribe,CRA 20 # 42A-56 Sur,4.575787639999987,-74.12304363800001,geocodificado,IDECA/Catastro Bogotá - Puestos de Votación 2023,SANTA LUCÍA (BTA),5,5,2,29,0,4,0,1,100.0,40.0,61
160011863,18,63,Polideportivo Molinos II,POLIDEPORTIVO MOLINOS II,POLIDEPORTIVO MOLINOS II,Polideportivo Molinos II,Polideportivo Molinos II,18,Rafael Uribe Uribe,"CLL 48 P Bis C Sur # 4 - 30 /
CRA 5 # 48P - 10 Sur",4.551606683999978,-74.10774667700002,geocodificado,IDECA/Catastro Bogotá - Puestos de Votación 2023,EL SOSIEGO,1,1,0,1,0,1,0,0,100.0,0.0,63
160011901,19,01,Colegio Distrital León de Greiff,LUCERO DEL SUR,LUCERO DEL SUR,Colegio Distrital León de Greiff,Lucero del Sur,19,Ciudad Bolívar,"CRA 17 B Bis A # 67 - 30 Sur /
 CRA 17 B Bis A # 67 - 48 Sur",4.55066115599999,-74.13841960299999,geocodificado,IDECA/Catastro Bogotá - Puestos de Votación 2023,LUCERO BAJO,14,12,1,64,4,1,5,2,85.7,7.1,1
160011902,19,02,Colegio Distrital Don Bosco La Joya Sede A,SAN JOAQUIN DEL VATICANO,SAN JOAQUIN DEL VATICANO,Colegio Distrital Don Bosco La Joya Sede A,San Joaquín del Vaticano,19,Ciudad Bolívar,CLL 80 A Sur # 18 C - 70,4.537077279000016,-74.14493207800001,geocodificado,IDECA/Catastro Bogotá - Puestos de Votación 2023,LUCERO BAJO,7,7,2,16,3,3,0,1,100.0,28.6,2
160011904,19,04,Colegio Distrital Bicentenario,EL TESORO,EL TESORO,Colegio Distrital Bicentenario,El Tesoro,19,Ciudad Bolívar,"CLL 81 Sur # 18 M - 02 / 
CLL 81 Sur # 18 P - 08",4.5349725830000125,-74.14944513799998,geocodificado,IDECA/Catastro Bogotá - Puestos de Votación 2023,LUCERO BAJO,12,10,3,58,2,4,1,3,83.3,25.0,4
160011905,19,05,Colegio Distrital República de México - Sede Principal,MEXICO,MEXICO,Colegio Distrital República de México - Sede Principal,México,19,Ciudad Bolívar,"CLL 64 Sur # 17 - 50 / 
CRA 17 # 64 - 14 Sur",4.555005581999978,-74.13659955000003,geocodificado,IDECA/Catastro Bogotá - Puestos de Votación 2023,LUCERO BAJO,6,6,1,32,3,0,1,2,100.0,16.7,5
160011906,19,06,Colegio Distrital El Recuerdo - Sede A,LUCERO MEDIO,LUCERO MEDIO,Colegio Distrital El Recuerdo - Sede A,Lucero Medio,19,Ciudad Bolívar,CLL 69 Sur # 18 B - 35,4.549026850000018,-74.14561460300001,geocodificado,IDECA/Catastro Bogotá - Puestos de Votación 2023,LUCERO BAJO,4,3,0,26,1,1,0,1,75.0,0.0,6
160011907,19,07,Colegio Distrital Rafaél Uribe Uribe,VISTAHERMOSA,VISTAHERMOSA,Colegio Distrital Rafaél Uribe Uribe,Vistahermosa,19,Ciudad Bolívar,DIAG 71 B Sur # 18 I - 20,4.547101881000003,-74.14905681699997,geocodificado,IDECA/Catastro Bogotá - Puestos de Votación 2023,LUCERO BAJO,3,3,1,85,1,0,0,2,100.0,33.3,7
160011908,19,08,Colegio Distrital La Acacia II - Sede A,LA ACACIA,LA ACACIA,Colegio Distrital La Acacia II - Sede A,La Acacia,19,Ciudad Bolívar,CLL 62 Sur # 19 B – 42,4.560672140999998,-74.14226652100001,geocodificado,IDECA/Catastro Bogotá - Puestos de Votación 2023,CANDELARIA LA NUEVA,15,14,3,124,5,4,1,4,93.3,20.0,8
160011909,19,09,Colegio Distrital Tanque Laguna - Sede B,JERUSALEN (EL TANQUE),JERUSALEN (EL TANQUE),Colegio Distrital Tanque Laguna - Sede B,Jerusalén (El Tanque),19,Ciudad Bolívar,CLL 75 Sur # 46 B - 16,4.571907093999982,-74.16542993299998,geocodificado,IDECA/Catastro Bogotá - Puestos de Votación 2023,CANDELARIA LA NUEVA,4,4,0,12,2,1,1,0,100.0,0.0,9
160011910,19,10,Colegio Distrital Santa Bárbara,JUAN PABLO II,JUAN PABLO II,Colegio Distrital Santa Bárbara,Juan Pablo II,19,Ciudad Bolívar,"CRA 18 P # 67 C - 21 Sur /
CRA 18 Q Bis B # 67 C - 21 Sur",4.555261992999988,-74.14786307700001,geocodificado,IDECA/Catastro Bogotá - Puestos de Votación 2023,CANDELARIA LA NUEVA,5,3,1,16,1,0,1,1,60.0,20.0,10
160011911,19,11,Colegio Distrital Nicolas Gómez Dávila,SAN FRANCISCO,SAN FRANCISCO,Colegio Distrital Nicolas Gómez Dávila,San Francisco,19,Ciudad Bolívar,CLL 67 Sur # 20 D - 20,4.563622939000027,-74.14905784799998,geocodificado,IDECA/Catastro Bogotá - Puestos de Votación 2023,CANDELARIA LA NUEVA,17,16,2,94,2,6,5,3,94.1,11.8,11
160011912,19,12,Colegio Distrital Rodrigo Lara Bonilla,CANDELARIA LA NUEVA,CANDELARIA LA NUEVA,Colegio Distrital Rodrigo Lara Bonilla,Candelaria La Nueva,19,Ciudad Bolívar,"DIAG 64 A Sur # 41 - 51 / 
CRA 43A # 66-51 Sur",4.571103852000022,-74.15287385200003,geocodificado,IDECA/Catastro Bogotá - Puestos de Votación 2023,CANDELARIA LA NUEVA,35,32,4,171,6,15,3,8,91.4,11.4,12
160011913,19,13,Colegio Distrital Arborizadora Baja,ARBORIZADORA BAJA,ARBORIZADORA BAJA,Colegio Distrital Arborizadora Baja,Arborizadora Baja,19,Ciudad Bolívar,"CLL 59 I Sur # 44 A - 02 / 
CLL 59 Sur # 44 A - 09 ",4.575463316000025,-74.151524118,geocodificado,IDECA/Catastro Bogotá - Puestos de Votación 2023,CANDELARIA LA NUEVA,26,19,1,109,5,7,3,4,73.1,3.8,13
160011914,19,14,Colegio Distrital El Ensueño,MADELENA,MADELENA,Colegio Distrital El Ensueño,Madelena,19,Ciudad Bolívar,TRV 70 D # 60 - 90 Sur,4.586369214000001,-74.15838841200002,geocodificado,IDECA/Catastro Bogotá - Puestos de Votación 2023,CANDELARIA LA NUEVA,14,14,3,164,3,2,2,7,100.0,21.4,14
160011915,19,15,Colegio Distrital Ismael Perdomo,ISMAEL PERDOMO,ISMAEL PERDOMO,Colegio Distrital Ismael Perdomo,Ismael Perdomo,19,Ciudad Bolívar,CLL 64 Sur # 71 F - 18,4.587222699999984,-74.16541520099997,geocodificado,IDECA/Catastro Bogotá - Puestos de Votación 2023,CANDELARIA LA NUEVA,12,10,6,53,1,5,2,2,83.3,50.0,15
160011917,19,17,Colegio Distrital José Celestino Mutis,MOCHUELO BAJO,MOCHUELO BAJO,Colegio Distrital José Celestino Mutis,Mochuelo Bajo,19,Ciudad Bolívar,El Clavel KM 10 Vía Quiba,4.510414233000006,-74.15202863899998,geocodificado,IDECA/Catastro Bogotá - Puestos de Votación 2023,LUCERO BAJO,6,6,0,32,2,2,0,2,100.0,0.0,17
160011918,19,18,Colegio Distrital José Jaime Rojas,CORDILLERA,CORDILLERA,Colegio Distrital José Jaime Rojas,Cordillera,19,Ciudad Bolívar,"CRA 18 R # 77 - 16 Sur / 
CLL 77 A # 18 U - 91 Sur",4.539866761999974,-74.14964728000001,geocodificado,IDECA/Catastro Bogotá - Puestos de Votación 2023,LUCERO BAJO,1,1,1,20,0,0,0,1,100.0,100.0,18
160011919,19,19,Colegio Distrital Ciudad Bolívar Argentina - Sede B,NUEVA ARGENTINA,NUEVA ARGENTINA,Colegio Distrital Ciudad Bolívar Argentina - Sede B,Nueva Argentina,19,Ciudad Bolívar,CLL 72 Sur # 47 B - 09,4.573266182999987,-74.16226333100002,geocodificado,IDECA/Catastro Bogotá - Puestos de Votación 2023,CANDELARIA LA NUEVA,4,4,0,33,0,2,0,2,100.0,0.0,19
160011920,19,20,Colegio Distrital La Estancia San Isidro,LA ESTANCIA,LA ESTANCIA,Colegio Distrital La Estancia San Isidro,La Estancia,19,Ciudad Bolívar,"CLL 59 A Sur # 75 B - 75 
CRA 75 # 59 - 45 Sur",4.593077627000014,-74.17636492499997,geocodificado,IDECA/Catastro Bogotá - Puestos de Votación 2023,BOSA LA ESTACION,22,22,6,91,7,9,3,3,100.0,27.3,20
160011921,19,21,Colegio Distrital Paraíso Mirador - Sede B,EL PARAISO,EL PARAISO,Colegio Distrital Paraíso Mirador - Sede B,El Paraíso,19,Ciudad Bolívar,CRA 27 B # 71 C - 12 Sur,4.552388764999989,-74.15899211599998,geocodificado,IDECA/Catastro Bogotá - Puestos de Votación 2023,LUCERO BAJO,7,5,0,32,1,2,0,2,71.4,0.0,21
160011923,19,23,Colegio Distrital Paraíso Manuela Beltrán - Sede A,MANUELA BELTRAN,MANUELA BELTRAN,Colegio Distrital Paraíso Manuela Beltrán - Sede A,Manuela Beltrán,19,Ciudad Bolívar,"CRA 45 C # 69 D - 15 Sur /
CLL 69 D Sur # 45 B - 37 ",4.57256518600002,-74.15747735100001,geocodificado,IDECA/Catastro Bogotá - Puestos de Votación 2023,CANDELARIA LA NUEVA,7,7,4,94,2,0,2,3,100.0,57.1,23
160011924,19,24,Colegio Distrital CEDIT Ciudad Bolívar,SIERRA MORENA,SIERRA MORENA,Colegio Distrital CEDIT Ciudad Bolívar,Sierra Morena,19,Ciudad Bolívar,CLL 70 Sur # 56 - 11,4.577678520999996,-74.16562389799998,geocodificado,IDECA/Catastro Bogotá - Puestos de Votación 2023,CANDELARIA LA NUEVA,18,14,3,71,5,4,2,3,77.8,16.7,24
160011925,19,25,Colegio Distrital Antonio García,SOTAVENTO,SOTAVENTO,Colegio Distrital Antonio García,Sotavento,19,Ciudad Bolívar,CRA 17 F # 73 A - 31 Sur,4.544400307999979,-74.13939966599997,geocodificado,IDECA/Catastro Bogotá - Puestos de Votación 2023,LUCERO BAJO,24,17,6,238,4,7,1,5,70.8,25.0,25
160011926,19,26,Colegio Distrital Sierra Morena -  Sede B,SANTO DOMINGO,SANTO DOMINGO,Colegio Distrital Sierra Morena -  Sede B,Santo Domingo,19,Ciudad Bolívar,"CLL 62 B Sur # 77 C - 11 / 
CLL 68 B Sur # 77 A - 07 ",4.578844444000026,-74.178939641,geocodificado,IDECA/Catastro Bogotá - Puestos de Votación 2023,CANDELARIA LA NUEVA,4,3,2,7,1,2,0,0,75.0,50.0,26
160011927,19,27,Colegio Distrital Villa Mar - Sede A,VILLA GLORIA SUR,VILLA GLORIA SUR,Colegio Distrital Villa Mar - Sede A,Villa Gloria Sur,19,Ciudad Bolívar,CRA 18 M # 69 J - 25 Sur,4.5534594709999965,-74.15275059700002,geocodificado,IDECA/Catastro Bogotá - Puestos de Votación 2023,CANDELARIA LA NUEVA,1,1,0,0,1,0,0,0,100.0,0.0,27
160011928,19,28,Colegio Distrital Cundinamarca,GALICIA,GALICIA,Colegio Distrital Cundinamarca,Galicia,19,Ciudad Bolívar,CLL 60 A Sur # 73 - 31,4.5909999119999725,-74.17067691900002,geocodificado,IDECA/Catastro Bogotá - Puestos de Votación 2023,BOSA LA ESTACION,19,18,4,407,6,3,2,7,94.7,21.1,28
160011929,19,29,Colegio Distrital Gimnasio Sabio Caldas,COLEGIO DISTRITAL GIMNASIO SABIO CALDAS,COLEGIO DISTRITAL GIMNASIO SABIO CALDAS,Colegio Distrital Gimnasio Sabio Caldas,Arborizadora Alta,19,Ciudad Bolívar,"CRA 42 # 72 C - 24 Sur /
CRA 42 # 73 A - 10 Sur ",4.5678576270000235,-74.16372346700001,geocodificado,IDECA/Catastro Bogotá - Puestos de Votación 2023,CANDELARIA LA NUEVA,33,33,9,224,13,5,4,11,100.0,27.3,29
160011930,19,30,Universidad ECCI Sede Sur,CASAVIANCA - UNIVERSIDAD ECCI,CASAVIANCA - UNIVERSIDAD ECCI,Universidad ECCI Sede Sur,Casavianca- Universidad ECCI Sede Sur,19,Ciudad Bolívar,"CLL 57 Z Sur # 75 D - 10 / 
CRA 76A Sur # 57 R - 10S",4.596277697000005,-74.18008042700001,geocodificado,IDECA/Catastro Bogotá - Puestos de Votación 2023,BOSA LA ESTACION,1,1,1,0,1,0,0,0,100.0,100.0,30
160011931,19,31,Facultad Tecnológica Universidad Distrital,CASONA LIBERTADOR COL DIS MARIA CURREA M,CASONA LIBERTADOR COL DIS MARIA CURREA M,Facultad Tecnológica Universidad Distrital,Casona - Colegio Distrital Maria Currea Manrique,19,Ciudad Bolívar,CLL 58 D Sur # 51 - 10,4.581501275999983,-74.15309675499998,geocodificado,IDECA/Catastro Bogotá - Puestos de Votación 2023,CANDELARIA LA NUEVA,38,36,4,287,3,16,5,12,94.7,10.5,31
160011932,19,32,Colegio Distrital Guillermo Ca# Isaza,MEISSEN,MEISSEN,Colegio Distrital Guillermo Ca# Isaza,Meissen,19,Ciudad Bolívar,"CRA 16 C # 62 - 35 Sur /
CRA 16 C # 62 - 81 Sur ",4.556714752999994,-74.13563345799997,geocodificado,IDECA/Catastro Bogotá - Puestos de Votación 2023,CANDELARIA LA NUEVA,5,4,1,185,0,1,1,2,80.0,20.0,32
160011933,19,33,Colegio Distrital Sierra Morena -  Sede C (Divino Niño),POTOSI (LA LAGUNA),POTOSI (LA LAGUNA),Colegio Distrital Sierra Morena -  Sede C (Divino Niño),Potosí (La Laguna),19,Ciudad Bolívar,TRV 46 A # 79 D - 15 Sur,4.570871195999985,-74.16954199600002,geocodificado,IDECA/Catastro Bogotá - Puestos de Votación 2023,CANDELARIA LA NUEVA,9,9,5,113,1,2,3,3,100.0,55.6,33
160011935,19,35,Colegio Distrital Estrella del Sur - Sede C,ESTRELLA DEL SUR,ESTRELLA DEL SUR,Colegio Distrital Estrella del Sur - Sede C,Estrella del Sur,19,Ciudad Bolívar,CLL 74 A Sur # 18 - 23,4.543099051000013,-74.14255463799998,geocodificado,IDECA/Catastro Bogotá - Puestos de Votación 2023,LUCERO BAJO,3,3,1,11,1,1,1,0,100.0,33.3,35
160011936,19,36,Salón Comunal Nuevo Caracolí,CARACOLI,CARACOLI,Salón Comunal Nuevo Caracolí,Caracolí,19,Ciudad Bolívar,CLL 77 Sur # 73 C 18,4.57264018799998,-74.171151168,geocodificado,IDECA/Catastro Bogotá - Puestos de Votación 2023,CANDELARIA LA NUEVA,2,2,1,17,0,0,1,1,100.0,50.0,36
160011938,19,38,Colegio Distrital República de Canadá,BRISAS DEL VOLADOR,BRISAS DEL VOLADOR,Colegio Distrital República de Canadá,Brisas del Volador,19,Ciudad Bolívar,CLL 76 Sur # 24 A - 11,4.541085582999983,-74.15459903700003,geocodificado,IDECA/Catastro Bogotá - Puestos de Votación 2023,LUCERO BAJO,3,2,0,2,1,1,0,0,66.7,0.0,38
160011939,19,39,Comedor Comunitario,DIVINO NIÑO,DIVINO NIÑO,Comedor Comunitario,Divino Niño,19,Ciudad Bolívar,"CLL 78 C Sur # 16 - 29 /
CLL 78 C Sur # 16 P - 29",4.537809185000015,-74.13810351699999,geocodificado,IDECA/Catastro Bogotá - Puestos de Votación 2023,LUCERO BAJO,4,3,1,15,0,1,2,0,75.0,25.0,39
160011940,19,40,Casa Grande - Col Dist Agudelo Restrepo,CASA GRANDE - COL DIST AGUDELO RESTREPO,CASA GRANDE - COL DIST AGUDELO RESTREPO,Casa Grande - Col Dist Agudelo Restrepo,Casa Grande - Colegio Distrital Agudelo Restrepo,19,Ciudad Bolívar,"CLL 68 D Bis A Sur # 63 - 34 / 
CLL 68 D Bis A Sur # 63 - 35",4.581181990000005,-74.16048694800003,geocodificado,IDECA/Catastro Bogotá - Puestos de Votación 2023,CANDELARIA LA NUEVA,12,11,6,95,0,4,2,5,91.7,50.0,40
160011941,19,41,Colegio Rómulo Gallego Sede B (Villas del Diamante),MONTREAL,MONTREAL,Colegio Rómulo Gallego Sede B (Villas del Diamante),Montreal,19,Ciudad Bolívar,CRA 17 B # 64 B - 45 Sur,4.553398000000016,-74.13828899999999,geocodificado,IDECA/Catastro Bogotá - Puestos de Votación 2023,LUCERO BAJO,4,2,0,2,1,1,0,0,50.0,0.0,41
160011942,19,42,Colegio Distrital Unión Europea Sede A,UNION EUROPEA,UNION EUROPEA,Colegio Distrital Unión Europea Sede A,Unión Europea,19,Ciudad Bolívar,"CRA 18 M # 63 D - 09 Sur / 
CRA 18 M # 63 D -15 Sur",4.555916853999975,-74.14190997600002,geocodificado,IDECA/Catastro Bogotá - Puestos de Votación 2023,LUCERO BAJO,6,5,3,60,2,0,0,3,83.3,50.0,42
160011943,19,43,Colegio Distrital San Francisco Sede B,SAN FRANCISCO SEDE B,SAN FRANCISCO SEDE B,Colegio Distrital San Francisco Sede B,San Francisco Sede B,19,Ciudad Bolívar,"CRA 20 C # 67 - 00 Sur / 
CLL 67 Sur # 20 A - 51 ",4.562514261999979,-74.14975263100001,geocodificado,IDECA/Catastro Bogotá - Puestos de Votación 2023,CANDELARIA LA NUEVA,1,1,0,3,0,1,0,0,100.0,0.0,43
160011944,19,44,Colegio Distrital San Francisco Sede A,SAN FRANCISCO SEDE A,SAN FRANCISCO SEDE A,Colegio Distrital San Francisco Sede A,San Francisco Sede A,19,Ciudad Bolívar,CRA 22 # 64 - 29 Sur,4.566305,-74.14712700000001,geocodificado,IDECA/Catastro Bogotá - Puestos de Votación 2023,CANDELARIA LA NUEVA,18,17,3,80,4,7,2,4,94.4,16.7,44
160011945,19,45,Vía pública al costado del Colegio Distrital Rodrigo Lara Bonilla Sede B (José Celesti# Mutis),JOSE CELESTINO MUTIS,JOSE CELESTINO MUTIS,Vía pública al costado del Colegio Distrital Rodrigo Lara Bonilla Sede B (José Celesti# Mutis),José Celestino Mutis,19,Ciudad Bolívar,CRA 29 entre Calles 64 y 64 C Sur,4.568745078000006,-74.149977406,geocodificado,IDECA/Catastro Bogotá - Puestos de Votación 2023,CANDELARIA LA NUEVA,14,14,2,87,6,1,2,5,100.0,14.3,45
160011946,19,46,Colegio Distrital María Mercedes Carranza,BONAVISTA,BONAVISTA,Colegio Distrital María Mercedes Carranza,Bonavista,19,Ciudad Bolívar,TRV 70 G # 65 - 02 Sur,4.58689099999998,-74.16333300000002,geocodificado,IDECA/Catastro Bogotá - Puestos de Votación 2023,CANDELARIA LA NUEVA,14,13,3,53,5,3,3,2,92.9,21.4,46
160011948,19,48,Colegio Distrital Paraíso Mirador,EL MIRADOR CIUDAD BOLIVAR,EL MIRADOR CIUDAD BOLIVAR,Colegio Distrital Paraíso Mirador,El Mirador,19,Ciudad Bolívar,CRA 27 L # 71 H - 46 Sur,4.551558049999983,-74.16189115399999,geocodificado,IDECA/Catastro Bogotá - Puestos de Votación 2023,LUCERO BAJO,8,7,1,50,2,3,1,1,87.5,12.5,48
160011949,19,49,Colegio Distrital Estrella del Sur Sede B,LAS QUINTAS,LAS QUINTAS,Colegio Distrital Estrella del Sur Sede B,Las Quintas,19,Ciudad Bolívar,CLL 75 Sur # 18 B - 45,4.542262439000012,-74.14440778300002,geocodificado,IDECA/Catastro Bogotá - Puestos de Votación 2023,LUCERO BAJO,7,5,0,9,4,0,1,0,71.4,0.0,49
160011950,19,50,Colegio Distrital Fanny Mikey,COLEGIO FANNY MIKEY,COLEGIO FANNY MIKEY,Colegio Distrital Fanny Mikey,Colegio Fanny Mikey,19,Ciudad Bolívar,"CRA 18 # 70 A - 05 Sur / 
CRA 18N # 70 A - 51 Sur",4.549826462999988,-74.15253320900001,geocodificado,IDECA/Catastro Bogotá - Puestos de Votación 2023,CANDELARIA LA NUEVA,1,1,0,10,0,0,0,1,100.0,0.0,50
160011951,19,51,Colegio Distrital Santa Barbara Sur,MARANDU,MARANDU,Colegio Distrital Santa Barbara Sur,Marandú,19,Ciudad Bolívar,CRA 18 U # 65 - 01 SUR,4.557569220000005,-74.14606568099998,geocodificado,IDECA/Catastro Bogotá - Puestos de Votación 2023,CANDELARIA LA NUEVA,2,2,0,24,1,0,0,1,100.0,0.0,51
160011952,19,52,Col Dist Arborizadora Alta Sede A,COL DIST ARBORIZADORA ALTA SEDE A,COL DIST ARBORIZADORA ALTA SEDE A,Col Dist Arborizadora Alta Sede A,Col Dist Arborizadora Alta Sede A,19,Ciudad Bolívar,"CRA 43 # 70A - 50 Sur / 
CRA 42 # 70A - 70 Sur",4.5684596070000225,-74.16021963999998,geocodificado,IDECA/Catastro Bogotá - Puestos de Votación 2023,CANDELARIA LA NUEVA,6,6,0,19,2,3,1,0,100.0,0.0,52
160011953,19,53,Centro de Desarrollo Educativo IDIPRON,BALMORAL,BALMORAL,Centro de Desarrollo Educativo IDIPRON,Balmoral,19,Ciudad Bolívar,"CRA 70C # 60 B - 05 Sur / 
AV CRA 70C # 60 B - 05 Sur",4.591654939000023,-74.16167387500002,geocodificado,IDECA/Catastro Bogotá - Puestos de Votación 2023,CANDELARIA LA NUEVA,4,4,2,26,1,1,1,1,100.0,50.0,53
160011954,19,54,Liceo Contadora,LA CORUÑA - LICEO CONTADORA,LA CORUÑA - LICEO CONTADORA,Liceo Contadora,La Coruña - Liceo Contadora,19,Ciudad Bolívar,"CLL 59 Sur # 45 D - 15 / 
CLL 59 C Sur # 45 D - 15",4.575745021999978,-74.15352522799998,geocodificado,IDECA/Catastro Bogotá - Puestos de Votación 2023,CANDELARIA LA NUEVA,8,8,0,23,3,2,3,0,100.0,0.0,54
160011955,19,55,Colegio Distrital Sierra Morena Sede A,TANQUE-SIERRA MORENA,TANQUE-SIERRA MORENA,Colegio Distrital Sierra Morena Sede A,Tanque - Sierra Morena,19,Ciudad Bolívar,"CLL 77 Sur # 65 - 01 / 
CLL 75 C Sur # 71 - 03",4.574785834000011,-74.169576845,geocodificado,IDECA/Catastro Bogotá - Puestos de Votación 2023,CANDELARIA LA NUEVA,3,2,0,25,0,0,0,2,66.7,0.0,55
160011956,19,56,Colegio Cerro del Sur,ICES LAS BRISAS,ICES LAS BRISAS,Colegio Cerro del Sur,ICES Las Brisas,19,Ciudad Bolívar,CLL 81 Sur # 42 - 09,4.5682414780000045,-74.171090822,geocodificado,IDECA/Catastro Bogotá - Puestos de Votación 2023,CANDELARIA LA NUEVA,4,4,0,35,1,0,2,1,100.0,0.0,56
160011957,19,57,Colegio Compartir San Isidro,ALTOS DE LA ESTANCIA,ALTOS DE LA ESTANCIA,Colegio Compartir San Isidro,Altos de La Estancia,19,Ciudad Bolívar,CRA 77 C # 59 A - 15 Sur,4.591730873000017,-74.181927067,geocodificado,IDECA/Catastro Bogotá - Puestos de Votación 2023,BOSA LA ESTACION,2,1,1,12,0,0,0,1,50.0,50.0,57
160011958,19,58,Salón Comunal Los Sauces,SALON COMUNAL LOS SAUCES,SALON COMUNAL LOS SAUCES,Salón Comunal Los Sauces,Salón Comunal Los Sauces,19,Ciudad Bolívar,CRA 19 F # 68 F 34 Sur,4.560097912000003,-74.15083912400002,geocodificado,IDECA/Catastro Bogotá - Puestos de Votación 2023,KENNEDY CLASS ROMA,2,1,0,5,0,1,0,0,50.0,0.0,58
160011959,19,59,Centro Comercial Gran Plaza El Ensueño,GRAN PLAZA EL ENSUEÑO,GRAN PLAZA EL ENSUEÑO,Centro Comercial Gran Plaza El Ensueño,Gran Plaza El Ensueño,19,Ciudad Bolívar,"CRA 51 # 59 C - 93 Sur
/ CLL 59 Sur # 51 - 21",4.581217552999988,-74.15675720799999,geocodificado,IDECA/Catastro Bogotá - Puestos de Votación 2023,CANDELARIA LA NUEVA,33,32,8,257,8,8,4,12,97.0,24.2,59
160011960,19,60,Conjunto Residencial Casa Linda Del Tunal Unidad 2,CASA LINDA TUNAL UNIDAD 2,CASA LINDA TUNAL UNIDAD 2,Conjunto Residencial Casa Linda Del Tunal Unidad 2,Casa Linda Tunal Unidad 2,19,Ciudad Bolívar,CLL 60 Sur # 22 B - 55,4.569139026000016,-74.14470500200002,geocodificado,IDECA/Catastro Bogotá - Puestos de Votación 2023,CANDELARIA LA NUEVA,6,6,3,43,2,0,1,3,100.0,50.0,60
160011961,19,61,Salón Comunal Arborizadora Baja,ARBORIZADORA BAJA SALON COMUNAL,ARBORIZADORA BAJA SALON COMUNAL,Salón Comunal Arborizadora Baja,Arborizadora Baja Salón Comunal,19,Ciudad Bolívar,CLL 59 A Sur # 42 - 20,4.574008096,-74.15135665700001,geocodificado,IDECA/Catastro Bogotá - Puestos de Votación 2023,CANDELARIA LA NUEVA,13,11,2,125,3,3,0,5,84.6,15.4,61
160011962,19,62,Salón Comunal Sierra Morena I,SALON COMUNAL SIERRA MORENA I,SALON COMUNAL SIERRA MORENA I,Salón Comunal Sierra Morena I,Salón Comunal Sierra Morena I,19,Ciudad Bolívar,CRA 73 D # 69 B - 04 Sur,4.581285367000021,-74.16745589099997,geocodificado,IDECA/Catastro Bogotá - Puestos de Votación 2023,CANDELARIA LA NUEVA,3,2,2,89,0,0,0,2,66.7,66.7,62
160011963,19,63,Polideportivo La Estancia,POLIDEPORTIVO LA ESTANCIA,POLIDEPORTIVO LA ESTANCIA,Polideportivo La Estancia,Polideportivo La Estancia,19,Ciudad Bolívar,"CLL 59 Sur # 74 - 19 / 
CLL 59 Sur # 74C - 06",4.592812708999986,-74.173729901,geocodificado,IDECA/Catastro Bogotá - Puestos de Votación 2023,BOSA LA ESTACION,8,8,5,51,3,2,1,2,100.0,62.5,63
160011964,19,64,Colegio Distrital Calasanz (Buenavista),CALASANZ BUENAVISTA,CALASANZ BUENAVISTA,Colegio Distrital Calasanz (Buenavista),Calasanz (Buenavista),19,Ciudad Bolívar,"CRA 17 F #77 - 75 Sur/
CRA 17 F #77A - 11 Sur",4.5403137239999865,-74.13948629599997,geocodificado,IDECA/Catastro Bogotá - Puestos de Votación 2023,LUCERO BAJO,4,3,0,9,1,1,1,0,75.0,0.0,64
160011965,19,65,Salón Comunal San Francisco I Sector,SALON COMUNAL SAN  FRANCISCO I SECTOR,SALON COMUNAL SAN  FRANCISCO I SECTOR,Salón Comunal San Francisco I Sector,Salón Comunal San Francisco I Sector,19,Ciudad Bolívar,CRA 20 D # 63 - 11 Sur,4.564640861999976,-74.14515809900001,geocodificado,IDECA/Catastro Bogotá - Puestos de Votación 2023,CANDELARIA LA NUEVA,1,0,0,0,0,0,0,0,0.0,0.0,65
160011966,19,66,Casa de la Cultura Ciudad Bolívar,CASA DE LA CULTURA CIUDAD BOLIVAR,CASA DE LA CULTURA CIUDAD BOLIVAR,Casa de la Cultura Ciudad Bolívar,Casa de la Cultura Ciudad Bolívar,19,Ciudad Bolívar,"CRA 38 # 59 B - 43 Sur / 
CL 59B Bis Sur # 38 - 05",4.572982840000009,-74.15093495399998,geocodificado,IDECA/Catastro Bogotá - Puestos de Votación 2023,CANDELARIA LA NUEVA,6,4,0,10,1,2,1,0,66.7,0.0,66
160011967,19,67,Colegio Distrital Ciudad Bolívar Argentina,COLEGIO CIUDAD BOLIVAR ARGENTINA IED,COLEGIO CIUDAD BOLIVAR ARGENTINA IED,Colegio Distrital Ciudad Bolívar Argentina,Colegio Ciudad Bolívar Argentina IED,19,Ciudad Bolívar,"CLL 70 Sur # 54 - 12 /
CLL 70 Sur # 56 - 45",4.578241588000026,-74.165003501,geocodificado,IDECA/Catastro Bogotá - Puestos de Votación 2023,CANDELARIA LA NUEVA,11,11,3,82,3,0,4,4,100.0,27.3,67
160011968,19,68,Colegio Distrital Rogelio Salmona,ROGELIO SALMONA,ROGELIO SALMONA,Colegio Distrital Rogelio Salmona,Rogelio Salmona,19,Ciudad Bolívar,CLL 59 Sur # 65 - 42,4.587342734999993,-74.154928477,geocodificado,IDECA/Catastro Bogotá - Puestos de Votación 2023,CANDELARIA LA NUEVA,19,16,5,94,4,5,3,4,84.2,26.3,68
160011969,19,69,Jardín Infantil Lara Bonilla,JARDIN INFANTIL LARA BONILLA,JARDIN INFANTIL LARA BONILLA,Jardín Infantil Lara Bonilla,Jardín Infantil Lara Bonilla,19,Ciudad Bolívar,TRV 49 # 59 C - 15 Sur,4.578444767000008,-74.15479066,geocodificado,IDECA/Catastro Bogotá - Puestos de Votación 2023,CANDELARIA LA NUEVA,8,8,2,76,1,5,0,2,100.0,25.0,69
160011970,19,70,Centro Comercial Paseo del Rio,CENTRO COMERCIAL PASEO DEL RIO,CENTRO COMERCIAL PASEO DEL RIO,Centro Comercial Paseo del Rio,Centro Comercial Paseo del Rio,19,Ciudad Bolívar,CRA 57 C Sur # 62 - 60,4.598633554999992,-74.15391862000001,geocodificado,IDECA/Catastro Bogotá - Puestos de Votación 2023,CANDELARIA LA NUEVA,7,7,1,49,3,1,1,2,100.0,14.3,70
160011971,19,71,Jardín Infantil Candelaria La Nueva,JARDIN INFANTIL CANDELARIA LA NUEVA,JARDIN INFANTIL CANDELARIA LA NUEVA,Jardín Infantil Candelaria La Nueva,Jardín Infantil Candelaria La Nueva,19,Ciudad Bolívar,CRA 49 C Bis A  # 68 B - 07 Sur,4.578585154999985,-74.15760080400003,geocodificado,IDECA/Catastro Bogotá - Puestos de Votación 2023,CANDELARIA LA NUEVA,6,5,0,49,1,1,0,3,83.3,0.0,71
160011974,19,74,Col Dist Paraíso Mirador Sede Casetas,COL DIST PARAISO MIRADOR SEDE CASETAS,COL DIST PARAISO MIRADOR SEDE CASETAS,Col Dist Paraíso Mirador Sede Casetas,Col Dist Paraíso Mirador Sede Casetas,19,Ciudad Bolívar,"CRA 27 Q #71 N - 02 Sur / 
CLL 71P S # 27P - 08",4.549688885000023,-74.163998741,geocodificado,IDECA/Catastro Bogotá - Puestos de Votación 2023,CANDELARIA LA NUEVA,3,3,0,10,2,0,0,1,100.0,0.0,74
160011975,19,75,Universidad Minuto de Dios Sede Sur,UNIVERSIDAD MINUTO DE DIOS SEDE SUR,UNIVERSIDAD MINUTO DE DIOS SEDE SUR,Universidad Minuto de Dios Sede Sur,Universidad Minuto de Dios Sede Sur,19,Ciudad Bolívar,"CRA 72 # 57 R - 49 Sur / 
CRA 72 # 57 R - 41 Sur",4.593563188000019,-74.167381761,geocodificado,IDECA/Catastro Bogotá - Puestos de Votación 2023,BOSA LA ESTACION,4,4,2,10,1,2,1,0,100.0,50.0,75
160011976,19,76,Salón Comunal La Estancia,SALON COMUNAL LA ESTANCIA,SALON COMUNAL LA ESTANCIA,Salón Comunal La Estancia,Salón Comunal La Estancia,19,Ciudad Bolívar,CLL 59 # 74 G 55 Sur,4.5930383689999985,-74.174784021,geocodificado,IDECA/Catastro Bogotá - Puestos de Votación 2023,BOSA LA ESTACION,4,4,2,17,0,3,0,1,100.0,50.0,76
160011977,19,77,Col Dist Paradiso Manuela Beltran Sede B,COL DIST PARAISO MANUELA BELTRAN SEDE B,COL DIST PARAISO MANUELA BELTRAN SEDE B,Col Dist Paradiso Manuela Beltran Sede B,Col Dist Paradiso Manuela Beltran Sede B,19,Ciudad Bolívar,"CRA 46 A # 71-10 Sur / 
CRA 46 A # 71-21 Sur",4.571630916000004,-74.16124981299998,geocodificado,IDECA/Catastro Bogotá - Puestos de Votación 2023,CANDELARIA LA NUEVA,1,1,0,12,0,0,0,1,100.0,0.0,77
160012601,26,01,INT.DTAL.CASTILLO LA ALBORAYA,INT.DTAL.CASTILLO LA ALBORAYA,INT.DTAL.CASTILLO LA ALBORAYA,,,,,,,,pendiente_validacion,,LIJACÁ,1,1,0,0,1,0,0,0,100.0,0.0,
160013106,31,06,I.E. CAPILLA DEL ROSARIO,I.E. CAPILLA DEL ROSARIO,I.E. CAPILLA DEL ROSARIO,,,,,,,,pendiente_validacion,,CARVAJAL,1,1,0,3,0,1,0,0,100.0,0.0,
160013306,33,06,IED SANTA BERNARDITA,IED SANTA BERNARDITA,IED SANTA BERNARDITA,,,,,,,,pendiente_validacion,,LA COLINA,1,1,0,0,1,0,0,0,100.0,0.0,
160019001,90,01,CORFERIAS,PUESTO CENSO(FERIA EXPOSICION),COLEGIO BOLIVAR PRIMARIA | COLEGIO CELCO | ESTADIO CENTENARIO | IE SANTIAGO VILA ESCOBAR | PUESTO CENSO(FERIA EXPOSICION),CORFERIAS,Puesto Censo (Feria Exposición),90,Teusaquillo,CLL 24 # 37 - 94,4.630369648999988,-74.08994026099998,geocodificado,IDECA/Catastro Bogotá - Puestos de Votación 2023,BOSA LA ESTACION,28,21,3,62,11,6,2,2,75.0,10.7,1
160019801,98,01,Localidad Rafaél Uribe Uribe,CARCEL,CARCEL,Localidad Rafaél Uribe Uribe,Penitenciaría La Picota,98,Rafael Uribe Uribe,Vía Usme KM 5 / CLL 51 Sur # 5F - 50,4.549164521000023,-74.116428799,geocodificado,IDECA/Catastro Bogotá - Puestos de Votación 2023,EL SOSIEGO,1,1,0,1,0,1,0,0,100.0,0.0,1
160019901,99,01,ARENA DEL SUR,ARENA DEL SUR,ARENA DEL SUR | BUENOS AIRES | LA MAGDALENA,,,,,,,,pendiente_validacion,,FONTIBÓN,3,3,0,0,3,0,0,0,100.0,0.0,
160019903,99,03,EL SIGLO,EL SIGLO,EL SIGLO,,,,,,,,pendiente_validacion,,BOSA LA ESTACION,1,1,0,0,1,0,0,0,100.0,0.0,
160019904,99,04,EL SEIS,EL SEIS,EL SEIS,,,,,,,,pendiente_validacion,,FERIAS,1,1,0,1,0,1,0,0,100.0,0.0,
160019905,99,05,TUDELA,TUDELA,EL CARITO | TUDELA,,,,,,,,pendiente_validacion,,FONTIBÓN,2,2,0,0,2,0,0,0,100.0,0.0,
160019909,99,09,TACAMOCHO,TACAMOCHO,SAN RAFAEL | TACAMOCHO,,,,,,,,pendiente_validacion,,SUBA – RINCÓN,3,2,0,0,2,0,0,0,66.7,0.0,
160019910,99,10,LA PALMITA,LA PALMITA,LA PALMITA | PUEBLO NUEVO,,,,,,,,pendiente_validacion,,LA VICTORIA,2,1,0,0,1,0,0,0,50.0,0.0,
160019913,99,13,MONTOSO,MONTOSO,MONTOSO,,,,,,,,pendiente_validacion,,LA VICTORIA,1,1,0,5,0,1,0,0,100.0,0.0,
160019925,99,25,LA PEDREGOZA,LA PEDREGOZA,LA PEDREGOZA,,,,,,,,pendiente_validacion,,KENNEDY,1,0,0,0,0,0,0,0,0.0,0.0,
160019940,99,40,LA JULIA,LA JULIA,LA JULIA,,,,,,,,pendiente_validacion,,BOSA LA ESTACION,1,1,0,1,0,1,0,0,100.0,0.0,
160019941,99,41,AMAIME,AMAIME,AMAIME,,,,,,,,pendiente_validacion,,LA VICTORIA,1,1,0,0,1,0,0,0,100.0,0.0,
160019945,99,45,NUEVA ESPERANZA,NUEVA ESPERANZA,NUEVA ESPERANZA,,,,,,,,pendiente_validacion,,PATIO BONITO,2,1,0,0,1,0,0,0,50.0,0.0,
160019950,99,50,PUERTO ALVIRA,PUERTO ALVIRA,PUERTO ALVIRA | PUERTO DE GRAMALOTAL,,,,,,,,pendiente_validacion,,SUBA - LAS MERCEDES,2,2,0,5,1,1,0,0,100.0,0.0,
160019970,99,70,VILLANUEVA,VILLANUEVA,VILLANUEVA,,,,,,,,pendiente_validacion,,SUBA – RINCÓN,1,0,0,0,0,0,0,0,0.0,0.0,
160019990,99,90,SAN LUIS,SAN LUIS,SAN LUIS,,,,,,,,pendiente_validacion,,SUBA – EL PINAR,1,1,0,1,0,1,0,0,100.0,0.0,
1600199A2,99,A2,IE CENTRAL,IE CENTRAL,IE CENTRAL,,,,,,,,pendiente_validacion,,BOSA LA ESTACION,1,1,0,0,1,0,0,0,100.0,0.0,
